rank_2026_C,codigo_municipio_4d,department,municipality,rainfall_2026_may_aug_mm,historical_median_rainfall_mm_1981_2025,historical_sd_rainfall_mm_1981_2025,z_2026_common_1981_2025,H_2026,agricultural_workers_ine_2018,total_workers_ine_2018,agricultural_dependence_pct,mapped_agricultural_land_ha_maga_2025,ag_workers_per_100_mapped_agricultural_ha,d_dependency_percentile,p_density_percentile,E_structural_exposure,C_impact_2026,z_2015_common_1981_2025,H_2015,C_impact_2015
1,0409,Chimaltenango,Patzicía,419.6740858943718,872.3938064406719,161.5301684122741,-2.895050063610169,2.895050063610169,7235,12740,56.78963893249608,4311.8857047094925,167.79201712368786,85.88235294117646,94.41176470588236,90.1470588235294,260.98024838132847,-1.1966248734367029,1.1966248734367029,107.87221285539688
2,0410,Chimaltenango,Santa Cruz Balanyá,290.8025381654734,635.0795505775494,122.5060484514632,-2.8455828271955323,2.8455828271955323,2247,3989,56.32990724492354,1415.76650684822,158.71261179940416,83.82352941176471,94.11764705882352,88.97058823529412,253.1731780078378,-1.21987880466665,1.21987880466665,108.5333348269593
3,0911,Quetzaltenango,Concepción Chiquirichapa,911.4473851410232,1500.2137871461423,237.32764234552107,-2.5878069726041417,2.5878069726041417,3341,5279,63.28850161015344,1041.616386824333,320.7514822405972,90.29411764705884,99.11764705882354,94.7058823529412,245.08054269956875,-1.3618270336121083,1.3618270336121083,128.9730308303232
4,0407,Chimaltenango,Patzún,429.3250317428252,909.4169523442768,173.08210726476085,-2.817084277690548,2.817084277690548,10772,21864,49.26820343944384,7336.472331685787,146.82806004019633,71.47058823529412,92.64705882352942,82.05882352941177,231.16662161048907,-1.382673318691082,1.382673318691082,113.46054585729762
5,0916,Quetzaltenango,Zunil,798.5623496136836,1433.6391453463,260.0360140540043,-2.6516715919209166,2.6516715919209166,2866,5944,48.216689098250335,1444.282275341132,198.4376633939557,69.11764705882352,96.76470588235294,82.94117647058823,219.9327614475584,-1.5968610466041029,1.5968610466041029,132.4455338653991
6,0311,Sacatepéquez,Santa María De Jesús,352.24300882925337,712.9902328350416,135.44881171951408,-2.763470636283113,2.763470636283113,4049,8374,48.35204203486983,3355.459592761767,120.6690138285171,69.41176470588235,88.8235294117647,79.11764705882352,218.6392944588698,-1.0894454185132716,1.0894454185132716,86.1943581117853
7,0405,Chimaltenango,Santa Apolonia,315.98459542583936,657.1506472384403,134.54131993168744,-2.5697705428362725,2.5697705428362725,2929,5644,51.89581856839121,1900.659775922316,154.10438191541516,75.58823529411765,93.52941176470588,84.55882352941177,217.29677384277304,-1.357413047730138,1.357413047730138,114.78125035953374
8,1225,San Marcos,San Cristóbal Cucho,964.5046386551028,1479.7758217648434,229.6468442801039,-2.3889947219487944,2.3889947219487944,2311,4019,57.50186613585469,1506.666491183405,153.384973617143,87.05882352941177,93.23529411764706,90.14705882352942,215.3608477286193,-1.2010059187591662,1.2010059187591662,108.26715120578956
9,0304,Sacatepéquez,Sumpango,354.0711321346513,772.1999238111999,163.07981547651625,-2.683873204546065,2.683873204546065,6318,14512,43.53638368246968,3414.496215277479,185.03461716347425,60.882352941176464,95.58823529411764,78.23529411764706,209.9736095321333,-1.328310891624589,1.328310891624589,103.92079328592372
10,0912,Quetzaltenango,San Martín Sacatepéquez,1065.438487778987,1735.6607611973668,261.3859745369572,-2.665662102952942,2.665662102952942,4755,9588,49.593241551939926,4825.272752207301,98.54365222825685,71.76470588235294,82.05882352941177,76.91176470588235,205.0207764477042,-1.420755456208861,1.420755456208861,109.27280935253444
11,0414,Chimaltenango,Parramos,364.8497853642977,783.6544526426499,147.67331471128813,-2.936100989454637,2.936100989454637,2163,5528,39.12807525325615,1976.9081354711852,109.41327830007944,51.47058823529412,86.47058823529412,68.97058823529412,202.50461236091544,-1.1326548495714988,1.1326548495714988,78.11987124250484
12,0406,Chimaltenango,Tecpán Guatemala,333.64315559792163,690.4193169860496,140.01891200488507,-2.6486181859619804,2.6486181859619804,12849,29167,44.05321082044777,9988.47973513761,128.6381946073296,62.35294117647059,90.0,76.17647058823529,201.76238534239792,-1.4545057690689762,1.4545057690689762,110.79911593790142
13,0413,Chimaltenango,San Andrés Itzapa,402.530928093858,840.861270224303,156.30765321516728,-2.865687055770565,2.865687055770565,4359,11807,36.91877699669688,2930.344595099569,148.75383623105552,47.35294117647059,92.94117647058825,70.1470588235294,201.0195184709646,-1.152516426346217,1.152516426346217,80.84563755399199
14,0913,Quetzaltenango,Almolonga,407.858850495564,757.0609571522998,150.50365733191862,-2.449244146292061,2.449244146292061,2505,5608,44.66833095577746,619.194523213569,404.55784185545673,63.8235294117647,100.0,81.91176470588235,200.621910218335,-1.4027090448117046,1.4027090448117046,114.89837322942932
15,2006,Chiquimula,Olopa,410.7333417153176,933.3245927046038,194.42264519807955,-2.5905715810515964,2.5905715810515964,4950,6786,72.94429708222812,9291.95058888785,53.271914789556185,96.76470588235294,55.294117647058826,76.02941176470588,196.95963344171696,-2.2758154271639697,2.2758154271639697,173.02890821231946
16,0402,Chimaltenango,San José Poaquil,332.68570136958704,698.6423607963467,141.40927988794732,-2.6613980141822324,2.6613980141822324,4136,9483,43.61488980280502,3887.906814741945,106.38115050281938,61.1764705882353,85.58823529411764,73.38235294117646,195.2996483936668,-1.4081402945880126,1.4081402945880126,103.33264808814974
17,0708,Sololá,Concepción,392.1391731520407,789.1839897198935,169.24181993202586,-2.344225926325653,2.344225926325653,954,1990,47.93969849246231,409.379950923798,233.0353496421171,67.94117647058823,97.94117647058825,82.94117647058823,194.43285624230413,-1.4501502476298649,1.4501502476298649,120.27716759753584
18,0924,Quetzaltenango,Palestina De los Altos,549.4657997348565,860.8966021776089,134.98177777276476,-2.2775350743973,2.2775350743973,1988,3344,59.44976076555024,2154.30495961631,92.28034272149056,88.52941176470588,80.29411764705883,84.41176470588235,192.2507548094191,-1.2455216599661043,1.2455216599661043,105.1366812971388
19,0705,Sololá,Nahualá,640.7076467430601,1220.6641676999957,237.9665454153107,-2.6390169781669,2.6390169781669,8881,20155,44.0635078144381,8924.313065332264,99.51466219287488,62.64705882352941,82.35294117647058,72.5,191.32873091710027,-1.6207136257400674,1.6207136257400674,117.50173786615488
20,0415,Chimaltenango,Zaragoza,334.2033243454258,707.26346993879,141.0502285495799,-2.7449421763738817,2.7449421763738817,3299,8934,36.9263487799418,2395.4011988407296,137.72223215036266,47.647058823529406,91.47058823529412,69.55882352941177,190.9349484448303,-1.2522846812260782,1.2522846812260782,87.10744914999044
21,0909,Quetzaltenango,San Juan Ostuncalco,918.2159020940564,1455.257733737158,211.6562400828516,-2.5529404966335494,2.5529404966335494,6427,15356,41.85334722584006,4672.378504644693,137.55306839142168,57.05882352941176,91.17647058823528,74.11764705882352,189.21794269166304,-1.2857107979623996,1.2857107979623996,95.29385914309547
22,0404,Chimaltenango,Comalapa,302.67929816025975,627.0907321366636,127.81696212756934,-2.704137280905673,2.704137280905673,7405,21302,34.76199417895033,3829.399667833904,193.37234664222527,43.52941176470589,96.17647058823528,69.85294117647058,188.8919424162051,-1.334250835299739,1.334250835299739,93.2013451128494
23,0908,Quetzaltenango,San Miguel Sigüilá,579.7399730234918,987.9513087244998,161.14704633742463,-2.5241083199841583,2.5241083199841583,833,1940,42.93814432989691,742.8504977993757,112.13561846800718,60.0,87.05882352941177,73.52941176470588,185.5961999988352,-1.293798306099358,1.293798306099358,95.13222838965868
24,0706,Sololá,Santa Catarina Ixtahuacán,776.0946751605176,1491.988962867527,292.45920878019774,-2.6233459552096434,2.6233459552096434,6401,12370,51.746160064672594,9872.544796242491,64.8363733172042,75.29411764705883,66.17647058823529,70.73529411764706,185.5631477140939,-1.6034761454419744,1.6034761454419744,113.42235675846906
25,0411,Chimaltenango,Acatenango,874.7175901483682,1679.9850671707131,301.3902945300818,-2.707022697603166,2.707022697603166,3755,6678,56.22941000299491,7932.129546944315,47.33911590546998,83.52941176470588,49.11764705882353,66.32352941176471,179.53929950279823,-1.233154529800397,1.233154529800397,81.7871607264675
26,1318,Huehuetenango,San Mateo Ixtatán,1009.258407068891,1805.9433702605247,414.3271573552501,-1.9961612908060435,1.9961612908060435,8077,9484,85.1644875579924,9527.467004939315,84.77594302675253,99.70588235294116,78.23529411764706,88.97058823529412,177.5996442555377,-2.0645132260125547,2.0645132260125547,183.6809561378817
27,1416,Quiché,Sacapulas,370.9133035082243,656.4806664650977,149.54593899636225,-2.129676098939566,2.129676098939566,9543,17285,55.20971940989297,9346.558898163608,102.10174786225323,82.6470588235294,83.23529411764706,82.94117647058823,176.63784114734048,-1.8819668177901816,1.8819668177901816,156.09254194612683
28,2010,Chiquimula,San Jacinto,293.1822998145703,689.3793479870876,151.7217424488989,-2.784172261614961,2.784172261614961,1680,3458,48.58299595141701,3086.885501431735,54.42378731640016,70.0,56.47058823529412,63.23529411764706,176.05795183741665,-2.2995242792265005,2.2995242792265005,145.41109412755813
29,1221,San Marcos,La Reforma,1290.10091948133,2050.2570778965523,304.7642938629192,-2.521944302222974,2.521944302222974,2464,4346,56.69581224114128,4890.532086033921,50.38306582297127,85.29411764705883,52.94117647058824,69.11764705882354,174.31085618305852,-1.0780227414508188,1.0780227414508188,74.51039536498307
30,1404,Quiché,Zacualpa,460.46391302334433,830.209353634657,165.91413211915977,-2.4274335994239533,2.4274335994239533,4701,8981,52.343836989199424,7137.134646668299,65.86676912694206,76.47058823529412,67.05882352941175,71.76470588235293,174.20405831160133,-1.7416561482554649,1.7416561482554649,124.9894412277451
31,0712,Sololá,San Antonio Palopó,359.829905201581,770.5230056891555,151.7801546256108,-2.55249166561444,2.55249166561444,1511,3853,39.21619517259278,1515.472075875947,99.7049054253697,51.76470588235295,82.6470588235294,67.20588235294117,171.5424545861469,-1.4510182656101462,1.4510182656101462,97.51696285056424
32,1019,Suchitepéquez,Pueblo Nuevo,1045.6881989820274,1905.1211968347257,347.40839170400017,-2.705950738195812,2.705950738195812,1365,3832,35.62108559498956,1405.55938887814,97.11435964932704,45.0,81.76470588235294,63.38235294117647,171.50952472976397,-1.606152704149679,1.606152704149679,101.80173757183996
33,1406,Quiché,Chichicastenango,376.3216112375678,790.4601200282909,171.47348210335065,-2.474797160195444,2.474797160195444,16786,48257,34.78459083656257,9934.070968954058,168.97402940304713,43.8235294117647,94.70588235294116,69.26470588235294,171.41609741941974,-1.5459700656218898,1.5459700656218898,107.08116189822208
34,0715,Sololá,San Pablo La Laguna,657.1620407104492,1325.908506155014,265.1779670282575,-2.4820971626681945,2.4820971626681945,847,2529,33.491498616053775,359.48964717298,235.61179206711307,39.70588235294117,98.23529411764706,68.97058823529412,171.19170136637987,-1.5632377551714938,1.5632377551714938,107.8174275257986
35,1213,San Marcos,El Tumbador,1430.4197662150398,2298.952968401595,371.64538335788393,-2.4808710919152355,2.4808710919152355,7195,13161,54.669098092850085,13163.871558116569,54.65717261244252,81.17647058823529,56.76470588235294,68.97058823529412,171.1071385453302,-1.0114536963569942,1.0114536963569942,69.76055641050445
36,1504,Baja Verapaz,Cubulco,449.14581836412617,700.5587277539829,144.42014781052524,-2.060185978551808,2.060185978551808,9031,16206,55.7262742194249,10450.375862149622,86.41794437948896,82.94117647058825,78.52941176470588,80.73529411764707,166.32972091543274,-2.007426567390408,2.007426567390408,162.07017433784327
37,0310,Sacatepéquez,Magdalena Milpas Altas,299.9384107805216,619.0515892782608,123.36504196439412,-2.676986117048259,2.676986117048259,1132,4639,24.40181073507221,514.5319092055884,220.00579162286584,26.176470588235297,97.35294117647058,61.76470588235294,165.34326017062776,-1.0977234308621218,1.0977234308621218,67.80056484736635
38,0807,Totonicapán,Santa Lucía La Reforma,314.7880288786272,574.2064779855504,136.76948524516544,-1.9962662594887688,1.9962662594887688,2533,5469,46.31559700127994,1130.402522077403,224.0794717394089,65.88235294117646,97.6470588235294,81.76470588235293,163.224123569964,-1.621557548637253,1.621557548637253,132.5861760356342
39,0709,Sololá,San Andrés Semetabaj,357.4007553117545,737.6690082579007,150.72352112651757,-2.589404600832558,2.589404600832558,1730,4804,36.01165695253955,1993.202783379378,86.7949821476202,46.1764705882353,78.82352941176471,62.5,161.83778755203488,-1.535062123106982,1.535062123106982,95.9413826941864
40,1203,San Marcos,San Antonio Sacatepéquez,597.6593854273333,890.8579216882399,144.46166888061038,-2.115528983137663,2.115528983137663,2476,5174,47.85465790490916,2345.109555778036,105.5814212986113,67.64705882352942,84.70588235294117,76.1764705882353,161.15353136254555,-1.178788667168242,1.178788667168242,89.79596023428668
41,0306,Sacatepéquez,Santiago Sacatepéquez,361.76958743849474,755.7944422890781,162.81505442021967,-2.5417053030404606,2.5417053030404606,3829,13232,28.937424425634823,2143.6436321764777,178.62110765642288,31.47058823529412,95.2941176470588,63.382352941176464,161.09926258977035,-1.2860560053730332,1.2860560053730332,81.51325563467313
42,2105,Jalapa,San Carlos Alzatate,601.96179880853,970.4812457630992,190.00990963035903,-2.0511351069479047,2.0511351069479047,4164,5642,73.80361573909961,7338.86030619789,56.739055197485854,97.35294117647058,58.82352941176471,78.08823529411765,160.16952085137316,-1.7761454642753562,1.7761454642753562,138.69606493091385
43,2004,Chiquimula,Jocotán,336.128863164823,776.0845423546282,170.4545949105898,-2.5149052458863457,2.5149052458863457,6540,12441,52.56812153363877,13734.296954951616,47.61801802779674,77.3529411764706,50.0,63.6764705882353,160.14028992188054,-2.2013698599009954,2.2013698599009954,140.17546313781338
44,1412,Quiché,Joyabaj,380.4708322875286,749.7198841695089,147.26967914685483,-2.603391319982193,2.603391319982193,8822,16785,52.55883229073578,20267.23564270824,43.5283832266192,77.05882352941177,45.294117647058826,61.1764705882353,159.26629251655768,-1.6526769230022191,1.6526769230022191,101.10494117190046
45,0713,Sololá,San Lucas Tolimán,480.1958409735826,1003.3613775440534,195.54731318396853,-2.6486129567810224,2.6486129567810224,3836,10396,36.898807233551366,5153.3660655884905,74.43678464091307,47.05882352941176,72.35294117647058,59.70588235294117,158.1377735960434,-1.463399647171367,1.463399647171367,87.37356716934926
46,2102,Jalapa,San Pedro Pinula,347.863922815772,747.6731579734328,177.17944437925806,-2.331592906543262,2.331592906543262,11233,17698,63.47044863826421,25986.020032806933,43.22708897252645,90.58823529411764,45.0,67.79411764705883,158.06828381124174,-2.0793265984638416,2.0793265984638416,140.96611204291634
47,0315,Sacatepéquez,San Antonio Aguas Calientes,334.6225304007186,721.664221766302,145.22642163423063,-2.833356236144592,2.833356236144592,671,5435,12.34590616375345,186.031676529294,360.6912610360414,11.76470588235294,99.70588235294116,55.73529411764706,157.91794316158828,-1.0963942105137656,1.0963942105137656,61.10785379187017
48,0707,Sololá,Santa Clara La Laguna,733.434886324318,1452.6010731567717,287.3942095803723,-2.5462195673729164,2.5462195673729164,826,3248,25.43103448275862,441.568351691054,187.06050758318747,27.94117647058824,95.88235294117648,61.91176470588236,157.64094674470556,-1.5273839688246498,1.5273839688246498,94.56303689340848
49,1214,San Marcos,El Rodeo,1409.019605419996,2206.744510426737,310.6689740567264,-2.689356017700854,2.689356017700854,2369,5219,45.39183751676566,4765.6421263224,49.70998529065241,64.41176470588236,52.352941176470594,58.38235294117648,157.01093220988813,-1.135371176298409,1.135371176298409,66.28564073389241
50,0714,Sololá,Santa Cruz La Laguna,417.24388608295874,887.9995315656525,183.0186912563216,-2.5403685818733908,2.5403685818733908,563,1653,34.05928614640048,579.79513652952,97.10326364066268,41.47058823529412,81.47058823529412,61.47058823529412,156.15795106221725,-1.5344359392181564,1.5344359392181564,94.32267979311608
51,0314,Sacatepéquez,Alotenango,679.6412929912086,1263.3968676012828,225.18995712839185,-2.7211369405535075,2.7211369405535075,2960,8880,33.333333333333336,3780.930230255664,78.28761230010443,39.11764705882353,74.70588235294117,56.91176470588235,154.8647052932658,-1.0301364646990636,1.0301364646990636,58.62688409390259
52,1209,San Marcos,Tajumulco,1232.078219535883,1758.795428133515,297.0494111595041,-1.9070594399950185,1.9070594399950185,6306,8916,70.72678331090175,9607.963223148774,65.63305722077237,95.58823529411764,66.76470588235294,81.1764705882353,154.80835454077211,-0.9991994892761352,0.9991994892761352,81.11148795300393
53,1212,San Marcos,Nuevo Progreso,1382.245771613722,2175.9494155862394,337.1848153526557,-2.499983239044404,2.499983239044404,4536,8242,55.03518563455472,11041.145652120234,41.082693254109465,82.35294117647058,41.47058823529412,61.91176470588235,154.77837406436677,-0.9444065587696476,0.9444065587696476,58.46987665323847
54,1605,Alta Verapaz,Tamahú,730.6405039073428,1222.274638032737,250.7826709464337,-1.996395108736016,1.996395108736016,3313,6511,50.88312087236984,3448.54207104135,96.06958337033072,73.82352941176471,81.17647058823529,77.5,154.72062092704124,-2.066116705752356,2.066116705752356,160.1240446958076
55,2213,Jutiapa,Conguaco,655.1005215924154,1038.683223773962,196.5643055042153,-2.0460761747008926,2.0460761747008926,4680,6324,74.00379506641366,9157.1583568792,51.10755779913109,97.6470588235294,53.23529411764706,75.44117647058823,154.35839376787615,-2.244865778646125,2.244865778646125,169.35531535962676
56,2103,Jalapa,San Luis Jilotepeque,268.74454656867204,592.8512629405656,133.3674210549345,-2.5519955711498303,2.5519955711498303,4393,9113,48.2058597607813,8855.842639990307,49.60566914505166,68.82352941176471,52.05882352941177,60.44117647058824,154.24561466802652,-2.1976310611538947,2.1976310611538947,132.82740678444864
57,1505,Baja Verapaz,Granados,350.23041846305864,618.9640753648927,142.413719090397,-2.2561506158419444,2.2561506158419444,1995,4498,44.353045798132506,2890.747816535382,69.01328398791448,63.52941176470588,69.70588235294117,66.61764705882352,150.299445437706,-1.8233025916712453,1.8233025916712453,121.46412853339324
58,1411,Quiché,San Juan Cotzal,802.1573698093695,1285.2905586374538,273.4693459206109,-1.8850420968328083,1.8850420968328083,4549,7808,58.26075819672131,6295.144932206499,72.2620376335885,87.3529411764706,71.76470588235294,79.55882352941177,149.97173152743372,-2.023735325108274,2.023735325108274,161.0060016005259
59,2211,Jutiapa,Comapa,604.752113017416,943.7553912792692,172.44817186352384,-2.1277942374954457,2.1277942374954457,5075,9548,53.1524926686217,8554.606668910044,59.3247614579878,78.82352941176471,62.05882352941177,70.44117647058823,149.88432937651743,-2.402394349114631,2.402394349114631,169.22748429792767
60,1327,Huehuetenango,Aguacatán,482.8976924802376,795.77189438461,171.28723259384532,-1.8705060400142508,1.8705060400142508,8030,15085,53.23168710639708,8508.157220754527,94.38001428102284,79.11764705882352,80.58823529411765,79.85294117647058,149.3654087834909,-1.6543689304178535,1.6543689304178535,132.10622488483742
61,0401,Chimaltenango,Chimaltenango,340.28009547309296,721.4545933597799,154.63552760171504,-2.646433505557511,2.646433505557511,5025,39003,12.883624336589492,1485.657806104169,338.2340118534446,12.647058823529411,99.41176470588236,56.02941176470588,148.2781125907958,-1.2957450271836166,1.2957450271836166,72.59983167014086
62,1102,Retalhuleu,San Sebastián,973.6947762849323,1776.757258399989,291.58789772176715,-2.734910529442101,2.734910529442101,1641,10730,15.293569431500464,1182.3852510559689,138.7872521696672,15.88235294117647,91.76470588235294,53.8235294117647,147.2025373199719,-1.3503448527672124,1.3503448527672124,72.68032589894113
63,2107,Jalapa,Mataquescuintla,525.6260295300139,916.5981113086436,181.87031910664007,-2.2123235877109164,2.2123235877109164,8105,14340,56.52022315202232,17526.315392886183,46.2447457911762,85.0,47.94117647058824,66.47058823529412,147.05445024196092,-1.5909388931188249,1.5909388931188249,105.750644072016
64,1015,Suchitepéquez,Santa Bárbara,795.5759598597785,1586.228800197074,328.517677969249,-2.5519711624117947,2.5519711624117947,4183,7423,56.35187929408595,13363.935010020396,31.300661046791603,84.11764705882354,30.58823529411765,57.352941176470594,146.36305196185293,-1.5066135339675646,1.5066135339675646,86.40871738931621
65,0701,Sololá,Sololá,385.1389290759969,808.9586855901113,172.49984365865305,-2.382474224122782,2.382474224122782,8912,32078,27.782280690816137,6175.435583091668,144.3137067837132,30.294117647058822,92.3529411764706,61.32352941176471,146.10172815576473,-1.510177289991112,1.510177289991112,92.60940145974908
66,0711,Sololá,Santa Catarina Palopó,353.8461151123047,750.4502807696343,152.48686043079613,-2.635373517474724,2.635373517474724,200,1267,15.785319652722968,128.08205562668002,156.14989861104257,16.176470588235293,93.82352941176472,55.0,144.94554346110982,-1.5454516497077948,1.5454516497077948,84.99984073392872
67,1009,Suchitepéquez,San Pablo Jocopilas,883.2202658122195,1770.78620505947,337.1960968303216,-2.7569490389802707,2.7569490389802707,1919,6994,27.43780383185588,2406.13632272957,79.75441714886077,29.411764705882355,75.58823529411765,52.5,144.7398245464642,-1.6312080342739343,1.6312080342739343,85.63842179938155
68,2104,Jalapa,San Manuel Chaparrón,340.7425101132955,663.629270847391,141.22811189948516,-2.4447896770282,2.4447896770282,1587,2776,57.168587896253605,4873.223823600799,32.56571127134018,86.1764705882353,32.05882352941177,59.117647058823536,144.5302132596083,-2.2777697734913143,2.2777697734913143,134.65638955051594
69,1313,Huehuetenango,San Miguel Acatán,894.3435115136283,1398.6782284776134,336.31842243189243,-1.6760448801471617,1.6760448801471617,3087,4459,69.23076923076923,3822.7093393690698,80.75424328519581,95.2941176470588,76.17647058823529,85.73529411764704,143.6962007537934,-1.7054624828570444,1.7054624828570444,146.21832757436127
70,0309,Sacatepéquez,Santa Lucía Milpas Altas,324.51074494216965,663.2885101217321,132.8006168235905,-2.5991485838853987,2.5991485838853987,854,7000,12.2,310.431352603478,275.10107881752407,10.882352941176473,98.52941176470588,54.70588235294117,142.18871664784828,-1.224407213449113,1.224407213449113,66.98227697103971
71,2003,Chiquimula,San Juan Ermita,331.2889650747935,805.1012347270615,185.25282409997573,-2.5176782668141686,2.5176782668141686,2081,4369,47.63103685053788,4751.949753395974,43.79255059489668,67.3529411764706,45.588235294117645,56.47058823529412,142.17477271421188,-2.215832186277376,2.215832186277376,125.12934698978124
72,1220,San Marcos,El Quetzal,1270.1853182900556,1958.6139990011093,285.08255908545624,-2.516188803803023,2.516188803803023,3059,6127,49.92655459441815,7744.801938007059,39.49745938612293,72.6470588235294,40.0,56.3235294117647,141.7206340965526,-1.0594185874853776,1.0594185874853776,59.670193971602885
73,2009,Chiquimula,Quezaltepeque,390.3551281946055,871.4014274843901,180.2694197080044,-2.7502351931501186,2.7502351931501186,3943,9032,43.655890168290526,9664.465111033229,40.79894701568697,61.76470588235294,40.88235294117647,51.32352941176471,141.1517768249105,-2.388302694588963,2.388302694588963,122.57612358993356
74,0717,Sololá,San Juan La Laguna,853.0428054654196,1715.548639635029,334.7343296776085,-2.59527503365121,2.59527503365121,1517,5036,30.123113582208106,1912.553608036304,79.31803812587324,32.64705882352941,75.29411764705883,53.97058823529412,140.06852019852852,-1.551007466859648,1.551007466859648,83.70878534374864
75,0112,Guatemala,Chuarrancho,328.8127032259811,606.4816104080229,139.41749551678137,-2.177310729911263,2.177310729911263,1670,3776,44.22669491525424,2639.410558580046,63.27170263721416,63.23529411764706,65.29411764705883,64.26470588235294,139.9242336722385,-1.771380634047377,1.771380634047377,113.83725545275055
76,0719,Sololá,Santiago Atitlán,625.5078940874005,1200.3942866000275,236.3577700964272,-2.460578925849372,2.460578925849372,4891,19898,24.580359835159317,4633.03183668884,105.56802051883862,27.058823529411764,84.41176470588235,55.73529411764706,137.14109013189884,-1.4972175106987629,1.4972175106987629,83.44785831688692
77,1314,Huehuetenango,San Rafael La Independencia,833.6305610506137,1320.2827355018394,306.50863227097386,-1.7328401140696486,1.7328401140696486,1610,2744,58.67346938775511,2303.678220169778,69.88823290960077,87.6470588235294,70.58823529411765,79.11764705882354,137.09823255433398,-1.7126963816730216,1.7126963816730216,135.50450784413025
78,1909,Zacapa,La Unión,469.967604295715,906.120105925046,199.82655088988824,-2.1120892489878003,2.1120892489878003,5124,7689,66.6406554818572,13970.066437024374,36.67842256225814,92.64705882352942,36.76470588235294,64.70588235294119,136.66459846391652,-2.156791894508818,2.156791894508818,139.5571225858647
79,2206,Jutiapa,Yupiltepeque,606.7802622394812,963.375774089634,194.5655198343248,-1.892077096107379,1.892077096107379,2855,5728,49.84287709497207,3897.195117729519,73.25781526851816,72.35294117647058,72.05882352941177,72.20588235294117,136.61909620422398,-2.265876276319815,2.265876276319815,163.609595834269
80,0403,Chimaltenango,San Martín Jilotepeque,346.17276368886377,701.604440828034,151.6626684184607,-2.5928504818714773,2.5928504818714773,7368,16665,44.212421242124215,17795.676384169048,41.4033152825511,62.94117647058823,42.05882352941177,52.5,136.12465029825256,-1.473160862588577,1.473160862588577,77.34094528590029
81,1414,Quiché,San Andrés Sajcabajá,630.538713507427,1095.3118548792909,225.881473331266,-2.1702969283011853,2.1702969283011853,2329,4311,54.02458826258409,5401.951423918092,43.11404929870236,80.58823529411765,44.41176470588235,62.5,135.64355801882408,-1.972510797934672,1.972510797934672,123.281924870917
82,0313,Sacatepéquez,San Miguel Dueñas,470.9237521344822,975.8424810070668,178.0989055862011,-2.944301940149744,2.944301940149744,1443,5305,27.200754005655043,2355.819610118512,61.25256763302893,29.117647058823533,62.64705882352941,45.88235294117647,135.0915007833412,-1.1450521903344968,1.1450521903344968,52.53768873299456
83,1006,Suchitepéquez,Santo Domingo Suchitepéquez,685.509283283536,1382.1010709062248,273.22131149226936,-2.441568775928692,2.441568775928692,6094,11135,54.72833408172429,20120.84718412576,30.28699509634878,81.47058823529412,29.117647058823533,55.294117647058826,135.00439113958652,-1.7152377621848158,1.7152377621848158,94.84255861492512
84,0117,Guatemala,Petapa,396.8738649209823,822.7335824704712,155.46342950729655,-2.751195958218086,2.751195958218086,600,60017,0.9997167469217056,280.32494439083,214.0373206187024,0.8823529411764706,97.05882352941175,48.97058823529412,134.7276844245033,-1.2564564383674306,1.2564564383674306,61.529410878875645
85,1011,Suchitepéquez,San Miguel Panán,833.6988562447452,1709.662706598485,340.7127948350453,-2.6766143124284176,2.6766143124284176,1059,2602,40.69946195234435,2381.6086992067303,44.465742854933865,54.11764705882353,46.47058823529412,50.294117647058826,134.6179551250763,-1.601140501026708,1.601140501026708,80.52794872810796
86,1410,Quiché,Cunén,681.0287710464396,1095.5869249769385,240.8065744162574,-1.9265674122801195,1.9265674122801195,4948,9782,50.58270292373748,7583.473209870933,65.24714814788952,73.23529411764706,66.47058823529412,69.85294117647058,134.57640012250835,-2.0126254627076827,2.0126254627076827,140.58780805678666
87,1405,Quiché,Chajul,1249.578122076386,1894.614285161355,379.6405405242444,-1.8366843652220524,1.8366843652220524,8516,11711,72.71795747587738,18078.072412203917,47.1067921724394,96.47058823529412,48.8235294117647,72.6470588235294,133.42971712054322,-2.090294334633678,2.090294334633678,151.8537354866231
88,1219,San Marcos,San Pablo,1360.0633764433578,2034.689345303296,313.2209882862844,-2.277163441629169,2.277163441629169,5398,13403,40.27456539580691,9054.27304466221,59.61825950435963,53.23529411764706,62.35294117647059,57.794117647058826,131.60665184709757,-1.1071256583339986,1.1071256583339986,63.98535054783257
89,0907,Quetzaltenango,Cajolá,417.4783517626513,718.8823765562258,122.25432925685584,-2.3816793614705083,2.3816793614705083,746,2712,27.50737463126844,819.0150521725983,91.0850170605642,29.705882352941178,79.70588235294119,54.70588235294118,130.2918709510337,-1.2442858291209786,1.2442858291209786,68.06975418132413
90,2106,Jalapa,Monjas,382.1338749096285,718.7585920493976,144.22761123679678,-2.327468184643316,2.327468184643316,4048,9494,42.63745523488519,8092.997569948897,50.01854955487848,58.82352941176471,52.64705882352941,55.73529411764706,129.72212382056128,-2.074688951112704,2.074688951112704,115.63339889289922
91,2204,Jutiapa,Agua Blanca,338.29990514669373,640.0430112624771,124.23271475481177,-2.477724840181046,2.477724840181046,2984,5257,56.76241202206582,13701.16582893128,21.779168555853897,85.58823529411764,19.11764705882353,52.35294117647058,129.71618280947823,-2.632748383281748,2.632748383281748,137.83212124239736
92,2005,Chiquimula,Camotán,398.0213956351036,851.8307177571073,188.23661778860887,-2.381673120970613,2.381673120970613,4515,8666,52.10016155088853,13685.662006507731,32.9907314520339,76.17647058823529,32.64705882352941,54.41176470588235,129.59103746457745,-2.1924516794426445,2.1924516794426445,119.29516491084976
93,0905,Quetzaltenango,Sibilia,414.2546032895919,640.649559070452,118.29922017181416,-1.941886168664657,1.941886168664657,1177,2193,53.67077063383493,2292.0397556814587,51.35163982572631,79.70588235294119,53.52941176470589,66.61764705882354,129.3638874125132,-1.053969197236231,1.053969197236231,70.21294799235481
94,0607,Santa Rosa,San Juan Tecuaco,857.0470050003529,1291.9259401042132,262.39251357275003,-1.7709430313392256,1.7709430313392256,1633,3115,52.42375601926164,2373.3975371282318,68.80431846979587,76.76470588235294,69.11764705882352,72.94117647058823,129.17466816827292,-1.7819200585902637,1.7819200585902637,129.97534545011334
95,2217,Jutiapa,Quesada,458.19186356228033,802.1901860503258,151.46639654813117,-2.3235515891275766,2.3235515891275766,3090,7455,41.4486921529175,5939.115908054601,52.02794570500563,56.47058823529412,54.70588235294118,55.58823529411765,129.1621324544447,-1.9595291592526547,1.9595291592526547,108.9267679702211
96,0614,Santa Rosa,Nueva Santa Rosa,565.5499129832474,948.0212431179954,176.83722384095813,-2.32978060384788,2.32978060384788,5349,12205,43.82630069643589,11396.195335239398,46.936717410062144,62.05882352941177,48.52941176470589,55.294117647058826,128.82316280100042,-1.3492803365259836,1.3492803365259836,74.60726566673085
97,0110,Guatemala,San Juan Sacatepéquez,371.4920581773558,745.6620746551938,168.60131643179946,-2.4424558716627573,2.4424558716627573,11822,82187,14.384270018372735,8787.18664874935,134.53680310389885,14.411764705882351,90.88235294117646,52.647058823529406,128.58811794930398,-1.4352991865651803,1.4352991865651803,75.56428070446096
98,1311,Huehuetenango,La Libertad,505.84247107124384,708.4137133094456,144.48751157881995,-1.395510084674503,1.395510084674503,7265,9608,75.61407160699417,6840.27952649526,106.20910990347134,98.52941176470588,85.29411764705883,91.91176470588236,128.26379454728888,-1.4402197589328136,1.4402197589328136,132.37313960779537
99,2011,Chiquimula,Ipala,278.59664216635264,596.931126880725,129.79034965885648,-2.6135645844559083,2.6135645844559083,3740,7662,48.81232054293918,13087.508471158664,28.57686784495269,70.58823529411765,27.35294117647059,48.97058823529412,127.98779509173788,-2.3379883755829165,2.3379883755829165,114.49266603957518
100,0704,Sololá,Santa Lucía Utatlán,451.91902636515664,931.7621563845472,198.13819272096447,-2.4991849318281774,2.4991849318281774,1556,6708,23.19618366129994,1900.8018496779496,81.86018970171094,24.705882352941178,76.76470588235294,50.73529411764706,126.7968825706943,-1.5361270748558828,1.5361270748558828,77.93585894489405
101,0316,Sacatepéquez,Santa Catarina Barahona,371.81721892210624,794.301049887457,150.8322437110738,-2.928979066791114,2.928979066791114,383,2104,18.20342205323194,575.52876133831,66.54749957402444,18.823529411764707,67.64705882352942,43.235294117647065,126.63527141714523,-1.1032059723110184,1.1032059723110184,47.69743468521168
102,2216,Jutiapa,San José Acatempa,519.995589725986,893.5954903387268,166.73541926756351,-2.367170369816286,2.367170369816286,2057,3899,52.75711720954091,6862.360609838466,29.97510793954648,78.52941176470588,28.235294117647054,53.38235294117647,126.3651241534282,-1.7763911599123936,1.7763911599123936,94.82793986002925
103,1402,Quiché,Chiché,434.2572446014485,856.4063459989309,175.3471138480973,-2.4701376369518413,2.4701376369518413,2803,8677,32.303791633052896,4502.722919185152,62.251221101280926,37.05882352941177,64.41176470588236,50.735294117647065,125.32315952182138,-1.609409366115824,1.609409366115824,81.65385754558226
104,1507,Baja Verapaz,San Jerónimo,375.97737096282543,608.9451235170055,163.3270425691117,-1.6941437988776376,1.6941437988776376,4590,9421,48.720942575098185,5498.9684156332605,83.47020119175237,70.29411764705881,77.64705882352942,73.97058823529412,125.31681335815466,-2.003490160227646,2.003490160227646,148.19934567566264
105,1010,Suchitepéquez,San Antonio Suchitepéquez,813.7543084257245,1683.0530666773298,332.41965185148695,-2.6998517823924337,2.6998517823924337,4206,17571,23.93716919924876,6323.462906977731,66.51418790420702,25.294117647058822,67.3529411764706,46.32352941176471,125.06666344906128,-1.608451418312281,1.608451418312281,74.5091465835836
106,1004,Suchitepéquez,San Bernardino,843.3869861762824,1720.797067334112,319.5531279483426,-2.7554386932482045,2.7554386932482045,907,4846,18.716467189434585,1289.02331635989,70.36335095638947,19.411764705882355,71.17647058823529,45.294117647058826,124.8051643412422,-1.674023745467204,1.674023745467204,75.82342847116159
107,0804,Totonicapán,San Andrés Xecul,285.28256516057064,536.5360010235424,110.96966396468513,-2.378315934120787,2.378315934120787,1213,8576,14.14412313432836,925.361032558543,131.08397234387104,14.117647058823527,90.58823529411764,52.352941176470594,124.51183419808828,-1.3644922421673973,1.3644922421673973,71.43518208994021
108,1401,Quiché,Santa Cruz Del Quiché,412.5555000418893,798.0323237745503,174.8936226672269,-2.330650536566427,2.330650536566427,4816,25132,19.162820308769696,4348.991561401697,110.73831558430948,19.705882352941178,86.76470588235294,53.23529411764706,124.07286679956567,-1.664015379571652,1.664015379571652,88.584348147785
109,0111,Guatemala,San Raymundo,359.34374324947936,723.6792206921256,166.0762972765092,-2.386900255695041,2.386900255695041,3192,11551,27.633971084754567,4128.460065274733,77.3169644257558,30.0,73.82352941176471,51.91176470588236,123.9082044500514,-1.530152252900561,1.530152252900561,79.4329037167497
110,1305,Huehuetenango,Nentón,585.2494956294503,1078.327817921569,271.0000385792641,-1.8785267100753704,1.8785267100753704,8231,11937,68.9536734522912,22238.221054068657,37.01285269171328,94.70588235294116,37.05882352941177,65.88235294117646,123.76175972261262,-1.8990810952427504,1.8990810952427504,125.11593098069883
111,0108,Guatemala,Mixco,363.275977793733,759.2252311680379,168.7531626939166,-2.4825339868023404,2.4825339868023404,1279,217942,0.5868533830101587,451.3109007818069,283.39665578305005,0.2941176470588235,98.82352941176472,49.55882352941177,123.03146375770424,-1.33750850229919,1.33750850229919,66.28534783453338
112,2002,Chiquimula,San José La Arada,255.6553693785634,604.8386603484951,139.19787226693143,-2.6047201267780014,2.6047201267780014,1252,2733,45.81046469081596,4085.430903986375,30.645482188386936,64.70588235294117,29.705882352941178,47.20588235294117,122.95811186702036,-2.085313744897812,2.085313744897812,98.4390753106173
113,0604,Santa Rosa,Casillas,509.4305714523187,841.2382610618952,162.46157554480118,-2.2799320379574377,2.2799320379574377,4037,7337,55.02248875562219,14489.029254577885,27.862460134963765,82.05882352941177,25.588235294117645,53.82352941176471,122.7139891018268,-1.5284670581883557,1.5284670581883557,82.26749166131445
114,0312,Sacatepéquez,Ciudad Vieja,374.00699353724,775.3026761468965,147.458611349329,-2.84725488527063,2.84725488527063,1932,14312,13.49916154276132,2578.203168197389,74.93590977745959,13.23529411764706,72.6470588235294,42.94117647058823,122.26447448515056,-1.0134801630986012,1.0134801630986012,43.52003053305758
115,0918,Quetzaltenango,San Francisco La Unión,331.6490290886666,600.1747751467616,117.30717318727554,-2.4418395843926644,2.4418395843926644,592,1868,31.69164882226981,935.862991980598,63.25712257807424,35.0,65.0,50.0,122.09197921963322,-1.375889739106284,1.375889739106284,68.7944869553142
116,0101,Guatemala,Guatemala,375.6612106864924,786.9067319808634,168.58441163415105,-2.5522773619399994,2.5522773619399994,3677,433053,0.8490877560021521,2151.445350765659,170.9083616133417,0.5882352941176471,95.0,47.794117647058826,121.98384450448528,-1.4579781279334738,1.4579781279334738,69.68277817329103
117,1227,San Marcos,Esquipulas Palo Gordo,831.1233774528532,1277.321833848197,231.357394783401,-2.071282997363384,2.071282997363384,1084,3631,29.854034701184247,1005.5610528864454,107.80051563138775,31.76470588235294,85.88235294117646,58.8235294117647,121.84017631549315,-1.0009208245139851,1.0009208245139851,58.87769555964618
118,0115,Guatemala,Villa Nueva,353.2683504143919,741.4737685440093,147.86884669335356,-2.677911775115873,2.677911775115873,2528,185915,1.3597611811849502,2043.823051550765,123.68976845044692,1.1764705882352942,89.41176470588236,45.294117647058826,121.2936509905425,-1.2286841007792415,1.2286841007792415,55.65216221176565
119,2101,Jalapa,Jalapa,428.9001533796928,800.209136503004,167.26644580337955,-2.179386515116892,2.179386515116892,22021,53916,40.84316343942429,40509.92203240625,54.35952205087958,55.00000000000001,56.1764705882353,55.58823529411765,121.14825039914489,-2.022164968380613,2.022164968380613,112.4085820658635
120,0923,Quetzaltenango,La Esperanza,819.9844665527344,1419.0538911819458,235.60654688793105,-2.6190756094416923,2.6190756094416923,439,8640,5.081018518518518,373.319669055607,117.59358972714875,3.823529411764706,88.52941176470588,46.1764705882353,120.93966784774874,-1.3800986185686286,1.3800986185686286,63.72808326919844
121,1607,Alta Verapaz,Panzós,1017.629908751948,1540.9514638652129,279.67610295255383,-1.8423428575139464,1.8423428575139464,12708,17923,70.90330859789098,36821.43719606492,34.51250404033142,95.88235294117648,35.294117647058826,65.58823529411765,120.83601683106178,-1.9545565798816773,1.9545565798816773,128.19591685694533
122,1302,Huehuetenango,Chiantla,577.6779316472057,880.4986602691507,188.9937336714716,-1.6593059756901696,1.6593059756901696,13519,24662,54.8171275646744,21892.67473970125,61.75124858308875,81.76470588235294,63.8235294117647,72.79411764705883,120.78771440685792,-1.511219870047688,1.511219870047688,110.00791701082434
123,1218,San Marcos,Ocós,405.14700020458105,708.0005410470995,173.500497010978,-1.832871066724924,1.832871066724924,1966,3488,56.36467889908257,4361.85193574861,45.072598266969415,84.41176470588235,46.76470588235294,65.58823529411765,120.21477878813472,-0.6994024608644964,0.6994024608644964,45.87257316846551
124,1332,Huehuetenango,Unión Cantinil,982.477875230915,1335.9000258105727,281.7679836932132,-1.396531256814867,1.396531256814867,3148,4284,73.48272642390289,4003.1161161892232,78.63873813874645,97.05882352941175,75.0,86.02941176470588,120.1427625348084,-1.2815160945504132,1.2815160945504132,110.24807578117525
125,0901,Quetzaltenango,Quetzaltenango,634.9287363098599,1140.3297714795287,188.44248271678435,-2.7084438223539173,2.7084438223539173,3871,78325,4.942227896584743,3660.999605447438,105.7361490626792,3.5294117647058822,85.0,44.26470588235294,119.88846919537193,-1.5566247629894014,1.5566247629894014,68.90353730291321
126,1202,San Marcos,San Pedro Sacatepéquez,636.0630037093622,942.0773269768388,156.03531522301358,-2.046940015884077,2.046940015884077,5607,28182,19.895678092399404,2848.917691668313,196.81158274237703,20.588235294117645,96.47058823529412,58.52941176470589,119.80619504733274,-1.1018098929405962,1.1018098929405962,64.48828491034666
127,0513,Escuintla,Nueva Concepción,509.1179558438018,1097.7618868056363,217.2521432221644,-2.7507862475631115,2.7507862475631115,10978,23465,46.78457276795227,48239.58438003959,22.757244161793484,66.47058823529412,20.0,43.23529411764706,118.93105246816982,-1.901763041100944,1.901763041100944,82.22328442407023
128,1317,Huehuetenango,Santa Eulalia,1140.1615614096895,1951.4402182122312,411.3092192061813,-1.988998567611201,1.988998567611201,5002,9487,52.72478127964583,12223.09128717365,40.92254473505298,78.23529411764706,41.17647058823529,59.70588235294117,118.75491447796288,-1.986269626601964,1.986269626601964,118.59198064711724
129,1506,Baja Verapaz,El Chol,327.50759872556483,537.1164965015267,124.70022709498384,-1.9707488165409457,1.9707488165409457,1352,3144,43.00254452926209,2333.0064327765144,57.95097608843636,60.29411764705882,60.0,60.147058823529406,118.53474499488922,-1.8517537184454569,1.8517537184454569,111.3775398300282
130,1223,San Marcos,Ixchiguán,821.0960587106335,1047.8691016589366,179.00384059355378,-1.3872855057482167,1.3872855057482167,3687,4758,77.49054224464061,5192.810072739863,71.00201910628789,98.82352941176472,71.47058823529412,85.14705882352942,118.12328056297318,-0.7261509785501462,0.7261509785501462,61.82962008537275
131,0412,Chimaltenango,Yepocapa,1170.2336206344792,2055.159789134792,395.8743354680076,-2.3873257775447,2.3873257775447,4557,10704,42.57286995515695,11469.146609590854,39.73268591918858,58.52941176470589,40.294117647058826,49.41176470588236,117.96197959632636,-1.2127726757195192,1.2127726757195192,59.92523809437625
132,1307,Huehuetenango,Jacaltenango,787.7311322714573,1229.368991818462,306.47732505888433,-1.5964763890304947,1.5964763890304947,5522,12649,43.65562495058898,5081.616904031903,108.66620023281732,61.47058823529412,86.1764705882353,73.82352941176471,117.85752166078063,-1.5740996185318807,1.5740996185318807,116.20558948573591
133,1326,Huehuetenango,Barillas,1478.5863678428373,2423.976381442973,509.1835103606533,-1.729784532194138,1.729784532194138,17458,25764,67.76121720229779,42180.11591264392,41.389170281456686,94.11764705882352,41.76470588235294,67.94117647058823,117.52359615789584,-2.0768324970168845,2.0768324970168845,141.10244317967656
134,0105,Guatemala,Palencia,412.8493051921758,805.332007234453,175.5907257759969,-2.2820297078290928,2.2820297078290928,8531,25562,33.37375792191534,13916.566020496772,61.30104213521688,39.41176470588236,63.23529411764706,51.32352941176471,117.12181882828727,-1.6783043340462926,1.6783043340462926,86.13650185031709
135,0610,Santa Rosa,Santa María Ixhuatán,782.8986144883045,1219.659240716163,239.9426739466533,-1.9783052475618668,1.9783052475618668,4326,7917,54.6419098143236,11596.77862127087,37.30346280875992,80.88235294117648,37.35294117647059,59.117647058823536,116.95275139998095,-1.7136683838461486,1.7136683838461486,101.30804269208114
136,1013,Suchitepéquez,Chicacao,1000.7289471399248,2002.2857870328696,398.84357474031793,-2.656718099295748,2.656718099295748,6510,17303,37.62353349130208,16901.98331421721,38.51618995815759,48.8235294117647,39.11764705882353,43.97058823529412,116.81745760138656,-1.6076609034840346,1.6076609034840346,70.6897956090774
137,2203,Jutiapa,Santa Catarina Mita,406.6467496072989,700.2891670887329,138.85851879017798,-2.259456036286596,2.259456036286596,4009,10127,39.587242026266416,8408.311556160255,47.67901347640777,52.352941176470594,50.294117647058826,51.32352941176471,115.96325833294442,-2.355529670244594,2.355529670244594,120.89409631108283
138,1910,Zacapa,Huité,282.3197492107083,632.2933457663404,159.9139864194263,-2.2314044210033224,2.2314044210033224,1415,3354,42.188431723315446,3184.67357426062,44.43155529145614,57.647058823529406,46.1764705882353,51.91176470588235,115.83614126679012,-1.957866991160495,1.957866991160495,101.63633057053744
139,1308,Huehuetenango,Soloma,774.9976527043624,1281.1878340469189,287.392388764776,-1.774882936803129,1.774882936803129,3434,9972,34.436421981548335,2955.353997791176,116.19589404743266,42.05882352941177,88.23529411764706,65.14705882352942,115.62840308879208,-1.7653996214426642,1.7653996214426642,115.0105929851618
140,0710,Sololá,Panajachel,378.581897261304,801.640375343677,165.17576083893948,-2.562656950046415,2.562656950046415,122,6835,1.7849305047549378,105.536081593752,115.60027448207126,2.0588235294117645,87.6470588235294,44.85294117647059,114.94270143590538,-1.5108526488345144,1.5108526488345144,67.76618498448924
141,1320,Huehuetenango,San Sebastián Huehuetenango,504.8521900401821,663.5026846705522,135.5268127430976,-1.287154170596737,1.287154170596737,5044,8562,58.91146928287783,4105.432540027064,122.86159742784982,88.23529411764706,89.11764705882354,88.6764705882353,114.14028895144595,-1.245933755771295,1.245933755771295,110.4850080485428
142,0205,El Progreso,El Jícaro,395.989208843476,796.281638856121,201.77447027937453,-2.160325300863998,2.160325300863998,1519,4312,35.22727272727273,2591.126694138648,58.623146580833314,44.11764705882353,60.882352941176464,52.5,113.4170782953599,-1.9368572693933936,1.9368572693933936,101.68500664315316
143,0307,Sacatepéquez,San Bartolomé Milpas Altas,341.8040888034924,706.1708279959857,146.39322856487334,-2.580737942538796,2.580737942538796,288,3463,8.31648859370488,313.988949979136,91.7229730597644,7.647058823529412,80.0,43.8235294117647,113.09704512890605,-1.266179139182951,1.266179139182951,55.48843874654697
144,1333,Huehuetenango,Petatán,1171.7687874900016,1615.0195165370867,358.28256173783313,-1.3725257863188598,1.3725257863188598,1227,1916,64.03966597077245,1597.64648031743,76.80046963557372,91.17647058823528,73.52941176470588,82.35294117647058,113.03153534390609,-1.2472466827623034,1.2472466827623034,102.71443269807205
145,1610,Alta Verapaz,San Juan Chamelco,705.4490949847712,1150.3812002956436,229.5663068876404,-1.99152573578892,1.99152573578892,6987,20251,34.501999901239444,9955.164942107163,70.18467338946061,42.35294117647059,70.88235294117648,56.617647058823536,112.75550121746092,-2.113331004653032,2.113331004653032,119.65182893991432
146,0308,Sacatepéquez,San Lucas Sacatepéquez,340.5414462558425,711.9619447065028,148.85370529187512,-2.589352775001323,2.589352775001323,396,10569,3.746806698836219,381.6428056128928,103.76194550924404,3.2352941176470598,83.82352941176471,43.52941176470589,112.7130031471164,-1.2984035656306097,1.2984035656306097,56.51874344509713
147,1306,Huehuetenango,San Pedro Necta,753.6438119895344,990.2489284900852,191.9020084750377,-1.259037853133529,1.259037853133529,6197,9923,62.45087171218382,5337.776847786093,116.09702272529958,90.0,87.94117647058823,88.97058823529412,112.01733840379192,-1.350982548756306,1.350982548756306,120.19771205846548
148,1001,Suchitepéquez,Mazatenango,886.4949964109018,1749.5830975182714,331.47145972061446,-2.6085264834965245,2.6085264834965245,3588,29172,12.29946524064171,4600.7613103708245,77.98709296029106,11.470588235294118,74.41176470588235,42.94117647058823,112.01319605602724,-1.532207691280482,1.532207691280482,65.79480086086775
149,0107,Guatemala,San Pedro Ayampuc,337.83690689480534,647.5895377779578,147.4031573174629,-2.316873672082589,2.316873672082589,2273,22311,10.187799740038546,2014.7454377611489,112.8182229575282,9.117647058823527,87.3529411764706,48.23529411764706,111.75508300633663,-1.6559676198031548,1.6559676198031548,79.87608519050511
150,0605,Santa Rosa,San Rafael Las Flores,521.7320986846535,842.3057234111576,169.53719373055472,-2.0812942548540136,2.0812942548540136,1912,3708,51.56418554476807,5787.664962217081,33.035775437622604,74.41176470588235,32.94117647058823,53.67647058823529,111.71652985613454,-1.4481192730606325,1.4481192730606325,77.7299315686957
151,1508,Baja Verapaz,Purulhá,885.7192657108791,1285.5429119364148,298.4793987224034,-1.600712131308835,1.600712131308835,9711,14975,64.84808013355592,21485.19825932765,45.19855894643205,91.47058823529412,47.35294117647059,69.41176470588235,111.1082538202603,-2.004852809542861,2.004852809542861,139.16037148591622
152,1418,Quiché,Canillá,604.6771153116734,1027.4314233172977,205.75669744987584,-2.1541213339996705,2.1541213339996705,1270,2673,47.51215862326973,3673.829634107521,34.568832158394834,67.05882352941175,35.588235294117645,51.323529411764696,110.5571096420419,-1.8570554190790105,1.8570554190790105,95.3106384203786
153,0512,Escuintla,San Vicente Pacaya,653.2834454726983,1206.0272486241754,199.66916006312087,-2.900642125334861,2.900642125334861,1899,5711,33.251619681316754,5044.89874613689,37.64198441949209,38.23529411764706,37.94117647058823,38.088235294117645,110.48033977378368,-1.3461886231682938,1.3461886231682938,51.27394902949825
154,2201,Jutiapa,Jutiapa,513.0654793880857,820.4766983567727,154.2340843592022,-2.159870837552416,2.159870837552416,15676,45272,34.62625905637039,27285.40224856465,57.451965916407325,42.64705882352941,59.41176470588236,51.02941176470589,110.21693832804242,-2.197829006890568,2.197829006890568,112.15392138103338
155,1608,Alta Verapaz,Senahú,1283.444668424216,1821.167386979848,348.0061913597451,-1.58773191130305,1.58773191130305,17245,22973,75.06638227484439,44260.273037767845,38.96270586782107,97.94117647058825,39.70588235294117,68.8235294117647,109.27331389556284,-1.7424446518966088,1.7424446518966088,119.92119074817836
156,2001,Chiquimula,Chiquimula,244.89069176772333,607.1199490036165,143.1549492925597,-2.517849048428836,2.517849048428836,8285,37579,22.04688788951276,13419.000126178424,61.740814681395136,23.235294117647054,63.52941176470588,43.382352941176464,109.23021607154509,-2.030720483693844,2.030720483693844,88.09743274848292
157,0806,Totonicapán,Santa María Chiquimula,328.3313035703484,616.2908561903575,140.72309445307488,-2.2200730158626394,2.2200730158626394,3699,17790,20.79258010118044,4618.991677322303,80.08241318469672,22.058823529411764,75.88235294117646,48.97058823529412,108.7182815120969,-1.5213595520362404,1.5213595520362404,74.50187218059824
158,1602,Alta Verapaz,Santa Cruz Verapaz,617.7046774094159,1005.3773909938808,211.22252708299484,-1.8930920349528528,1.8930920349528528,3143,10126,31.038909737309897,3290.5251025298207,95.51666989513618,33.82352941176471,80.88235294117648,57.352941176470594,108.57439612229598,-2.0216409153146007,2.0216409153146007,115.94705249598448
159,1501,Baja Verapaz,Salamá,450.7713206246601,694.8112182132469,174.56128538592358,-1.640177469366514,1.640177469366514,9973,23765,41.96507468966968,13230.847725101688,75.37687839214665,57.35294117647059,73.23529411764706,65.29411764705883,107.0939406468724,-1.9430928294339287,1.9430928294339287,126.87253180421538
160,0808,Totonicapán,San Bartolo Aguas Calientes,322.91190677274034,495.4605344229391,111.10992944588682,-1.7096478106555533,1.7096478106555533,892,2821,31.61999291031549,686.796833913603,129.87829237899646,34.411764705882355,90.29411764705884,62.352941176470594,106.60156937028744,-1.2588582749767372,1.2588582749767372,78.49351596913773
161,1108,Retalhuleu,Nuevo San Carlos,1181.0497241152773,1969.0488297508807,314.50555570929794,-2.558245486325816,2.558245486325816,3619,12034,30.073126142595974,7513.975107480413,48.163587824468095,32.35294117647059,50.588235294117645,41.47058823529412,106.09194516821766,-1.292776345507138,1.292776345507138,53.61219550485484
162,1322,Huehuetenango,Concepción Huista,1133.4596073994785,1574.7145514715075,369.9124649364017,-1.398780704559668,1.398780704559668,3373,5001,67.44651069786043,6114.281391161444,55.1659268557033,93.23529411764706,57.94117647058824,75.58823529411765,105.73136502112786,-1.385672924666644,1.385672924666644,104.74057107039044
163,1403,Quiché,Chinique,473.8193559724389,887.1200877277756,187.3339124425657,-2.296631701505261,2.296631701505261,1102,3425,32.175182481751825,2060.245040676494,53.48878304486303,36.47058823529412,55.58823529411765,46.02941176470589,105.71260626046276,-1.660629264724238,1.660629264724238,76.43778821451272
164,1906,Zacapa,Usumatlán,486.1098574666835,974.0667293919556,239.9885826753192,-2.164201235795357,2.164201235795357,1042,4132,25.21781219748306,1511.927990995935,68.91862616510032,27.647058823529413,69.41176470588235,48.52941176470589,105.0274129135982,-2.062299038112411,2.062299038112411,100.08215920251406
165,1230,San Marcos,La Blanca,496.6093523772576,842.170757816068,201.31357652603225,-1.8271244725763007,1.8271244725763007,3902,9104,42.86028119507909,7413.223144264988,52.63567444369541,59.70588235294117,55.00000000000001,57.352941176470594,104.79096239775843,-0.7644931841814512,0.7644931841814512,43.84593262217147
166,0305,Sacatepéquez,Santo Domingo Xenacoj,389.0788473376462,796.3429791043001,180.5512098131162,-2.4544130016722803,2.4544130016722803,828,5615,14.746215494211931,1196.4088840983886,69.20710895790273,15.0,70.0,42.5,104.3125525710719,-1.2753830445014072,1.2753830445014072,54.2037793913098
167,0202,El Progreso,Morazán,292.1090156064878,519.3307368368494,139.03309410033285,-1.767669323504441,1.767669323504441,1984,4044,49.060336300692384,4513.622447310803,43.95582535225246,70.88235294117648,45.88235294117647,58.38235294117648,103.20069432812691,-1.964510456006947,1.964510456006947,114.69274279922914
168,0109,Guatemala,San Pedro Sacatepéquez,368.0538119267777,759.8124052445611,178.34897148315923,-2.3902595557382824,2.3902595557382824,853,23094,3.693600069282065,829.9788912096719,102.77369810655972,2.647058823529412,83.52941176470588,43.088235294117645,102.99206615166422,-1.2883164988916262,1.2883164988916262,55.51128443753625
169,1215,San Marcos,Malacatán,1350.643900809809,2030.773030957234,330.54856958908454,-2.215228691128772,2.215228691128772,8468,24975,33.905905905905904,17085.056080299277,49.56378229138167,41.17647058823529,51.76470588235295,46.47058823529412,102.9429803524547,-0.9131149067560476,0.9131149067560476,42.43298684336927
170,1907,Zacapa,Cabañas,387.94706052660376,866.0607243670917,214.3262086790548,-2.3193529790558625,2.3193529790558625,1481,4164,35.56676272814601,3448.617187110024,42.94474914570303,44.41176470588235,44.11764705882353,44.26470588235294,102.66547745526684,-2.004831456980891,2.004831456980891,88.74327478694828
171,0114,Guatemala,Amatitlán,365.394291446203,765.5156165714398,141.7059418775292,-2.860545670687377,2.860545670687377,3783,46555,8.125872623778326,6111.393012688719,61.90078092090599,7.352941176470589,64.11764705882354,35.735294117647065,102.2224408789754,-1.276117037963988,1.276117037963988,45.60241768018369
172,1323,Huehuetenango,San Juan Ixcoy,796.7665418373474,1265.0977964707597,285.3972477363125,-1.7872200656606234,1.7872200656606234,1538,3129,49.15308405241292,3673.252182912632,41.870253481493165,71.17647058823529,42.94117647058823,57.05882352941176,101.9766743347532,-1.7578915004235345,1.7578915004235345,100.30322090651931
173,1021,Suchitepéquez,San José La Máquina,663.5411867630777,1233.6952319132145,256.5799450245832,-2.2645722256522154,2.2645722256522154,3112,6485,47.98766383962992,12650.245125204225,24.60031382158502,68.23529411764706,21.764705882352946,45.0,101.90575015434968,-1.6738973030588715,1.6738973030588715,75.32537863764922
174,0702,Sololá,San José Chacayá,417.7604446411133,869.7415261038007,190.8287806304109,-2.405747736530333,2.405747736530333,354,1353,26.164079822616408,653.35158876051,54.18215951255012,28.52941176470588,55.88235294117647,42.20588235294117,101.53670593885376,-1.4149332579099758,1.4149332579099758,59.71850662061221
175,1008,Suchitepéquez,Samayac,853.1532075158584,1709.8100305612074,313.8681426147742,-2.8468504774213144,2.8468504774213144,1253,9486,13.208939489774403,2243.0985806707267,55.86022882798716,12.941176470588236,58.235294117647065,35.58823529411765,101.31438463764091,-1.703823553770886,1.703823553770886,60.636073531258006
176,0914,Quetzaltenango,Cantel,400.49656124204097,769.711728790942,156.33656089803773,-2.4080263711274323,2.4080263711274323,1459,18508,7.883077588070024,1763.069494323493,82.75340278403674,6.764705882352941,77.05882352941177,41.91176470588236,100.92463467225268,-1.41005870810477,1.41005870810477,59.09804879556757
177,2208,Jutiapa,Jerez,724.2627041624858,1091.5380927321694,181.97122414511912,-2.08373488822882,2.08373488822882,1088,2371,45.8878110501898,3433.893316725141,31.68415264099152,65.58823529411765,30.88235294117647,48.23529411764706,100.50956519691955,-2.656820283615304,2.656820283615304,128.15250779791467
178,1304,Huehuetenango,Cuilco,435.3501435688401,557.4135230450436,110.30683348187851,-1.3028100617108342,1.3028100617108342,9316,13495,69.03297517599111,16347.690410606272,56.986643164931984,95.0,59.11764705882353,77.05882352941177,100.39301063771724,-1.3438586492930724,1.3438586492930724,103.55616650434852
179,0106,Guatemala,Chinautla,367.66835335320656,744.2927053996855,175.818569432629,-2.352328174715044,2.352328174715044,764,47498,1.6084887784748831,756.343246753478,101.01233841637216,1.7647058823529411,82.94117647058825,42.352941176470594,99.62801681146072,-1.5180116375395185,1.5180116375395185,64.29225758990903
180,1020,Suchitepéquez,Río Bravo,847.7368777169004,1699.4874854134027,356.22842430425106,-2.588280373907698,2.588280373907698,3127,7643,40.91325395786995,13078.95926048934,23.90863017248213,55.58823529411765,20.88235294117647,38.23529411764706,98.96366135529432,-1.6584416552742365,1.6584416552742365,63.41100446636786
181,1503,Baja Verapaz,Rabinal,400.9843892965546,569.9419300555348,129.6217888424621,-1.6169998869879896,1.6169998869879896,4888,14073,34.733177005613584,5581.093987613844,87.58139552653958,43.23529411764706,79.11764705882352,61.17647058823529,98.92234602750054,-1.974599298351384,1.974599298351384,120.79901589914346
182,1018,Suchitepéquez,Zunilito,1017.0361608752812,1928.661596911143,349.9310223871798,-2.7901175623705448,2.7901175623705448,587,2935,20.0,1234.2350529776,47.55982246524751,20.88235294117647,49.70588235294117,35.294117647058826,98.474737495431,-1.6482788148121226,1.6482788148121226,58.17454640513374
183,0802,Totonicapán,San Cristóbal Totonicapán,287.98474959256373,538.102572222698,115.37663651756306,-2.306645237794021,2.306645237794021,2131,12751,16.71241471257156,3140.021292489592,67.86578183711676,17.058823529411764,68.23529411764706,42.64705882352941,98.3716351412156,-1.364511554890545,1.364511554890545,58.19240454680266
184,0102,Guatemala,Santa Catarina Pinula,483.9375643512376,964.5615816898904,188.28410955681804,-2.633526651333277,2.633526651333277,531,36964,1.4365328427659343,706.401221551772,75.16974543638769,1.4705882352941175,72.94117647058823,37.20588235294117,97.98268276284104,-1.365878363661181,1.365878363661181,50.818709706805706
185,1415,Quiché,Uspantán,1139.124112257338,1703.8583214946364,319.36561943009195,-1.8708935590581453,1.8708935590581453,8768,15670,55.95405232929164,36061.87694421138,24.313764958946297,83.23529411764706,21.47058823529412,52.35294117647059,97.94678044480878,-2.07580004590678,2.07580004590678,108.6742376974726
186,2008,Chiquimula,Concepción Las Minas,529.0920663805923,985.283206332082,172.86779170666156,-2.657242559852803,2.657242559852803,1394,3386,41.16952155936208,7210.311763826858,19.333421988678857,56.1764705882353,16.76470588235294,36.47058823529412,96.91119924169044,-2.6074692434497515,2.6074692434497515,95.09593711404976
187,0915,Quetzaltenango,Huitán,385.6514743938964,535.7630949339635,111.25669226851754,-1.5458513615964615,1.5458513615964615,1091,2552,42.75078369905956,1689.7877722066253,64.56432091322968,59.41176470588236,65.88235294117646,62.647058823529406,96.84304118236656,-0.945411229689027,0.945411229689027,59.22723291875375
188,1616,Alta Verapaz,Santa Catalina La Tinta,951.8540782206594,1411.3139346209184,302.5543822008545,-1.6896860331579535,1.6896860331579535,4541,9767,46.49329374424081,9814.641235999534,46.26761071351112,66.17647058823529,48.23529411764706,57.20588235294117,96.65998042624176,-2.0132063948684924,2.0132063948684924,115.16724817703582
189,0506,Escuintla,Tiquisate,518.0604294920137,1119.221147502282,216.54027105385555,-2.684362714839344,2.684362714839344,8337,20469,40.72988421515463,43518.1817447844,19.157509955018234,54.70588235294118,16.176470588235293,35.44117647058824,95.13697268768853,-1.937363857416338,1.937363857416338,68.66245435843199
190,0612,Santa Rosa,Santa Cruz Naranjo,529.1321058729179,953.52161988619,174.95455960334098,-2.563465946478757,2.563465946478757,1870,5869,31.86232748338729,4994.697605243585,37.43970401805341,35.588235294117645,37.64705882352941,36.61764705882353,93.86809127547212,-1.216021646216417,1.216021646216417,44.52785145704233
191,1609,Alta Verapaz,San Pedro Carchá,1185.979981599034,1574.4281755045315,296.76549226011576,-1.3570949398755294,1.3570949398755294,43260,72090,60.008322929671245,91053.12940362965,47.51072289699417,88.8235294117647,49.41176470588236,69.11764705882352,93.79920907963218,-2.083883307929706,2.083883307929706,144.03311098925906
192,0921,Quetzaltenango,Génova,1034.6696776973708,1599.5209123080706,310.6797081318067,-1.8573459834357504,1.8573459834357504,4427,8788,50.3755120619026,15472.595131620086,28.611877725365535,72.94117647058823,27.647058823529413,50.294117647058826,93.4135774022098,-0.7391018651843448,0.7391018651843448,37.17247616074205
193,1017,Suchitepéquez,Santo Tomás La Unión,1072.6798941228371,2052.530053181747,396.6460686889938,-2.645376531056186,2.645376531056186,550,4017,13.691809808314662,1005.2638885823,54.7120021167429,13.529411764705882,57.05882352941176,35.29411764705882,93.36623050786535,-1.6383528066911768,1.6383528066911768,57.82421670674741
194,1204,San Marcos,Comitancillo,502.68382435064143,643.3554950121808,118.35530710005204,-1.2252024128635364,1.2252024128635364,6057,11769,51.465715014019885,7188.223140980978,84.26282658739778,74.11764705882354,77.94117647058823,76.02941176470588,93.151418742713,-0.9660168281510372,0.9660168281510372,73.44569119913032
195,1319,Huehuetenango,Colotenango,672.7598006373935,817.9713178903348,163.9158683527941,-1.0541732265691188,1.0541732265691188,4104,6264,65.51724137931035,3930.230984073029,104.42134359611832,92.3529411764706,84.11764705882354,88.23529411764707,93.0152846972752,-1.2430028026874536,1.2430028026874536,109.6767178841871
196,1012,Suchitepéquez,San Gabriel,887.5575719534318,1755.039004031299,331.2003191366025,-2.65584303404318,2.65584303404318,203,2966,6.844234659474039,325.430299510949,62.37894882715742,5.294117647058823,64.70588235294117,35.0,92.95450619151129,-1.5055285342164342,1.5055285342164342,52.6934986975752
197,1316,Huehuetenango,San Juan Atitán,577.0177784000648,708.6389319629626,145.54776689645374,-1.0784187031629815,1.0784187031629815,2646,4927,53.70407956159935,1870.0647311509936,141.49242835949488,80.0,92.05882352941175,86.02941176470588,92.77572666916826,-1.179587755405317,1.179587755405317,101.47924072236918
198,0203,El Progreso,San Agustín Acasaguastlán,488.1936653593334,803.7139101189359,209.5548364947244,-1.7312607801974704,1.7312607801974704,4574,13750,33.265454545454546,6750.147167088978,67.76148559102529,38.52941176470589,67.94117647058823,53.23529411764706,92.16417682815946,-1.918144586793704,1.918144586793704,102.1129912381354
199,0718,Sololá,San Pedro La Laguna,747.0318694880498,1451.8389551521482,288.5893155384523,-2.484609223315437,2.484609223315437,843,4284,19.677871148459385,1635.8942495291271,51.53144833430692,20.0,54.11764705882353,37.05882352941177,92.07669474639562,-1.48690200923835,1.48690200923835,55.1028391658918
200,2207,Jutiapa,Atescatempa,649.2401534054491,996.663723770862,168.99465373614626,-1.9998522313033016,1.9998522313033016,2490,6631,37.55089730055799,5902.419512547673,42.18608986885171,48.52941176470589,43.23529411764706,45.88235294117647,91.75792590685737,-2.5659276694963937,2.5659276694963937,117.73079895336394
201,1908,Zacapa,San Diego,355.05426468120794,794.9275759823421,194.1117905611285,-2.408479603679249,2.408479603679249,866,2245,38.57461024498886,3114.537897484615,27.80508789761091,50.294117647058826,25.294117647058822,37.794117647058826,91.02636149199516,-2.008271480718675,2.008271480718675,75.90084860951463
202,1104,Retalhuleu,San Martín Zapotitlán,1195.7858053433526,2145.971502859606,364.0777721460596,-2.689121780918432,2.689121780918432,318,3918,8.116385911179172,542.473070914802,58.62042137202115,7.0588235294117645,60.588235294117645,33.8235294117647,90.95558964871164,-1.496258656046224,1.496258656046224,50.608748660386986
203,1216,San Marcos,Catarina,1192.0650546999775,1877.109542431272,334.6401908015692,-2.067709675162645,2.067709675162645,2690,8419,31.951538187433187,5458.1946354502525,49.28369506152833,35.88235294117647,51.47058823529412,43.67647058823529,90.31026081225082,-0.6272835379838246,0.6272835379838246,27.397530997234693
204,1208,San Marcos,Sibinal,1333.241660178641,1838.5868043429589,331.083281643202,-1.731820073716087,1.731820073716087,1195,3530,33.85269121813031,1950.1127210649672,61.27850903651375,40.588235294117645,62.94117647058823,51.76470588235294,89.64715675706803,-0.979803383441005,0.979803383441005,50.71923396635791
205,1201,San Marcos,San Marcos,669.4101814938791,942.2986210847774,169.1414295732993,-1.8345112677624973,1.8345112677624973,3128,15742,19.870410367170628,3755.289626861791,83.29583895807254,20.294117647058822,77.3529411764706,48.82352941176471,89.56731483781606,-0.9674917539686644,0.9674917539686644,47.23636210552891
206,1016,Suchitepéquez,San Juan Bautista,778.4620584706773,1508.2759179852394,313.9148725966849,-2.504514757143045,2.504514757143045,752,2170,34.654377880184335,2489.442853396671,30.20756226534577,42.94117647058823,28.52941176470588,35.73529411764706,89.49957146849411,-1.4793901194838024,1.4793901194838024,52.8664410344947
207,0805,Totonicapán,Momostenango,325.59833835826555,544.2186537897337,119.92458481448308,-1.9434478123506969,1.9434478123506969,6357,30781,20.652350475942956,9162.49021101223,69.38070168260194,21.47058823529412,70.29411764705881,45.882352941176464,89.16995844903197,-1.3718925780615356,1.3718925780615356,62.94565946399986
208,1612,Alta Verapaz,Cahabón,1068.8745548783002,1445.9775441684528,262.495707447714,-1.4514214336813107,1.4514214336813107,12398,16504,75.12118274357732,46287.90723700216,26.7845334560495,98.23529411764706,23.823529411764703,61.02941176470589,88.57939632025646,-1.698514599452606,1.698514599452606,103.65934687835758
209,1502,Baja Verapaz,San Miguel Chicaj,449.63546316716287,636.7067184506385,155.39242768672088,-1.4579223413459703,1.4579223413459703,3798,11096,34.22855082912761,4244.504512211686,89.48040905771057,41.76470588235294,79.41176470588235,60.588235294117645,88.33294185802055,-1.8659537134173727,1.8659537134173727,113.05484263646436
210,1421,Quiché,Pachalum,364.3801394395276,673.2736065494029,146.01164386019076,-2.457409037668456,2.457409037668456,689,2673,25.776281331836888,1629.937825724841,42.27155104481353,28.235294117647054,43.52941176470589,35.88235294117647,88.17761841045636,-1.7256172537462902,1.7256172537462902,61.91920734030806
211,0910,Quetzaltenango,San Mateo,874.0767825031561,1515.2903764606278,240.7033178714228,-2.6198233210543203,2.6198233210543203,273,3083,8.855011352578657,481.2989851520593,56.72149919737514,7.941176470588235,58.52941176470589,33.23529411764706,87.07059861151123,-1.4755012148733082,1.4755012148733082,49.03871684725995
212,0301,Sacatepéquez,Antigua Guatemala,322.2571909654264,673.5686405620521,131.24946982128176,-2.774772191169081,2.774772191169081,1405,20907,6.720237241115416,2550.965075795215,55.077194640229166,5.0,57.647058823529406,31.323529411764703,86.9156583410315,-1.0971771679743016,1.0971771679743016,34.36746129095974
213,1109,Retalhuleu,El Asintal,1085.4987958624,1788.0067258025224,311.74488134747486,-2.3159107813485167,2.3159107813485167,3243,10123,32.03595772004346,8464.031028906044,38.315076928766295,36.17647058823529,38.82352941176471,37.5,86.84665430056937,-1.0594273787653987,1.0594273787653987,39.72852670370245
214,1417,Quiché,San Bartolomé Jocotenango,398.6353768602759,729.8925473336144,155.93768250796947,-2.261949028498674,2.261949028498674,918,3064,29.96083550913838,2125.994825089373,43.17978525471759,32.05882352941177,44.70588235294118,38.38235294117648,86.81892594678736,-1.825182932651548,1.825182932651548,70.05481550324326
215,1604,Alta Verapaz,Tactic,644.9304911375222,1051.06250065869,217.23433375520173,-1.8790237865866124,1.8790237865866124,3185,14050,22.669039145907472,4656.540886886694,68.3984115541494,23.52941176470588,68.82352941176471,46.1764705882353,86.76668661591123,-2.060608843121193,2.060608843121193,95.15164363824331
216,1211,San Marcos,San Rafael Pie De La Cuesta,1253.6928095245148,1931.046176922189,362.165139907718,-2.00282316182439,2.00282316182439,1804,5419,33.29027495847942,3939.4927089922,45.7926980263786,38.82352941176471,47.647058823529406,43.23529411764706,86.59264846711334,-1.0123769832122758,1.0123769832122758,43.77041662711898
217,0507,Escuintla,La Gomera,570.4316482921026,1151.1834787419027,235.2033963522672,-2.6461236255747744,2.6461236255747744,5820,13935,41.76533907427341,49310.74131833184,11.80270230055606,56.76470588235294,8.529411764705882,32.64705882352941,86.38815365847059,-1.6638299640346643,1.6638299640346643,54.31915470819052
218,1603,Alta Verapaz,San Cristóbal Verapaz,559.6464925059444,909.48401587799,174.7231911713619,-2.004608140475044,2.004608140475044,7297,20279,35.98303663888752,17970.514477447196,40.605403975259904,45.588235294117645,40.588235294117645,43.088235294117645,86.37502722929234,-2.24100935850386,2.24100935850386,96.56113853553396
219,1315,Huehuetenango,Todos Santos Cuchumatán,730.7722541620981,1028.960365022518,217.5794004557392,-1.402218964895061,1.402218964895061,3862,6567,58.80919750266484,11225.3792025347,34.40418297074505,87.94117647058823,34.705882352941174,61.3235294117647,85.98901593547653,-1.3659044222921888,1.3659044222921888,83.76208001409451
220,1309,Huehuetenango,San Ildefonso Ixtahuacán,640.2283894336556,755.919275799175,149.32956611397412,-1.0028018198590756,1.0028018198590756,9104,13444,67.71794108896162,11198.143258517695,81.2991921055768,93.82352941176472,76.47058823529412,85.14705882352942,85.38562554388307,-1.1904097999326668,1.1904097999326668,101.35989325897268
221,1312,Huehuetenango,La Democracia,613.42801282094,847.5509067120407,189.6253889318366,-1.4555660723018653,1.4555660723018653,8109,15707,51.62666327115299,19496.073696645428,41.592990087000274,74.70588235294117,42.35294117647059,58.52941176470589,85.19342599649153,-1.4935385903843286,1.4935385903843286,87.41593514308276
222,0801,Totonicapán,Totonicapán,354.6776783122936,694.9582894616332,154.79012670116526,-2.372509814558149,2.372509814558149,4604,40719,11.30676097153663,7826.328410062772,58.82707393265488,10.0,61.1764705882353,35.58823529411765,84.43343751809884,-1.5195166757580414,1.5195166757580414,54.07691699021266
223,1611,Alta Verapaz,Lanquín,1269.271421394115,1657.1473471346867,319.5980298298211,-1.3285967575267474,1.3285967575267474,4866,6028,80.72329130723291,16516.66459704689,29.461154044806484,99.11764705882354,27.94117647058824,63.52941176470589,84.40497047816984,-2.015195437570443,2.015195437570443,128.02418073976932
224,0613,Santa Rosa,Pueblo Nuevo Viñas,692.1255222849111,1171.8592219042594,219.6366533207205,-2.40369293473077,2.40369293473077,3526,8702,40.51942082279936,18321.797216778028,19.24483694629638,53.52941176470589,16.470588235294116,35.0,84.12925271557695,-1.3145395837007532,1.3145395837007532,46.00888542952636
225,0922,Quetzaltenango,Flores Costa Cuca,1106.5470973318995,1746.308052218946,332.9876726916117,-1.8761578771525456,1.8761578771525456,2516,6491,38.76136188568788,6646.87022455918,37.85240143103382,50.882352941176464,38.52941176470589,44.70588235294117,83.87529333152555,-0.606408289903868,0.606408289903868,27.110017666290567
226,0603,Santa Rosa,Santa Rosa De Lima,610.8149104311834,1078.2279771281694,194.4955596021213,-2.5095649615819218,2.5095649615819218,2314,6429,35.99315601182143,9898.653592561232,23.37691665196724,45.88235294117647,20.588235294117645,33.23529411764706,83.40612960551681,-1.202822262328512,1.202822262328512,39.97615165974173
227,0207,El Progreso,Sanarate,291.7203800590315,562.7867003738043,134.01539834303213,-2.107726970695569,2.107726970695569,2535,14954,16.95198609067808,4275.052309754498,59.29752003772736,17.352941176470587,61.47058823529412,39.41176470588236,83.06923943329595,-2.0521435581845573,2.0521435581845573,80.87859905786196
228,1210,San Marcos,Tejutla,554.9566104562756,690.4984823092752,127.39895539367237,-1.1563949217121694,1.1563949217121694,5031,9547,52.69718236095108,7851.071638135151,64.08042407310148,77.94117647058823,65.58823529411765,71.76470588235294,82.98834144052039,-0.8505403897865204,0.8505403897865204,61.03878091409146
229,2214,Jutiapa,Moyuta,663.1141239628269,1037.618057577968,208.57601055190463,-1.8422174394310813,1.8422174394310813,5908,11900,49.64705882352941,27997.53622949437,21.101856790441943,72.05882352941177,17.941176470588236,45.0,82.89978477439867,-2.0203900311080494,2.0203900311080494,90.91755139986222
230,1330,Huehuetenango,Santiago Chimaltenango,704.4641567843643,906.3596941693884,179.10884249663167,-1.148367666813818,1.148367666813818,1916,3117,61.469361565607954,3714.198002555073,51.58583356842969,89.41176470588236,54.41176470588235,71.91176470588235,82.58114545175839,-1.2326153497953949,1.2326153497953949,88.6395450073453
231,1413,Quiché,Nebaj,966.0115295475752,1515.3924190359894,319.1160314421374,-1.8552808213456284,1.8552808213456284,8759,21540,40.66388115134633,25433.59983671,34.438695490355066,53.8235294117647,35.0,44.41176470588235,82.39629530093819,-1.9432447331599425,1.9432447331599425,86.3029278550445
232,1420,Quiché,Ixcán,1447.9893037502263,2004.778447658996,404.4784901346387,-1.322672314924364,1.322672314924364,19618,29071,67.48305871831035,62848.92457464198,31.21453570251764,93.52941176470588,30.294117647058822,61.91176470588236,81.88897714458194,-1.8791876815043544,1.8791876815043544,116.3438255754902
233,1324,Huehuetenango,San Antonio Huista,896.8969459767228,1311.9942841607462,299.75077861767915,-1.60994895002686,1.60994895002686,2567,5295,48.47969782813976,7932.473012809266,32.3606521680545,69.70588235294117,31.76470588235294,50.73529411764706,81.6812334940098,-1.4246135281254864,1.4246135281254864,72.27818635342541
234,2212,Jutiapa,Jalpatagua,592.512206401429,958.4825036693094,174.09709034417662,-2.192251350443776,2.192251350443776,3453,8865,38.95093062605753,13542.4021436573,25.497692088676025,51.17647058823529,22.35294117647059,36.76470588235294,80.59747611925647,-2.300566351238656,2.300566351238656,84.57964526612706
235,0903,Quetzaltenango,Olintepeque,397.07074085414,729.6954009459037,133.1539170239603,-2.54716102801789,2.54716102801789,999,13431,7.43801652892562,1818.24779623573,54.94300623205501,5.88235294117647,57.35294117647059,31.61764705882353,80.53523838585976,-1.4058713877353195,1.4058713877353195,44.450345347513775
236,0303,Sacatepéquez,Pastores,316.84529609481814,711.7522028228472,142.33409664696933,-2.857114351739861,2.857114351739861,864,6953,12.426290809722422,2022.083299583454,42.7282100681996,12.058823529411764,43.8235294117647,27.941176470588232,79.83113629861376,-1.2520837210505462,1.2520837210505462,34.98469220582408
237,0803,Totonicapán,San Francisco El Alto,307.8445582849613,548.690847813397,115.82724135237407,-2.170073000192336,2.170073000192336,2554,18310,13.948661933369744,4425.471273830922,57.71136771585284,13.823529411764708,59.70588235294117,36.76470588235294,79.78209559530647,-1.3173009536638525,1.3173009536638525,48.430182119994576
238,2209,Jutiapa,El Adelanto,573.4405331152726,909.3504939515228,187.01579972366176,-1.903067490176377,1.903067490176377,556,1840,30.217391304347824,1147.805898966648,48.44024590747949,32.94117647058823,50.882352941176464,41.91176470588235,79.76091686768639,-2.2195437594518133,2.2195437594518133,93.02499580055392
239,1329,Huehuetenango,San Gaspar Ixchil,663.509699834335,775.182784999102,153.85100321925404,-0.8318129918705459,0.8318129918705459,2247,2628,85.50228310502283,1796.7503079763974,125.05911311242237,100.0,89.70588235294117,94.85294117647058,78.89990878772089,-1.1114808033518733,1.1114808033518733,105.4272232591115
240,1007,Suchitepéquez,San Lorenzo,585.4233694840017,1124.4847638565886,232.6083146418275,-2.22940626750042,2.22940626750042,1816,3963,45.82387080494575,22513.949605108763,8.066110264313293,65.0,4.705882352941177,34.85294117647059,77.701365499647,-1.737180638073102,1.737180638073102,60.54585459166547
241,1310,Huehuetenango,Santa Bárbara,545.8256785595198,652.2685046874849,128.45057001235688,-0.8943013490491812,0.8943013490491812,6457,7988,80.8337506259389,8339.281921488559,77.4287290055716,99.41176470588236,74.11764705882354,86.76470588235294,77.59379352044367,-1.096517138737768,1.096517138737768,95.13898703754164
242,2215,Jutiapa,Pasaco,704.0235780125855,1067.3703315772077,225.2805060991107,-1.7221699285267968,1.7221699285267968,1369,2648,51.69939577039275,8521.213068623883,16.06578768744582,75.0,12.941176470588236,43.97058823529412,75.72482479845768,-1.834200365126004,1.834200365126004,80.65086899598164
243,0201,El Progreso,Guastatoya,250.65890790339657,469.8364198727609,128.82658094937884,-1.934896601338068,1.934896601338068,1071,9940,10.774647887323944,1575.299802140862,67.98705862493544,9.411764705882351,68.52941176470588,38.97058823529412,75.40405872861588,-1.9011898249995,1.9011898249995,74.0904858271864
244,1321,Huehuetenango,Tectitán,471.5000496296615,619.5497653228613,113.84028723366858,-1.4203341800953466,1.4203341800953466,1110,1735,63.97694524495677,5990.585691258138,18.5290730690955,90.88235294117646,15.294117647058824,53.088235294117645,75.40303514917943,-1.2112052131809083,1.2112052131809083,64.30074734680998
245,1106,Retalhuleu,San Andrés Villa Seca,683.7446818996585,1212.4387892195662,247.24728014941272,-2.185308189122371,2.185308189122371,5077,11972,42.40728366187771,36022.10641398254,14.094123041148098,58.235294117647065,10.588235294117649,34.411764705882355,75.20031121391689,-1.576332883635737,1.576332883635737,54.24439628981801
246,0919,Quetzaltenango,El Palmar,1204.554947582592,2004.0110409348204,329.6186510198038,-2.5723112975633726,2.5723112975633726,2773,8512,32.577537593984964,12073.395297520809,22.967855616964822,37.35294117647059,20.294117647058822,28.823529411764703,74.1430903415325,-1.5106278532183282,1.5106278532183282,43.541626357469454
247,1207,San Marcos,Tacaná,728.5995494849527,958.8829618267606,161.68547798418888,-1.5916078857264,1.5916078857264,3843,9095,42.2539857064321,11199.620085945,34.3136639502869,57.94117647058824,34.411764705882355,46.1764705882353,73.49483472324847,-1.1215272559079097,1.1215272559079097,51.78817034633583
248,0904,Quetzaltenango,San Carlos Sija,361.7138590227779,536.5019200319409,108.79745441103373,-1.687615850770634,1.687615850770634,2632,6442,40.856876746352064,8284.925387562564,31.76854198290297,55.294117647058826,31.176470588235293,43.23529411764706,72.96456766567152,-1.1434142111846282,1.1434142111846282,49.4358497188648
249,2210,Jutiapa,Zapotitlán,649.1473131468057,988.7031916194172,182.0261909854062,-2.0024935161761377,2.0024935161761377,1071,2845,37.64499121265378,4077.2102802734335,26.267960845232007,49.11764705882353,23.52941176470588,36.3235294117647,72.73763213169205,-2.4319190369930697,2.4319190369930697,88.33588266724826
250,0917,Quetzaltenango,Colomba,1241.8327260677709,1914.814707702928,316.5981828058234,-2.280751667381397,2.280751667381397,4866,14639,33.2399754081563,17841.766405961327,27.27308434199745,37.94117647058823,24.41176470588235,31.17647058823529,71.10578727718472,-1.0394232732594826,1.0394232732594826,32.405549107501514
251,1331,Huehuetenango,Santa Ana Huista,500.6713235498344,793.0571808907923,209.34050582685984,-1.6320660702852847,1.6320660702852847,1646,3171,51.90791548407442,10949.293251497944,15.032933744603245,75.88235294117646,10.882352941176473,43.382352941176464,70.80286628443514,-1.6392097072378615,1.6392097072378615,71.11277406399545
252,1901,Zacapa,Zacapa,311.8926965924995,664.0155717788689,155.59196709103114,-2.251094434547555,2.251094434547555,3687,24262,15.196603742477947,8162.760008534306,45.16854588576876,15.588235294117649,47.05882352941176,31.323529411764703,70.51222272921017,-2.173742063154368,2.173742063154368,68.08927344880593
253,1224,San Marcos,San José Ojetenam,669.8633383032304,807.2155594768583,142.06001112946743,-1.1471253156529353,1.1471253156529353,1902,3960,48.03030303030303,3699.542252273736,51.41176584295077,68.52941176470588,53.8235294117647,61.17647058823529,70.17707813406192,-0.8316736008596799,0.8316736008596799,50.87885558200394
254,0511,Escuintla,Palín,645.501282715391,1243.3611662532455,204.72369759478812,-2.853469391826861,2.853469391826861,1991,25510,7.804782438259506,4777.756345102644,41.672279961301086,6.470588235294119,42.64705882352941,24.558823529411764,70.0778512404538,-1.2095934418376744,1.2095934418376744,29.70619188042524
255,0408,Chimaltenango,Pochuta,896.8129128256749,1740.7513336797567,328.2262983753185,-2.657860771274322,2.657860771274322,870,2593,33.55187042036251,5417.618006597054,16.058718036978572,40.0,12.647058823529411,26.323529411764707,69.96427618501525,-1.44527810612148,1.44527810612148,38.04482073466838
256,0208,El Progreso,San Antonio La Paz,276.64915621247565,578.0544676737322,134.50533234946002,-2.298140864081928,2.298140864081928,1688,7260,23.25068870523416,4755.423874880884,35.49630999071101,25.0,35.88235294117647,30.44117647058824,69.9581115977881,-1.9068049846518689,1.9068049846518689,58.04538703278483
257,1003,Suchitepéquez,San Francisco Zapotitlán,947.475076722164,1812.9354303231369,325.16874872535385,-2.810094360769936,2.810094360769936,1255,8342,15.044353871973149,3703.360840188818,33.88813713156866,15.294117647058824,34.11764705882353,24.705882352941178,69.42586067784548,-1.598264790746972,1.598264790746972,39.48654188904284
258,0606,Santa Rosa,Oratorio,667.0776285697353,1083.9339115758314,206.10588344535773,-2.0868016306399726,2.0868016306399726,2978,7941,37.50157410905428,14084.8526603415,21.143281167470843,47.94117647058824,18.235294117647054,33.08823529411765,69.04858336676381,-2.0152048699164777,2.0152048699164777,66.67957290164817
259,0508,Escuintla,Guanagazapa,806.1557114484605,1362.324178571676,270.2549364334725,-2.326033515429391,2.326033515429391,1306,3207,40.72341752416589,16217.643412256088,8.052957922437871,54.41176470588235,4.411764705882353,29.41176470588235,68.41275045380561,-1.2969874016674603,1.2969874016674603,38.14668828433707
260,2205,Jutiapa,Asunción Mita,526.5526818649676,825.0267459750874,137.04358512582877,-2.2015273698684146,2.2015273698684146,5809,17608,32.99068605179464,22217.25809599641,26.146340718105048,37.64705882352941,23.235294117647054,30.44117647058824,67.01708317099438,-2.8117574171513584,2.8117574171513584,85.59320372798989
261,1904,Zacapa,Gualán,619.5297459834705,977.2239900819606,198.06439072139463,-1.712941955526752,1.712941955526752,6100,15485,39.392960929932194,21881.38779197859,27.877573662106453,52.05882352941177,25.882352941176475,38.97058823529412,66.75435561979255,-2.192469038773166,2.192469038773166,85.44180812866016
262,1408,Quiché,San Antonio Ilotenango,356.8306457504505,658.324681447824,146.6798644492502,-2.2031167562111653,2.2031167562111653,1866,8046,23.19164802386279,5190.281908651931,35.951804407569355,24.41176470588235,36.17647058823529,30.29411764705882,66.74147820286764,-1.6831410737579036,1.6831410737579036,50.98927370501884
263,1325,Huehuetenango,San Sebastián Coatán,816.0918248076423,1367.798564648775,330.84732354899387,-1.814190066097852,1.814190066097852,1005,2322,43.281653746770026,6361.544645915436,15.79804993815899,60.588235294117645,12.058823529411764,36.3235294117647,65.89778622443669,-1.867414205726848,1.867414205726848,67.83107482566638
264,1105,Retalhuleu,San Felipe,1176.9540511635323,2092.907965518403,350.6397481871449,-2.689482138742411,2.689482138742411,1101,8804,12.505679236710586,3031.117448900048,36.32323783426928,12.352941176470589,36.47058823529412,24.41176470588235,65.65500515165297,-1.474916893235992,1.474916893235992,36.00532415840804
265,1803,Izabal,El Estor,1120.88979527865,1493.7811196449093,233.0953785211317,-1.474769697754682,1.474769697754682,9076,19779,45.88705192375752,36178.96437143149,25.086400779251743,65.29411764705883,22.058823529411764,43.6764705882353,64.41273532840303,-1.8447024489386703,1.8447024489386703,80.57009225511545
266,0206,El Progreso,Sansare,250.79025128966364,493.7283168592882,119.29226852926068,-2.139349848000607,2.139349848000607,1006,4113,24.459032336494044,3039.800266988378,33.09427961188629,26.764705882352946,33.23529411764706,30.0,64.1804954400182,-1.96767367435485,1.96767367435485,59.0302102306455
267,1005,Suchitepéquez,San José El Ídolo,792.1889645195691,1622.152108899734,327.15710558669144,-2.528282693923862,2.528282693923862,945,2595,36.41618497109827,12027.447091317068,7.857028950742344,46.76470588235294,3.823529411764706,25.294117647058822,63.95067990513297,-1.6403940917305024,1.6403940917305024,41.492321143771534
268,2007,Chiquimula,Esquipulas,509.1229021396841,1001.9670854688704,194.21787378994628,-2.549923852566985,2.549923852566985,5851,18708,31.275390207397905,31398.90682058973,18.634406711775156,34.11764705882353,15.588235294117649,24.852941176470587,63.37310751232654,-2.331740814865047,2.331740814865047,57.95061731061661
269,1708,Petén,Dolores,653.621195086634,882.759535814236,174.08437496061973,-1.3967968459802995,1.3967968459802995,4787,7816,61.24616171954964,94019.49219165654,5.091497399541164,89.11764705882354,1.4705882352941175,45.294117647058826,63.2666806708724,-1.7215660157760897,1.7215660157760897,77.97681365574054
270,1409,Quiché,San Pedro Jocopilas,360.2893533151519,667.3826161332735,148.58928532011743,-2.1556390386839293,2.1556390386839293,2304,8135,28.322065150583896,8116.331088525049,28.3872106111765,31.176470588235293,27.058823529411764,29.11764705882353,62.76713671462029,-1.7338000053492963,1.7338000053492963,50.48417662634716
271,0116,Guatemala,Villa Canales,487.80665384166537,949.6662954377316,165.2652985348972,-2.848291818744955,2.848291818744955,6715,62212,10.793737542596284,19912.02589015057,33.72333903664497,9.705882352941178,33.82352941176471,21.764705882352946,61.99223370209609,-1.332485810978941,1.332485810978941,29.00116176836519
272,1226,San Marcos,Sipacapa,450.9410386411168,558.8934622802726,115.92610126788148,-1.0279244173146562,1.0279244173146562,1849,3908,47.31320368474923,3815.472036308745,48.4605831835372,66.76470588235294,51.17647058823529,58.97058823529412,60.61730755046722,-1.0678486858911305,1.0678486858911305,62.97166515328578
273,1014,Suchitepéquez,Patulul,793.3077560281979,1532.2544763679412,305.24718117958776,-2.6720127211438727,2.6720127211438727,4100,13419,30.553692525523516,26304.64143350045,15.586602882860124,33.23529411764706,11.470588235294118,22.352941176470587,59.72734317851009,-1.6656880799991185,1.6656880799991185,37.23302767056853
274,1805,Izabal,Los Amates,786.897146356507,1030.206803473321,195.18899505996208,-1.252564108922068,1.252564108922068,10114,18764,53.90108718823279,56323.91218818101,17.956849244080594,80.29411764705883,15.0,47.64705882352941,59.68099577805148,-2.37887146184494,2.37887146184494,113.34622847614123
275,1714,Petén,El Chal,703.3142435593115,940.4299656792524,181.1037496662572,-1.3504602244115294,1.3504602244115294,2344,4090,57.31051344743276,50373.85656920373,4.653207357232629,86.47058823529412,1.1764705882352942,43.8235294117647,59.18193336391702,-1.4992370282441585,1.4992370282441585,65.70185800246459
276,1614,Alta Verapaz,Chahal,1248.9474170099952,1588.2396016072676,272.9365136904132,-1.2197654483556848,1.2197654483556848,3236,5639,57.38606135839688,24353.033821855974,13.287872154539556,86.76470588235294,10.0,48.38235294117647,59.0151224277971,-1.4457384887660742,1.4457384887660742,69.9482298241233
277,1229,San Marcos,San Lorenzo,554.4566299416737,758.9639551352044,130.31942346786462,-1.6081350429484789,1.6081350429484789,915,2702,33.86380458919319,2840.622815677196,32.21124589122427,40.88235294117647,31.47058823529412,36.17647058823529,58.17665008313614,-0.9733852127683256,0.9733852127683256,35.21364152073648
278,0104,Guatemala,San José Del Golfo,280.92232752826453,540.3428684672817,127.61438389904863,-2.219889019976492,2.219889019976492,520,2517,20.659515295987287,1705.610516409682,30.48761689712153,21.764705882352946,29.411764705882355,25.58823529411765,56.80304256998671,-1.7869911856119136,1.7869911856119136,45.72595092595191
279,0302,Sacatepéquez,Jocotenango,319.8923092588499,678.5260472225385,133.00926007348656,-2.796947508655409,2.796947508655409,184,10135,1.8154908732116428,486.292787592055,37.83728747265636,2.3529411764705883,38.23529411764706,20.294117647058822,56.76158179330095,-1.2048226867618737,1.2048226867618737,24.45081334899096
280,1613,Alta Verapaz,Chisec,1599.7607451806307,1930.678573177393,389.20982122138855,-0.901484448758336,0.901484448758336,15772,23412,67.36716213907398,48128.03778747399,32.770918419002925,92.94117647058825,32.35294117647059,62.647058823529406,56.47534928986045,-1.5174809624583805,1.5174809624583805,95.06571911871616
281,1601,Alta Verapaz,Cobán,1139.150564624629,1580.9880159124352,300.50123724106487,-1.3795674550628774,1.3795674550628774,28279,70939,39.86382666798235,93457.66719162338,30.25861959727436,52.64705882352941,28.823529411764703,40.73529411764706,56.19708603712015,-1.8242104408230533,1.8242104408230533,74.30974883940966
282,1419,Quiché,Chicamán,759.7032077680781,1168.753104051689,217.83134144973704,-2.020142259391992,2.020142259391992,2374,6625,35.83396226415094,18906.641203370797,12.556434400292892,45.294117647058826,9.411764705882351,27.35294117647059,55.25683238925154,-2.1867469105473725,2.1867469105473725,59.81395961203108
283,0204,El Progreso,San Cristóbal Acasaguastlán,624.1209168924428,1164.1188039644203,288.26095581054057,-2.018687148318358,2.018687148318358,650,2123,30.617051342439943,2703.717570911594,24.040972585048664,33.52941176470588,21.176470588235293,27.352941176470587,55.2170308216492,-1.961655483918184,1.961655483918184,53.65704706011503
284,1107,Retalhuleu,Champerico,470.3479691389704,777.7971456990546,174.86334297399617,-1.8940252664072184,1.8940252664072184,3241,8477,38.232865400495456,26812.6320503302,12.087586156839407,49.41176470588236,8.823529411764707,29.11764705882353,55.1495592277396,-1.250253652389245,1.250253652389245,36.40444458427507
285,1301,Huehuetenango,Huehuetenango,408.4400870284224,609.939814849416,128.27658938570903,-1.6612831094834422,1.6612831094834422,2730,46019,5.932332297529282,4603.535255043071,59.30225030881094,4.117647058823529,61.76470588235294,32.94117647058823,54.72462007710162,-1.410429459333446,1.410429459333446,46.46120571921939
286,1707,Petén,Santa Ana,555.3124326665591,770.9300322437916,163.5678827914945,-1.383617297174509,1.383617297174509,3434,6519,52.67679091885258,77035.32785121979,4.457695054705509,77.64705882352942,0.8823529411764706,39.26470588235294,54.32732622729323,-1.5390078932293638,1.5390078932293638,60.42869227827061
287,1328,Huehuetenango,San Rafael Pétzal,651.7661146011818,785.1050029432762,152.62095756772143,-0.958744256523907,0.958744256523907,932,2330,40.0,1601.2557826915586,58.20431751593095,52.94117647058824,60.29411764705882,56.61764705882353,54.281843935544735,-1.26726708520178,1.26726708520178,71.74968055921842
288,1002,Suchitepéquez,Cuyotenango,923.4078482323496,1735.916768105489,328.7747823727994,-2.4784623571902733,2.4784623571902733,2058,11414,18.030488873313477,7461.296325643661,27.582338379014363,18.529411764705884,25.0,21.764705882352946,53.94300424472948,-1.4579912339047727,1.4579912339047727,31.73275038498623
289,1911,Zacapa,San Jorge,245.15489353290647,539.1276583290166,137.95445207811346,-2.2227060514748005,2.2227060514748005,875,3315,26.395173453996986,3855.464721645959,22.69505917373428,28.823529411764703,19.705882352941178,24.264705882352946,53.93330860196208,-1.996030929933056,1.996030929933056,48.43310344690504
290,1228,San Marcos,Río Blanco,465.2673576289925,627.7260837024149,121.98273394033974,-1.478001109763088,1.478001109763088,322,840,38.333333333333336,1248.497673059503,25.79099720794222,50.0,22.94117647058824,36.47058823529412,53.90356988547733,-0.938603782664572,0.938603782664572,34.231432073649096
291,2202,Jutiapa,El Progreso,470.555370053667,768.604912350704,148.43674599349708,-2.1148836187672413,2.1148836187672413,2036,8331,24.43884287600528,7557.554519382651,26.9399313597848,26.47058823529412,24.11764705882353,25.294117647058822,53.49411506293611,-2.282636259476242,2.282636259476242,57.73727009263436
292,0703,Sololá,Santa María Visitación,808.1067004487878,1607.7832549361335,313.89632724194166,-2.587255326086308,2.587255326086308,182,753,24.16998671978752,1027.61099715926,17.710982122916448,25.882352941176475,14.411764705882351,20.147058823529413,52.12558524615062,-1.5357141019231466,1.5357141019231466,30.94012234756928
293,0103,Guatemala,San José Pinula,636.1784319671231,1147.53438964849,214.54544181718063,-2.428292343629938,2.428292343629938,3295,34372,9.58629116722914,9801.22057885838,33.61826186329736,8.823529411764707,33.52941176470588,21.17647058823529,51.422661394516325,-1.3999464370672503,1.3999464370672503,29.64592454965941
294,1217,San Marcos,Ayutla,755.3566894609111,1204.7765651572952,242.777266090156,-2.007356925673995,2.007356925673995,2857,12356,23.12236969893169,10065.615837010972,28.383757598764053,24.11764705882353,26.764705882352946,25.44117647058824,51.06952178552957,-0.5961768390868986,0.5961768390868986,15.167440170887271
295,1606,Alta Verapaz,Tucurú,1033.0021220865085,1537.4105659031677,329.7523448253469,-1.770772283867228,1.770772283867228,1568,4097,38.2719062728826,14240.848964090432,11.0105795234108,49.70588235294117,7.941176470588235,28.823529411764703,51.0399070055848,-2.118431279499952,2.118431279499952,61.06066629146919
296,1711,Petén,Melchor De Mencos,397.4417604812261,631.3363597575196,143.0652304309987,-1.6298020205460484,1.6298020205460484,3958,9656,40.990057995029,42295.98416841182,9.357862401877808,55.88235294117647,5.88235294117647,30.88235294117647,50.33212122274561,-1.5319135442265446,1.5319135442265446,47.309094748172704
297,0514,Escuintla,Sipacate,450.9527147695404,959.1796008549356,200.26173540828188,-2.556470210927532,2.556470210927532,1689,5339,31.63513766622963,21482.573777486177,7.862186428378887,34.705882352941174,4.117647058823529,19.41176470588235,49.62559821212268,-1.8021727906868272,1.8021727906868272,34.983354172156055
298,1713,Petén,Las Cruces,874.7663035438181,1108.149130729263,234.39303694558225,-0.9436050280774374,0.9436050280774374,7182,10073,71.29951355107714,70712.04630480165,10.156685282507956,96.17647058823528,6.764705882352941,51.47058823529412,48.56790585692692,-1.570696983977944,1.570696983977944,80.84469770474712
299,0601,Santa Rosa,Cuilapa,657.0373069447812,1077.8512685556866,201.6435181509653,-2.265888286344853,2.265888286344853,3531,14637,24.123795859807338,17742.745261937212,19.901091673648217,25.588235294117645,17.058823529411764,21.323529411764703,48.3167355176476,-1.476062796609893,1.476062796609893,31.474868457122717
300,1407,Quiché,Patzité,380.6401597577933,766.5994600226577,174.33308098671867,-2.3276223637324343,2.3276223637324343,415,1675,24.776119402985078,2459.795957833843,16.871318073286826,27.35294117647059,13.529411764705882,20.44117647058824,47.579339493942406,-1.6076741402517671,1.6076741402517671,32.86275080808759
301,0416,Chimaltenango,El Tejar,340.673241054795,738.4771872865766,164.3513856963441,-2.6012700392412187,2.6012700392412187,609,7857,7.751050019091256,1959.7054972390597,31.076097957473333,6.176470588235294,30.0,18.08823529411765,47.05238453333381,-1.319347483598018,1.319347483598018,23.86466771802297
302,0505,Escuintla,Masagua,675.6957643139905,1158.1921515426263,241.5575709421936,-2.225691601447166,2.225691601447166,3606,11182,32.248256125916654,41259.50014527578,8.739805347382251,36.76470588235294,5.294117647058823,21.029411764705884,46.804985148080114,-1.318416122027849,1.318416122027849,27.725515507350355
303,1222,San Marcos,Pajapita,982.0776198360768,1582.4649418180895,291.2402869811861,-2.100662734766152,2.100662734766152,1865,6644,28.070439494280556,10663.878881283568,17.48894582133061,30.58823529411765,13.823529411764708,22.205882352941178,46.64706955142484,-0.4930978067613074,0.4930978067613074,10.949671885434917
304,1205,San Marcos,San Miguel Ixtahuacán,527.1643776323192,606.3707948956901,121.86376622002628,-0.819305774486843,0.819305774486843,2720,5358,50.7652108995894,7036.927939198598,38.65323083455886,73.52941176470588,39.41176470588236,56.47058823529412,46.26667902984526,-0.9582765449801836,0.9582765449801836,54.11444018711624
305,1710,Petén,Sayaxché,924.6849913783436,1183.5489244738435,241.9844664272813,-1.1105561022832344,1.1105561022832344,11426,21454,53.25813368136478,152401.17962826157,7.497317296277108,79.41176470588235,3.5294117647058822,41.47058823529412,46.05541482998119,-1.4627459574433532,1.4627459574433532,60.660935293974354
306,0502,Escuintla,Santa Lucía Cotzumalguapa,966.5525419918952,1795.11849587012,347.2304426541072,-2.510285122888793,2.510285122888793,6846,33357,20.52342836586024,38526.674208998025,17.769506817178357,21.176470588235293,14.705882352941178,17.941176470588236,45.03746838124011,-1.5525433203237968,1.5525433203237968,27.85445368816224
307,1303,Huehuetenango,Malacatancito,400.2592441733463,551.6459262933046,115.63487380786717,-1.4197035629899777,1.4197035629899777,1880,5282,35.592578568723965,8821.910075412643,21.31057768588809,44.70588235294118,18.529411764705884,31.617647058823533,44.88768618277136,-1.2613863341502414,1.2613863341502414,39.88206791798558
308,1704,Petén,San Andrés,635.4240329413736,751.1520751159225,173.46235633155368,-0.8879411479665162,0.8879411479665162,6523,9969,65.43284180960978,190315.03206665543,3.427474923638928,92.05882352941175,0.5882352941176471,46.3235294117647,41.13256788374303,-1.515834744281931,1.515834744281931,70.21881536011887
309,1615,Alta Verapaz,Fray Bartolomé De Las Casas,1104.971533046766,1300.8514882609882,243.0194306871018,-0.8306775161527232,0.8306775161527232,10474,18538,56.5001618297551,64324.21824849189,16.28313609586008,84.70588235294117,13.23529411764706,48.97058823529412,40.67876659983189,-1.3934774354662494,1.3934774354662494,68.23940970739133
310,0920,Quetzaltenango,Coatepeque,911.2051071699336,1467.032428091822,288.8060767489688,-1.9350762177262344,1.9350762177262344,7776,35475,21.91966173361522,35917.18599194244,21.649802971046917,22.94117647058824,18.823529411764707,20.88235294117647,40.40894454663607,-0.565485685484261,0.565485685484261,11.808671667465452
311,1903,Zacapa,Río Hondo,374.3052466891352,727.7798935051619,159.04798778744575,-2.2554854847467847,2.2554854847467847,1355,7823,17.3207209510418,6554.053079113976,20.67422987949281,17.647058823529413,17.647058823529413,17.647058823529413,39.80268502494326,-2.2747051072257283,2.2747051072257283,40.14185483339521
312,0113,Guatemala,Fraijanes,504.4596101413289,981.7434944308012,175.93129984548875,-2.730766263441731,2.730766263441731,1743,27984,6.228559176672384,6357.883222379264,27.414784748873224,4.411764705882353,24.705882352941178,14.558823529411764,39.75674412951932,-1.1891410894090972,1.1891410894090972,17.312495272279502
313,0609,Santa Rosa,Taxisco,711.3702784953928,1180.7528605467542,249.6019689567457,-2.033290523845055,2.033290523845055,3023,9528,31.727539882451723,40522.24137192746,7.460100669787332,35.294117647058826,3.2352941176470598,19.264705882352946,39.17074391525033,-1.5398389369645222,1.5398389369645222,29.66454422681653
314,1905,Zacapa,Teculután,510.77335164667534,941.9054337247004,221.40891730395057,-2.0703266712073485,2.0703266712073485,795,6553,12.131848008545704,2808.856042498361,28.3033373007212,10.588235294117649,26.47058823529412,18.529411764705884,38.36193537825381,-2.124599224986513,2.124599224986513,39.36757387475009
315,1709,Petén,San Luis,1081.022884946702,1262.2479161227675,233.53651863093089,-0.7625850438521742,0.7625850438521742,13027,19187,67.89492885808099,152482.87652092494,8.543254362211831,94.41176470588236,5.0,49.70588235294117,37.904962473828654,-1.146105018126656,1.146105018126656,56.96816119511908
316,0611,Santa Rosa,Guazacapán,716.9086621695823,1160.7633202573302,245.8841681088363,-1.8968788368199592,1.8968788368199592,1515,6675,22.696629213483146,8021.558671593852,18.886603739058305,23.823529411764703,15.88235294117647,19.852941176470587,37.6586239662786,-1.6044730594053862,1.6044730594053862,31.85350926760693
317,0602,Santa Rosa,Barberena,594.7814309317347,1040.7091634488445,187.26832031187345,-2.558567227516007,2.558567227516007,3127,21242,14.72083607946521,17843.296538236697,17.524788613466686,14.705882352941178,14.117647058823527,14.411764705882351,36.873468867142456,-1.2299734455482654,1.2299734455482654,17.726087891725
318,1617,Alta Verapaz,Raxruhá,1510.5497338673042,1741.1713415529375,349.33955656770536,-0.6882539761159948,0.6882539761159948,6761,10913,61.9536332814075,33825.36307854819,19.987959875847658,89.70588235294117,17.352941176470587,53.52941176470589,36.84183048620913,-1.5447472959649111,1.5447472959649111,82.68941407812171
319,1103,Retalhuleu,Santa Cruz Muluá,848.7135823890734,1544.229806427359,285.80517530420144,-2.467834256412391,2.467834256412391,888,4211,21.08762764189029,8295.514086016694,10.70458070219969,22.35294117647059,7.352941176470589,14.85294117647059,36.65459704377229,-1.3641881095031947,1.3641881095031947,20.26220574409157
320,1706,Petén,San Francisco,744.1953835260408,969.536210037806,185.89970271469133,-1.1913877146514558,1.1913877146514558,1747,4088,42.7348336594912,76588.84674724242,2.281010975090705,59.11764705882353,0.2941176470588235,29.705882352941178,35.391223288175595,-1.3033907288082078,1.3033907288082078,38.71837164989088
321,0510,Escuintla,Iztapa,683.2989286869574,1145.4522130362054,254.28708795826137,-1.9196590521235293,1.9196590521235293,832,5176,16.0741885625966,3699.4924857303,22.489571291445905,16.470588235294116,19.411764705882355,17.941176470588236,34.44094181751038,-1.550308529938332,1.550308529938332,27.81435891948184
322,0608,Santa Rosa,Chiquimulilla,709.8673860153586,1117.0933130474318,236.2720697416584,-1.8050391506742385,1.8050391506742385,4922,17523,28.088797580323003,46614.386609695255,10.558971935450248,30.88235294117647,7.0588235294117645,18.97058823529412,34.24265447602599,-1.7033780664228606,1.7033780664228606,32.31408390713956
323,1206,San Marcos,Concepción Tutuapa,550.0280196614357,619.8821100059916,122.19846927649952,-0.8236385459481558,0.8236385459481558,2242,5976,37.51673360107095,8001.050036481864,28.021322073694076,48.23529411764706,26.176470588235297,37.20588235294117,30.644198841894617,-0.9689121029150426,0.9689121029150426,36.04922971139791
324,1712,Petén,Poptún,789.3533965858281,967.333854351013,184.497946473166,-1.0506844202207533,1.0506844202207533,6299,17342,36.3222235036328,40873.97459256754,15.4107841549263,46.47058823529412,11.176470588235295,28.823529411764707,30.284433288715828,-1.4095188629930824,1.4095188629930824,40.627308403918256
325,1702,Petén,San José,518.1251189972412,656.7428472938223,151.9613147461473,-1.121745476525625,1.121745476525625,868,2241,38.73270861222669,11918.04321842314,7.283074780751163,50.588235294117645,2.941176470588235,26.76470588235294,30.023187754068196,-1.3432263137336853,1.3432263137336853,35.95105722051922
326,1902,Zacapa,Estanzuela,242.1936870797009,523.3446573824335,130.8599930107165,-2.1712921329309256,2.1712921329309256,617,3338,18.484122228879567,5370.114330988405,11.48951329470926,19.11764705882353,8.235294117647058,13.676470588235292,29.69561299449648,-2.131073494611276,2.131073494611276,29.145563970418923
327,1705,Petén,La Libertad,892.9590479123934,1038.1929140187788,218.0788875370228,-0.6319433999084704,0.6319433999084704,13958,21522,64.85456741938482,258008.5001597883,5.409899282913398,91.76470588235294,2.0588235294117645,46.91176470588236,29.64558008394148,-1.4982264953220266,1.4982264953220266,70.28444882466566
328,0902,Quetzaltenango,Salcajá,273.1277627483752,522.1179762004917,110.998076888416,-2.31647532952712,2.31647532952712,300,8121,3.694126339120798,1163.613285856468,25.781761315933014,2.941176470588235,22.647058823529413,12.794117647058824,29.63725789247933,-1.3017624827671,1.3017624827671,16.65490235304966
329,0504,Escuintla,Siquinalá,1307.739776931391,2186.716206136632,415.076240489882,-2.3260856036077504,2.3260856036077504,1298,7242,17.923225628279482,12979.83357757609,10.00012821614616,18.235294117647054,6.470588235294119,12.352941176470589,28.733998632801622,-1.2969495877361026,1.2969495877361026,16.021141966151855
330,0503,Escuintla,La Democracia,711.4706918762043,1255.1504849464034,256.6638791278997,-2.332117045653712,2.332117045653712,1435,6587,21.78533475026568,27035.43127423984,5.307849486267714,22.647058823529413,1.7647058823529411,12.205882352941178,28.465546292537955,-1.357899636191186,1.357899636191186,16.574363206451242
331,0716,Sololá,San Marcos La Laguna,646.9889078338819,1252.207150395778,251.486690198684,-2.374090695418096,2.374090695418096,104,1126,9.236234458259323,655.98213551797,15.85409028218132,8.529411764705882,12.352941176470589,10.441176470588236,24.78829990804188,-1.5619948668351238,1.5619948668351238,16.3090640507785
332,1101,Retalhuleu,Retalhuleu,690.2486504457095,1124.9875993233516,231.7696433934576,-1.9722505333254703,1.9722505333254703,5376,30151,17.830254386255845,60948.659679264,8.820538512726355,17.941176470588236,5.588235294117648,11.764705882352942,23.202947450887887,-1.1138303302503594,1.1138303302503594,13.103886238239523
333,0509,Escuintla,San José,565.4674602157846,1012.6029206629688,228.0841406046076,-2.077464006467677,2.077464006467677,2710,22359,12.120398944496625,17180.32541249157,15.773857217102522,10.294117647058822,11.76470588235294,11.02941176470588,22.91320595368761,-1.507766565749696,1.507766565749696,16.62977829870988
334,0501,Escuintla,Escuintla,925.9664483081466,1571.1873511672766,277.59480938491146,-2.5147432992963785,2.5147432992963785,4065,59012,6.888429471971802,32490.4325283318,12.51137545323628,5.588235294117648,9.117647058823527,7.352941176470589,18.490759553649845,-1.195354622170809,1.195354622170809,8.789372221844184
335,1701,Petén,Flores,437.5282167342068,632.7231552919933,150.85208944118935,-1.5081641556959773,1.5081641556959773,2417,14621,16.531017030298884,22370.76970452147,10.80427733119745,16.76470588235294,7.647058823529412,12.205882352941176,18.40847425334796,-1.395817549894374,1.395817549894374,17.03718480018133
336,1804,Izabal,Morales,785.6657364153336,880.2766433628985,157.6859387489477,-0.5358936848205984,0.5358936848205984,11916,35324,33.73343902162836,88990.62587234814,13.390174395551286,40.294117647058826,10.294117647058822,25.294117647058822,13.55495791016808,-2.593951127083044,2.593951127083044,65.61170497915936
337,0906,Quetzaltenango,Cabricán,409.94567495682935,529.2194643073838,109.12562566683222,-1.2339420209124452,1.2339420209124452,191,2980,6.409395973154362,1482.0614671042842,12.887454686557913,4.705882352941177,9.705882352941178,7.2058823529411775,8.891641033045563,-0.9772099871937237,0.9772099871937237,7.041660201837128
338,1802,Izabal,Livingston,1621.094905140444,1696.8682721905354,250.51176402965345,-0.2018523211234504,0.2018523211234504,9560,21142,45.218049380380286,101058.807659434,9.459838505335425,64.11764705882354,6.176470588235294,35.14705882352941,7.09451540419186,-1.4319013635482314,1.4319013635482314,50.32712145412167
339,1703,Petén,San Benito,751.2377436721945,930.8253484658908,183.27453263731115,-0.8405812910597178,0.8405812910597178,1463,16510,8.861296184130829,25737.4045400732,5.684333856283393,8.235294117647058,2.3529411764705883,5.294117647058823,4.450136246786741,-1.0928972914789217,1.0928972914789217,5.78592683724135
340,1801,Izabal,Puerto Barrios,1077.1364821756451,1125.0695268227496,228.702909938302,-0.2976035506632966,0.2976035506632966,4927,40128,12.278209728867624,71056.69946138568,6.933899318919925,11.176470588235295,2.647058823529412,6.911764705882353,2.056965717819844,-2.283167252926409,2.283167252926409,15.78071483640312
