municipality_id,department,municipality,historical_mean_may_aug_mm,historical_sd_may_aug_mm,year,rain_may_aug_mm,historical_percentile,rainfall_z_score,data_status,percentile_group
101,Guatemala,Guatemala,805.9353880763103,168.58441163415105,2015,560.1430032031847,2.2222222222222223,-1.4579781279334738,FINAL historical CHIRPS,1-10
102,Guatemala,Santa Catarina Pinula,979.7887848916724,188.28410955681804,2015,722.6155934268032,4.444444444444445,-1.3658783636611813,FINAL historical CHIRPS,1-10
103,Guatemala,San José Pinula,1157.1574856924851,214.54544181718063,2015,856.805358831504,2.2222222222222223,-1.3999464370672505,FINAL historical CHIRPS,1-10
104,Guatemala,San José Del Golfo,564.2120971368274,127.61438389904863,2015,336.16631795193257,2.2222222222222223,-1.7869911856119138,FINAL historical CHIRPS,1-10
105,Guatemala,Palencia,813.5525578322723,175.5907257759969,2015,518.8578817440826,2.2222222222222223,-1.6783043340462926,FINAL historical CHIRPS,1-10
106,Guatemala,Chinautla,781.2513278676729,175.818569432629,2015,514.3566933733922,4.444444444444445,-1.5180116375395185,FINAL historical CHIRPS,1-10
107,Guatemala,San Pedro Ayampuc,679.3514012654831,147.4031573174629,2015,435.2565456910141,2.2222222222222223,-1.6559676198031548,FINAL historical CHIRPS,1-10
108,Guatemala,Mixco,782.2114395617658,168.7531626939166,2015,556.5026496687739,4.444444444444445,-1.33750850229919,FINAL historical CHIRPS,1-10
109,Guatemala,San Pedro Sacatepéquez,794.3541452704935,178.34897148315923,2015,564.5842227483873,8.88888888888889,-1.2883164988916262,FINAL historical CHIRPS,1-10
110,Guatemala,San Juan Sacatepéquez,783.2933334662749,168.60131643179946,2015,541.3000011378946,6.666666666666667,-1.4352991865651803,FINAL historical CHIRPS,1-10
111,Guatemala,San Raymundo,755.7512996836648,166.0762972765092,2015,501.629279252631,4.444444444444445,-1.5301522529005607,FINAL historical CHIRPS,1-10
112,Guatemala,Chuarrancho,632.3679121520246,139.41749551678137,2015,385.40646054621106,2.2222222222222223,-1.771380634047377,FINAL historical CHIRPS,1-10
113,Guatemala,Fraijanes,984.886868442841,175.93129984548875,2015,775.679730883418,8.88888888888889,-1.1891410894090972,FINAL historical CHIRPS,1-10
114,Guatemala,Amatitlán,770.7506099946462,141.7059418775292,2015,589.9172431839966,4.444444444444445,-1.2761170379639881,FINAL historical CHIRPS,1-10
115,Guatemala,Villa Nueva,749.2480761473272,147.86884669335356,2015,567.5639752146405,8.88888888888889,-1.2286841007792415,FINAL historical CHIRPS,1-10
116,Guatemala,Villa Canales,958.5304515810556,165.2652985348972,2015,738.3167862361064,4.444444444444445,-1.3324858109789404,FINAL historical CHIRPS,1-10
117,Guatemala,Petapa,824.5842238321788,155.46342950729655,2015,629.2511968970549,6.666666666666667,-1.2564564383674306,FINAL historical CHIRPS,1-10
201,El Progreso,Guastatoya,499.9250215443532,128.82658094937884,2015,255.0012366539197,2.2222222222222223,-1.9011898249995005,FINAL historical CHIRPS,1-10
202,El Progreso,Morazán,537.8735509995524,139.03309410033285,2015,264.74158390845076,2.2222222222222223,-1.964510456006947,FINAL historical CHIRPS,1-10
203,El Progreso,San Agustín Acasaguastlán,850.9877350833432,209.55483649472436,2015,449.03125982454816,2.2222222222222223,-1.9181445867937028,FINAL historical CHIRPS,1-10
204,El Progreso,San Cristóbal Acasaguastlán,1206.029603749147,288.26095581054057,2015,640.560918983903,2.2222222222222223,-1.9616554839181837,FINAL historical CHIRPS,1-10
205,El Progreso,El Jícaro,831.8877020564397,201.77447027937455,2015,441.0793525178318,2.2222222222222223,-1.9368572693933939,FINAL historical CHIRPS,1-10
206,El Progreso,Sansare,505.998147835385,119.29226852926068,2015,271.26989149628923,2.2222222222222223,-1.9676736743548497,FINAL historical CHIRPS,1-10
207,El Progreso,Sanarate,574.1882496351507,134.01539834303213,2015,299.16941322795986,2.2222222222222223,-2.0521435581845573,FINAL historical CHIRPS,1-10
208,El Progreso,San Antonio La Paz,585.7613569216905,134.50533234946002,2015,329.2859187354839,2.2222222222222223,-1.9068049846518689,FINAL historical CHIRPS,1-10
301,Sacatepéquez,Antigua Guatemala,686.4445699312046,131.24946982128176,2015,542.4406483345621,8.88888888888889,-1.0971771679743016,FINAL historical CHIRPS,1-10
302,Sacatepéquez,Jocotenango,691.9122278494875,133.00926007348656,2015,531.6596537635406,6.666666666666667,-1.2048226867618737,FINAL historical CHIRPS,1-10
303,Sacatepéquez,Pastores,723.5100863668026,142.33409664696933,2015,545.2958810046972,6.666666666666667,-1.2520837210505462,FINAL historical CHIRPS,1-10
304,Sacatepéquez,Sumpango,791.7566790943899,163.07981547651625,2015,575.1359839928052,6.666666666666667,-1.328310891624589,FINAL historical CHIRPS,1-10
305,Sacatepéquez,Santo Domingo Xenacoj,832.2260841706184,180.5512098131162,2015,601.9541325107539,8.88888888888889,-1.2753830445014072,FINAL historical CHIRPS,1-10
306,Sacatepéquez,Santiago Sacatepéquez,775.5974746731882,162.81505442021967,2015,566.2081961709275,8.88888888888889,-1.2860560053730332,FINAL historical CHIRPS,1-10
307,Sacatepéquez,San Bartolomé Milpas Altas,719.6066482916153,146.39322856487334,2015,534.246596165131,8.88888888888889,-1.266179139182951,FINAL historical CHIRPS,1-10
308,Sacatepéquez,San Lucas Sacatepéquez,725.9762011225885,148.85370529187512,2015,532.7040194142899,8.88888888888889,-1.2984035656306097,FINAL historical CHIRPS,1-10
309,Sacatepéquez,Santa Lucía Milpas Altas,669.6792800983123,132.8006168235905,2015,507.0772469090165,8.88888888888889,-1.224407213449113,FINAL historical CHIRPS,1-10
310,Sacatepéquez,Magdalena Milpas Altas,630.1849154482805,123.36504196439412,2015,494.76421833467623,8.88888888888889,-1.0977234308621215,FINAL historical CHIRPS,1-10
311,Sacatepéquez,Santa María De Jesús,726.5518227355706,135.44881171951408,2015,578.9877353646792,8.88888888888889,-1.0894454185132716,FINAL historical CHIRPS,1-10
312,Sacatepéquez,Ciudad Vieja,793.8592450768402,147.458611349329,2015,644.412867596229,13.333333333333334,-1.0134801630986012,FINAL historical CHIRPS,11-25
313,Sacatepéquez,San Miguel Dueñas,995.3007053904802,178.0989055862011,2015,791.3681634528239,11.11111111111111,-1.1450521903344968,FINAL historical CHIRPS,11-25
314,Sacatepéquez,Alotenango,1292.4140039749363,225.18995712839185,2015,1060.437617652961,8.88888888888889,-1.0301364646990636,FINAL historical CHIRPS,1-10
315,Sacatepéquez,San Antonio Aguas Calientes,746.1007177910299,145.22642163423063,2015,586.8753098976283,11.11111111111111,-1.0963942105137656,FINAL historical CHIRPS,11-25
316,Sacatepéquez,Santa Catarina Barahona,813.601703348977,150.8322437110738,2015,647.2026712698494,8.88888888888889,-1.1032059723110184,FINAL historical CHIRPS,1-10
401,Chimaltenango,Chimaltenango,749.512736867835,154.63552760171504,2015,549.1445209519978,6.666666666666667,-1.2957450271836166,FINAL historical CHIRPS,1-10
402,Chimaltenango,San José Poaquil,709.0320780503096,141.40927988794732,2015,509.9079730114167,2.2222222222222223,-1.4081402945880126,FINAL historical CHIRPS,1-10
403,Chimaltenango,San Martín Jilotepeque,739.4113865795837,151.6626684184607,2015,515.9878791497588,4.444444444444445,-1.473160862588577,FINAL historical CHIRPS,1-10
404,Chimaltenango,Comalapa,648.3139105815285,127.81696212756934,2015,477.77402209734396,6.666666666666667,-1.3342508352997393,FINAL historical CHIRPS,1-10
405,Chimaltenango,Santa Apolonia,661.7249161806004,134.54131993168744,2015,479.096773046493,2.2222222222222223,-1.357413047730138,FINAL historical CHIRPS,1-10
406,Chimaltenango,Tecpán Guatemala,704.4997923126705,140.01891200488507,2015,500.8414770228038,2.2222222222222223,-1.4545057690689762,FINAL historical CHIRPS,1-10
407,Chimaltenango,Patzún,916.9119148679318,173.08210726476085,2015,677.5959032101191,4.444444444444445,-1.382673318691082,FINAL historical CHIRPS,1-10
408,Chimaltenango,Pochuta,1769.1927153780148,328.2262983753185,2015,1294.8144324828706,2.2222222222222223,-1.44527810612148,FINAL historical CHIRPS,1-10
409,Chimaltenango,Patzicía,887.3120102312872,161.5301684122741,2015,694.0209928987405,6.666666666666667,-1.1966248734367027,FINAL historical CHIRPS,1-10
410,Chimaltenango,Santa Cruz Balanyá,639.4036458665408,122.5060484514632,2015,489.9611139171352,8.88888888888889,-1.21987880466665,FINAL historical CHIRPS,1-10
411,Chimaltenango,Acatenango,1690.587958278603,301.3902945300818,2015,1318.927151340957,4.444444444444445,-1.233154529800397,FINAL historical CHIRPS,1-10
412,Chimaltenango,Yepocapa,2115.314626365632,395.8743354680076,2015,1635.2090492914097,8.88888888888889,-1.2127726757195203,FINAL historical CHIRPS,1-10
413,Chimaltenango,San Andrés Itzapa,850.4597466304372,156.30765321516728,2015,670.3126087363288,11.11111111111111,-1.152516426346217,FINAL historical CHIRPS,11-25
414,Chimaltenango,Parramos,798.4335508041568,147.67331471128813,2015,631.1706547441181,6.666666666666667,-1.1326548495714988,FINAL historical CHIRPS,1-10
415,Chimaltenango,Zaragoza,721.3780456783431,141.0502285495799,2015,544.743005182267,8.88888888888889,-1.2522846812260782,FINAL historical CHIRPS,1-10
416,Chimaltenango,El Tejar,768.1955765744727,164.3513856963441,2015,551.3589894301539,6.666666666666667,-1.319347483598018,FINAL historical CHIRPS,1-10
501,Escuintla,Escuintla,1624.0461351283082,277.59480938491146,2015,1292.2218966394296,4.444444444444445,-1.195354622170809,FINAL historical CHIRPS,1-10
502,Escuintla,Santa Lucía Cotzumalguapa,1838.199956400591,347.2304426541072,2015,1299.1096520448816,2.2222222222222223,-1.5525433203237968,FINAL historical CHIRPS,1-10
503,Escuintla,La Democracia,1310.040899393983,256.6638791278997,2015,961.5171113027894,2.2222222222222223,-1.357899636191186,FINAL historical CHIRPS,1-10
504,Escuintla,Siquinalá,2273.242644334534,415.076240489882,2015,1734.90968535213,4.444444444444445,-1.2969495877361026,FINAL historical CHIRPS,1-10
505,Escuintla,Masagua,1213.328421226009,241.55757094219356,2015,894.8550252979348,4.444444444444445,-1.3184161220278499,FINAL historical CHIRPS,1-10
506,Escuintla,Tiquisate,1099.3330593701887,216.54027105385555,2015,679.8157645553117,2.2222222222222223,-1.937363857416338,FINAL historical CHIRPS,1-10
507,Escuintla,La Gomera,1192.8089121952646,235.2033963522672,2015,801.470453701641,2.2222222222222223,-1.6638299640346645,FINAL historical CHIRPS,1-10
508,Escuintla,Guanagazapa,1434.777751302957,270.2549364334725,2015,1084.260503510303,4.444444444444445,-1.2969874016674605,FINAL historical CHIRPS,1-10
509,Escuintla,San José,1039.3040527679698,228.0841406046076,2015,695.4064113865899,2.2222222222222223,-1.5077665657496957,FINAL historical CHIRPS,1-10
510,Escuintla,Iztapa,1171.443438924166,254.28708795826137,2015,777.2199974092945,2.2222222222222223,-1.5503085299383321,FINAL historical CHIRPS,1-10
511,Escuintla,Palín,1229.6740875837374,204.72369759478815,2015,982.0416455843224,6.666666666666667,-1.2095934418376746,FINAL historical CHIRPS,1-10
512,Escuintla,San Vicente Pacaya,1232.4522222820158,199.66916006312087,2015,963.6598706074734,4.444444444444445,-1.3461886231682938,FINAL historical CHIRPS,1-10
513,Escuintla,Nueva Concepción,1106.7321636729432,217.2521432221644,2015,693.570067093062,2.2222222222222223,-1.901763041100944,FINAL historical CHIRPS,1-10
514,Escuintla,Sipacate,962.9158757294643,200.26173540828188,2015,602.009625160934,2.2222222222222223,-1.8021727906868272,FINAL historical CHIRPS,1-10
601,Santa Rosa,Cuilapa,1113.9389927404193,201.6435181509653,2015,816.3004974202478,4.444444444444445,-1.4760627966098927,FINAL historical CHIRPS,1-10
602,Santa Rosa,Barberena,1073.9200180336643,187.26832031187345,2015,843.5849568576331,8.88888888888889,-1.2299734455482654,FINAL historical CHIRPS,1-10
603,Santa Rosa,Santa Rosa De Lima,1098.9141519919351,194.4955596021213,2015,864.9705629784619,6.666666666666667,-1.2028222623285107,FINAL historical CHIRPS,1-10
604,Santa Rosa,Casillas,879.8319224739535,162.46157554480118,2015,631.5147560323459,2.2222222222222223,-1.5284670581883557,FINAL historical CHIRPS,1-10
605,Santa Rosa,San Rafael Las Flores,874.5888859801289,169.53719373055472,2015,629.0788082382984,2.2222222222222223,-1.4481192730606325,FINAL historical CHIRPS,1-10
606,Santa Rosa,Oratorio,1097.179722228,206.10588344535773,2015,681.8341421904771,2.2222222222222223,-2.0152048699164777,FINAL historical CHIRPS,1-10
607,Santa Rosa,San Juan Tecuaco,1321.7291983875978,262.39251357275003,2015,854.1667152283965,2.2222222222222223,-1.7819200585902637,FINAL historical CHIRPS,1-10
608,Santa Rosa,Chiquimulilla,1136.347722109886,236.27206974165836,2015,733.8870608036128,2.2222222222222223,-1.7033780664228604,FINAL historical CHIRPS,1-10
609,Santa Rosa,Taxisco,1218.8835967082114,249.6019689567457,2015,834.5367661656044,2.2222222222222223,-1.5398389369645222,FINAL historical CHIRPS,1-10
610,Santa Rosa,Santa María Ixhuatán,1257.5784654709946,239.9426739466533,2015,846.39629119311,2.2222222222222223,-1.7136683838461484,FINAL historical CHIRPS,1-10
611,Santa Rosa,Guazacapán,1183.321136964315,245.8841681088363,2015,788.8066134993821,2.2222222222222223,-1.6044730594053862,FINAL historical CHIRPS,1-10
612,Santa Rosa,Santa Cruz Naranjo,977.6221615972704,174.95455960334098,2015,764.8736300153475,6.666666666666667,-1.2160216462164164,FINAL historical CHIRPS,1-10
613,Santa Rosa,Pueblo Nuevo Viñas,1220.0645940798386,219.6366533207205,2015,931.3435192581919,4.444444444444445,-1.3145395837007534,FINAL historical CHIRPS,1-10
614,Santa Rosa,Nueva Santa Rosa,977.5418471262176,176.83722384095813,2015,738.9388582317688,2.2222222222222223,-1.3492803365259842,FINAL historical CHIRPS,1-10
701,Sololá,Sololá,796.1153602579475,172.49984365865305,2015,535.6100138376323,2.2222222222222223,-1.510177289991112,FINAL historical CHIRPS,1-10
702,Sololá,San José Chacayá,876.8463517075679,190.8287806304109,2015,606.8363634271925,2.2222222222222223,-1.4149332579099758,FINAL historical CHIRPS,1-10
703,Sololá,Santa María Visitación,1620.236644944432,313.89632724194166,2015,1138.1816286570993,2.2222222222222223,-1.5357141019231473,FINAL historical CHIRPS,1-10
704,Sololá,Santa Lucía Utatlán,947.1030120330583,198.13819272096447,2015,642.7375696313721,2.2222222222222223,-1.5361270748558822,FINAL historical CHIRPS,1-10
705,Sololá,Nahualá,1268.7054003297897,237.9665454153107,2015,883.029777704903,2.2222222222222223,-1.6207136257400674,FINAL historical CHIRPS,1-10
706,Sololá,Santa Catarina Ixtahuacán,1543.316357577862,292.45920878019774,2015,1074.3649927839808,2.2222222222222223,-1.6034761454419744,FINAL historical CHIRPS,1-10
707,Sololá,Santa Clara La Laguna,1465.2036463075349,287.3942095803723,2015,1026.2423378614426,2.2222222222222223,-1.5273839688246498,FINAL historical CHIRPS,1-10
708,Sololá,Concepción,788.8802352552333,169.24181993202586,2015,543.454168171477,4.444444444444445,-1.4501502476298647,FINAL historical CHIRPS,1-10
709,Sololá,San Andrés Semetabaj,747.6849343704423,150.72352112651757,2015,516.3149660278102,2.2222222222222223,-1.5350621231069819,FINAL historical CHIRPS,1-10
710,Sololá,Panajachel,801.8707087544167,165.17576083893948,2015,552.3144729676487,2.2222222222222223,-1.5108526488345144,FINAL historical CHIRPS,1-10
711,Sololá,Santa Catarina Palopó,755.7059488544892,152.48686043079613,2015,520.044878842953,2.2222222222222223,-1.5454516497077948,FINAL historical CHIRPS,1-10
712,Sololá,San Antonio Palopó,747.2474848891236,151.7801546256108,2015,527.01170817023,2.2222222222222223,-1.4510182656101462,FINAL historical CHIRPS,1-10
713,Sololá,San Lucas Tolimán,998.124988336358,195.54731318396853,2015,711.9611192176296,2.2222222222222223,-1.463399647171367,FINAL historical CHIRPS,1-10
714,Sololá,Santa Cruz La Laguna,882.1788192461042,183.01869125632157,2015,601.3483618337327,2.2222222222222223,-1.5344359392181561,FINAL historical CHIRPS,1-10
715,Sololá,San Pablo La Laguna,1315.3595202734073,265.1779670282575,2015,900.8233103752136,2.2222222222222223,-1.5632377551714938,FINAL historical CHIRPS,1-10
716,Sololá,San Marcos La Laguna,1244.0411190560706,251.48669019868396,2015,851.2201998883712,2.2222222222222223,-1.5619948668351236,FINAL historical CHIRPS,1-10
717,Sololá,San Juan La Laguna,1721.7704541836902,334.7343296776085,2015,1202.5950094394602,2.2222222222222223,-1.551007466859648,FINAL historical CHIRPS,1-10
718,Sololá,San Pedro La Laguna,1464.0635446251774,288.5893155384523,2015,1034.9595115063325,2.2222222222222223,-1.48690200923835,FINAL historical CHIRPS,1-10
719,Sololá,Santiago Atitlán,1207.08484214742,236.3577700964272,2015,853.2058499693368,2.2222222222222223,-1.4972175106987626,FINAL historical CHIRPS,1-10
801,Totonicapán,Totonicapán,721.9187731075076,154.79012670116526,2015,486.7125943423869,2.2222222222222223,-1.5195166757580414,FINAL historical CHIRPS,1-10
802,Totonicapán,San Cristóbal Totonicapán,554.1177187684923,115.37663651756306,2015,396.68496507587105,4.444444444444445,-1.3645115548905453,FINAL historical CHIRPS,1-10
803,Totonicapán,San Francisco El Alto,559.1981274305095,115.82724135237407,2015,406.61879193677396,4.444444444444445,-1.3173009536638525,FINAL historical CHIRPS,1-10
804,Totonicapán,San Andrés Xecul,549.2034851718106,110.96966396468513,2015,397.78623957607476,4.444444444444445,-1.3644922421673973,FINAL historical CHIRPS,1-10
805,Totonicapán,Momostenango,558.6655103630383,119.92458481448308,2015,394.1418625289378,4.444444444444445,-1.3718925780615356,FINAL historical CHIRPS,1-10
806,Totonicapán,Santa María Chiquimula,640.7468482743094,140.72309445307488,2015,426.65642433602585,2.2222222222222223,-1.5213595520362404,FINAL historical CHIRPS,1-10
807,Totonicapán,Santa Lucía La Reforma,587.8163376011979,136.76948524516544,2015,366.03674637866845,2.2222222222222223,-1.6215575486372533,FINAL historical CHIRPS,1-10
808,Totonicapán,San Bartolo Aguas Calientes,512.8707543919937,111.10992944588682,2015,372.9991002769577,8.88888888888889,-1.2588582749767372,FINAL historical CHIRPS,1-10
901,Quetzaltenango,Quetzaltenango,1145.3146144931693,188.44248271678435,2015,851.9803794970205,2.2222222222222223,-1.5566247629894012,FINAL historical CHIRPS,1-10
902,Quetzaltenango,Salcajá,530.2520694853453,110.998076888416,2015,385.7589373327074,6.666666666666667,-1.3017624827671002,FINAL historical CHIRPS,1-10
903,Quetzaltenango,Olintepeque,736.2352090254996,133.1539170239603,2015,549.0379269166309,6.666666666666667,-1.4058713877353195,FINAL historical CHIRPS,1-10
904,Quetzaltenango,San Carlos Sija,545.3221676103338,108.79745441103373,2015,420.9216120960462,11.11111111111111,-1.143414211184628,FINAL historical CHIRPS,11-25
905,Quetzaltenango,Sibilia,643.9782227050529,118.29922017181416,2015,519.2944885868937,15.555555555555555,-1.053969197236231,FINAL historical CHIRPS,11-25
906,Quetzaltenango,Cabricán,544.6003700254953,109.12562566683222,2015,437.9617187651031,20.0,-0.9772099871937235,FINAL historical CHIRPS,11-25
907,Quetzaltenango,Cajolá,708.648964604125,122.25432925685584,2015,556.529635161129,8.88888888888889,-1.2442858291209786,FINAL historical CHIRPS,1-10
908,Quetzaltenango,San Miguel Sigüilá,986.492573424658,161.14704633742463,2015,778.0007978403833,8.88888888888889,-1.2937983060993579,FINAL historical CHIRPS,1-10
909,Quetzaltenango,San Juan Ostuncalco,1458.561688766761,211.6562400828516,2015,1186.432975436117,11.11111111111111,-1.2857107979623985,FINAL historical CHIRPS,11-25
910,Quetzaltenango,San Mateo,1504.6769481178603,240.70331787142277,2015,1149.5189101745402,2.2222222222222223,-1.475501214873307,FINAL historical CHIRPS,1-10
911,Quetzaltenango,Concepción Chiquirichapa,1525.6055127944646,237.32764234552107,2015,1202.4063136249083,8.88888888888889,-1.3618270336121083,FINAL historical CHIRPS,1-10
912,Quetzaltenango,San Martín Sacatepéquez,1762.2051743455766,261.3859745369572,2015,1390.8396248457243,6.666666666666667,-1.4207554562088607,FINAL historical CHIRPS,1-10
913,Quetzaltenango,Almolonga,776.4790522113119,150.50365733191862,2015,565.3662107945883,2.2222222222222223,-1.4027090448117046,FINAL historical CHIRPS,1-10
914,Quetzaltenango,Cantel,776.9591226558856,156.33656089803773,2015,556.5153935664558,2.2222222222222223,-1.41005870810477,FINAL historical CHIRPS,1-10
915,Quetzaltenango,Huitán,557.6377836239028,111.25669226851754,2015,452.45445737519,17.77777777777778,-0.945411229689027,FINAL historical CHIRPS,11-25
916,Quetzaltenango,Zunil,1488.092460957035,260.0360140540043,2015,1072.8510793999985,2.2222222222222223,-1.5968610466041027,FINAL historical CHIRPS,1-10
917,Quetzaltenango,Colomba,1963.914559392073,316.5981828058234,2015,1634.83503991204,15.555555555555555,-1.0394232732594826,FINAL historical CHIRPS,11-25
918,Quetzaltenango,San Francisco La Unión,618.0943281105618,117.30717318727554,2015,456.6925921986256,6.666666666666667,-1.375889739106284,FINAL historical CHIRPS,1-10
919,Quetzaltenango,El Palmar,2052.436727488432,329.6186510198038,2015,1554.5056123176646,4.444444444444445,-1.5106278532183282,FINAL historical CHIRPS,1-10
920,Quetzaltenango,Coatepeque,1470.066877821681,288.8060767489688,2015,1306.7511755392702,33.33333333333333,-0.565485685484261,FINAL historical CHIRPS,26-50
921,Quetzaltenango,Génova,1611.7093857309733,310.6797081318067,2015,1382.085433975827,22.22222222222222,-0.7391018651843448,FINAL historical CHIRPS,11-25
922,Quetzaltenango,Flores Costa Cuca,1731.2845424469606,332.9876726916117,2015,1529.3580572909714,31.11111111111111,-0.6064082899038681,FINAL historical CHIRPS,26-50
923,Quetzaltenango,La Esperanza,1437.055826931695,235.60654688793105,2015,1111.8955570459366,6.666666666666667,-1.3800986185686286,FINAL historical CHIRPS,1-10
924,Quetzaltenango,Palestina De los Altos,856.8915330168301,134.98177777276476,2015,688.7688051001203,6.666666666666667,-1.2455216599661043,FINAL historical CHIRPS,1-10
1001,Suchitepéquez,Mazatenango,1751.147077615376,331.47145972061446,2015,1243.263957591482,4.444444444444445,-1.532207691280482,FINAL historical CHIRPS,1-10
1002,Suchitepéquez,Cuyotenango,1738.263770336757,328.7747823727994,2015,1258.9130197082661,6.666666666666667,-1.4579912339047727,FINAL historical CHIRPS,1-10
1003,Suchitepéquez,San Francisco Zapotitlán,1861.2299438138969,325.16874872535385,2015,1341.5241816749144,2.2222222222222223,-1.598264790746972,FINAL historical CHIRPS,1-10
1004,Suchitepéquez,San Bernardino,1723.8960394736398,319.5531279483426,2015,1188.9565153497947,2.2222222222222223,-1.674023745467204,FINAL historical CHIRPS,1-10
1005,Suchitepéquez,San José El Ídolo,1619.3346127686227,327.15710558669144,2015,1082.668029696562,2.2222222222222223,-1.6403940917305024,FINAL historical CHIRPS,1-10
1006,Suchitepéquez,Santo Domingo Suchitepéquez,1352.597906341348,273.22131149226936,2015,883.9583954361473,2.2222222222222223,-1.7152377621848167,FINAL historical CHIRPS,1-10
1007,Suchitepéquez,San Lorenzo,1104.0018040192017,232.6083146418275,2015,699.9191435686027,2.2222222222222223,-1.7371806380731027,FINAL historical CHIRPS,1-10
1008,Suchitepéquez,Samayac,1746.6888791660697,313.8681426147742,2015,1211.9129450006976,2.2222222222222223,-1.7038235537708868,FINAL historical CHIRPS,1-10
1009,Suchitepéquez,San Pablo Jocopilas,1812.852720916473,337.1960968303216,2015,1262.8157386410408,2.2222222222222223,-1.6312080342739343,FINAL historical CHIRPS,1-10
1010,Suchitepéquez,San Antonio Suchitepéquez,1711.2380979792338,332.41965185148695,2015,1176.557237483835,2.2222222222222223,-1.6084514183122807,FINAL historical CHIRPS,1-10
1011,Suchitepéquez,San Miguel Panán,1745.6555993277143,340.7127948350453,2015,1200.1265442993201,2.2222222222222223,-1.6011405010267072,FINAL historical CHIRPS,1-10
1012,Suchitepéquez,San Gabriel,1767.1736324052554,331.2003191366025,2015,1268.542101403511,4.444444444444445,-1.5055285342164342,FINAL historical CHIRPS,1-10
1013,Suchitepéquez,Chicacao,2060.3438909403435,398.84357474031793,2015,1419.138669224522,2.2222222222222223,-1.6076609034840346,FINAL historical CHIRPS,1-10
1014,Suchitepéquez,Patulul,1608.9321072333648,305.24718117958776,2015,1100.4855160891943,2.2222222222222223,-1.6656880799991183,FINAL historical CHIRPS,1-10
1015,Suchitepéquez,Santa Bárbara,1633.9436003797866,328.517677969249,2015,1138.994420603718,2.2222222222222223,-1.5066135339675646,FINAL historical CHIRPS,1-10
1016,Suchitepéquez,San Juan Bautista,1564.6664893757536,313.9148725966849,2015,1100.2639284972013,2.2222222222222223,-1.4793901194838024,FINAL historical CHIRPS,1-10
1017,Suchitepéquez,Santo Tomás La Unión,2121.958095368401,396.6460686889938,2015,1472.111895468767,2.2222222222222223,-1.6383528066911754,FINAL historical CHIRPS,1-10
1018,Suchitepéquez,Zunilito,1993.384852056032,349.9310223871798,2015,1416.6009612096968,2.2222222222222223,-1.6482788148121232,FINAL historical CHIRPS,1-10
1019,Suchitepéquez,Pueblo Nuevo,1985.7581929688863,347.40839170400017,2015,1427.7672651892158,2.2222222222222223,-1.6061527041496784,FINAL historical CHIRPS,1-10
1020,Suchitepéquez,Río Bravo,1769.7559169716574,356.22842430425106,2015,1178.9718593127823,2.2222222222222223,-1.6584416552742363,FINAL historical CHIRPS,1-10
1021,Suchitepéquez,San José La Máquina,1244.585003925121,256.5799450245832,2015,815.0965259294777,2.2222222222222223,-1.6738973030588717,FINAL historical CHIRPS,1-10
1101,Retalhuleu,Retalhuleu,1147.3564532371104,231.7696433934576,2015,889.2043947941675,6.666666666666667,-1.1138303302503594,FINAL historical CHIRPS,1-10
1102,Retalhuleu,San Sebastián,1771.16158802208,291.58789772176715,2015,1377.4173712042793,6.666666666666667,-1.3503448527672124,FINAL historical CHIRPS,1-10
1103,Retalhuleu,Santa Cruz Muluá,1554.0333846647304,285.80517530420144,2015,1164.1413628802627,6.666666666666667,-1.3641881095031947,FINAL historical CHIRPS,1-10
1104,Retalhuleu,San Martín Zapotitlán,2174.83527236958,364.0777721460596,2015,1630.0807543220128,2.2222222222222223,-1.4962586560462254,FINAL historical CHIRPS,1-10
1105,Retalhuleu,San Felipe,2119.9933910459954,350.6397481871449,2015,1602.828903004761,2.2222222222222223,-1.474916893235992,FINAL historical CHIRPS,1-10
1106,Retalhuleu,San Andrés Villa Seca,1224.0561879484032,247.24728014941272,2015,834.3121698593866,2.2222222222222223,-1.576332883635737,FINAL historical CHIRPS,1-10
1107,Retalhuleu,Champerico,801.5435589001503,174.86334297399617,2015,582.9200256779184,6.666666666666667,-1.250253652389245,FINAL historical CHIRPS,1-10
1108,Retalhuleu,Nuevo San Carlos,1985.6321424329813,314.50555570929794,2015,1579.0467994814235,8.88888888888889,-1.292776345507138,FINAL historical CHIRPS,1-10
1109,Retalhuleu,El Asintal,1807.4721276052312,311.74488134747486,2015,1477.2010651157457,13.333333333333334,-1.0594273787653987,FINAL historical CHIRPS,11-25
1201,San Marcos,San Marcos,979.7020398915536,169.1414295732993,2015,816.0591015249149,17.77777777777778,-0.9674917539686644,FINAL historical CHIRPS,11-25
1202,San Marcos,San Pedro Sacatepéquez,955.4579343304346,156.03531522301358,2015,783.5366803696138,17.77777777777778,-1.1018098929405962,FINAL historical CHIRPS,11-25
1203,San Marcos,San Antonio Sacatepéquez,903.2722328967008,144.46166888061038,2015,732.9824547800262,15.555555555555555,-1.178788667168242,FINAL historical CHIRPS,11-25
1204,San Marcos,Comitancillo,647.69303218483,118.35530710005204,2015,533.3598138251958,15.555555555555555,-0.9660168281510372,FINAL historical CHIRPS,11-25
1205,San Marcos,San Miguel Ixtahuacán,627.0080649971014,121.86376622002628,2015,510.22887614550183,15.555555555555555,-0.9582765449801837,FINAL historical CHIRPS,11-25
1206,San Marcos,Concepción Tutuapa,650.6753892134221,122.19846927649952,2015,532.2758133737298,15.555555555555555,-0.9689121029150426,FINAL historical CHIRPS,11-25
1207,San Marcos,Tacaná,985.93943125203,161.68547798418888,2015,804.6047608082639,17.77777777777778,-1.1215272559079095,FINAL historical CHIRPS,11-25
1208,San Marcos,Sibinal,1906.618333400135,331.083281643202,2015,1582.2218138453745,17.77777777777778,-0.979803383441005,FINAL historical CHIRPS,11-25
1209,San Marcos,Tajumulco,1798.5691032325765,297.0494111595041,2015,1501.7574833122233,13.333333333333334,-0.9991994892761353,FINAL historical CHIRPS,11-25
1210,San Marcos,Tejutla,702.2801155049535,127.39895539367237,2015,593.9221583260239,17.77777777777778,-0.8505403897865204,FINAL historical CHIRPS,11-25
1211,San Marcos,San Rafael Pie De La Cuesta,1979.0455401370632,362.165139907718,2015,1612.3978883726359,13.333333333333334,-1.0123769832122758,FINAL historical CHIRPS,11-25
1212,San Marcos,Nuevo Progreso,2225.2021584556437,337.1848153526557,2015,1906.7626073190627,15.555555555555555,-0.944406558769649,FINAL historical CHIRPS,11-25
1213,San Marcos,El Tumbador,2352.4240542313696,371.64538335788393,2015,1976.5219575000258,13.333333333333334,-1.0114536963569942,FINAL historical CHIRPS,11-25
1214,San Marcos,El Rodeo,2244.519080312404,310.6689740567264,2015,1891.7944817981984,15.555555555555555,-1.1353711762984104,FINAL historical CHIRPS,11-25
1215,San Marcos,Malacatán,2082.884575975125,330.54856958908454,2015,1781.055749676443,17.77777777777778,-0.9131149067560477,FINAL historical CHIRPS,11-25
1216,San Marcos,Catarina,1884.003814918656,334.6401908015692,2015,1674.0895320810655,22.22222222222222,-0.6272835379838246,FINAL historical CHIRPS,11-25
1217,San Marcos,Ayutla,1242.697315943184,242.777266090156,2015,1097.959132843396,28.888888888888886,-0.5961768390868987,FINAL historical CHIRPS,26-50
1218,San Marcos,Ocós,723.1510412383967,173.500497010978,2015,601.8043666677055,24.444444444444443,-0.6994024608644964,FINAL historical CHIRPS,11-25
1219,San Marcos,San Pablo,2073.318760119843,313.2209882862844,2015,1726.5437672593646,13.333333333333334,-1.1071256583339986,FINAL historical CHIRPS,11-25
1220,San Marcos,El Quetzal,1987.5068616203944,285.08255908545624,2015,1685.4850995573636,11.11111111111111,-1.0594185874853776,FINAL historical CHIRPS,11-25
1221,San Marcos,La Reforma,2058.6994939099272,304.7642938629192,2015,1730.1566543435001,13.333333333333334,-1.0780227414508188,FINAL historical CHIRPS,11-25
1222,San Marcos,Pajapita,1593.8752375600538,291.2402869811861,2015,1450.2652908090972,35.55555555555556,-0.49309780676130743,FINAL historical CHIRPS,26-50
1223,San Marcos,Ixchiguán,1069.425492239335,179.00384059355378,2015,939.4416782280915,24.444444444444443,-0.7261509785501462,FINAL historical CHIRPS,11-25
1224,San Marcos,San José Ojetenam,832.8239734117802,142.06001112946743,2015,714.6764124175698,17.77777777777778,-0.8316736008596799,FINAL historical CHIRPS,11-25
1225,San Marcos,San Cristóbal Cucho,1513.1297375524675,229.6468442801039,2015,1237.3225183476982,11.11111111111111,-1.2010059187591662,FINAL historical CHIRPS,11-25
1226,San Marcos,Sipacapa,570.1043087384637,115.92610126788148,2015,446.31277383907434,15.555555555555555,-1.0678486858911307,FINAL historical CHIRPS,11-25
1227,San Marcos,Esquipulas Palo Gordo,1310.3300155819998,231.357394783401,2015,1078.7595812379905,15.555555555555555,-1.0009208245139851,FINAL historical CHIRPS,11-25
1228,San Marcos,Río Blanco,645.5579737647502,121.98273394033974,2015,531.0645182685812,20.0,-0.9386037826645721,FINAL historical CHIRPS,11-25
1229,San Marcos,San Lorenzo,764.0278615971891,130.31942346786462,2015,637.1768618570762,17.77777777777778,-0.9733852127683255,FINAL historical CHIRPS,11-25
1230,San Marcos,La Blanca,864.4343147098331,201.31357652603225,2015,710.5314575724905,22.22222222222222,-0.7644931841814511,FINAL historical CHIRPS,11-25
1301,Huehuetenango,Huehuetenango,621.5438183170438,128.27658938570903,2015,440.6187377046198,4.444444444444445,-1.4104294593334459,FINAL historical CHIRPS,1-10
1302,Huehuetenango,Chiantla,891.2763632962749,188.9937336714716,2015,605.6652776574463,2.2222222222222223,-1.5112198700476878,FINAL historical CHIRPS,1-10
1303,Huehuetenango,Malacatancito,564.4264865242717,115.63487380786717,2015,418.5662369518404,11.11111111111111,-1.2613863341502414,FINAL historical CHIRPS,11-25
1304,Huehuetenango,Cuilco,579.058996104493,110.30683348187851,2015,430.82220385373984,6.666666666666667,-1.3438586492930724,FINAL historical CHIRPS,1-10
1305,Huehuetenango,Nentón,1094.3303065320538,271.0000385792641,2015,579.6792564561173,2.2222222222222223,-1.8990810952427504,FINAL historical CHIRPS,1-10
1306,Huehuetenango,San Pedro Necta,995.255704751958,191.9020084750377,2015,735.9994402308974,6.666666666666667,-1.3509825487563054,FINAL historical CHIRPS,1-10
1307,Huehuetenango,Jacaltenango,1277.01494550119,306.47732505888433,2015,794.5891050373291,2.2222222222222223,-1.57409961853188,FINAL historical CHIRPS,1-10
1308,Huehuetenango,Soloma,1285.0854996900546,287.392388764776,2015,777.723085359216,2.2222222222222223,-1.7653996214426642,FINAL historical CHIRPS,1-10
1309,Huehuetenango,San Ildefonso Ixtahuacán,789.976350091515,149.32956611397412,2015,612.2129711697471,11.11111111111111,-1.1904097999326668,FINAL historical CHIRPS,11-25
1310,Huehuetenango,Santa Bárbara,660.6991966077069,128.45057001235688,2015,519.850945108522,11.11111111111111,-1.0965171387377681,FINAL historical CHIRPS,11-25
1311,Huehuetenango,La Libertad,707.4762505890111,144.48751157881995,2015,499.3824814941609,4.444444444444445,-1.4402197589328136,FINAL historical CHIRPS,1-10
1312,Huehuetenango,La Democracia,889.440295397167,189.6253889318366,2015,606.2274593108317,4.444444444444445,-1.4935385903843286,FINAL historical CHIRPS,1-10
1313,Huehuetenango,San Miguel Acatán,1458.028281529772,336.31842243189243,2015,884.4498297785124,2.2222222222222223,-1.7054624828570444,FINAL historical CHIRPS,1-10
1314,Huehuetenango,San Rafael La Independencia,1364.76101435838,306.50863227097386,2015,839.8047889163363,2.2222222222222223,-1.7126963816730216,FINAL historical CHIRPS,1-10
1315,Huehuetenango,Todos Santos Cuchumatán,1035.866215851633,217.5794004557392,2015,738.6735505694554,4.444444444444445,-1.36590442229219,FINAL historical CHIRPS,1-10
1316,Huehuetenango,San Juan Atitán,733.9792124248064,145.54776689645374,2015,562.2928487671622,8.88888888888889,-1.179587755405317,FINAL historical CHIRPS,1-10
1317,Huehuetenango,Santa Eulalia,1958.2550092560657,411.3092192061813,2015,1141.2840000054587,2.2222222222222223,-1.986269626601964,FINAL historical CHIRPS,1-10
1318,Huehuetenango,San Mateo Ixtatán,1836.3222403111456,414.3271573552501,2015,980.938344055047,2.2222222222222223,-2.0645132260125543,FINAL historical CHIRPS,1-10
1319,Huehuetenango,Colotenango,845.5555204647374,163.9158683527941,2015,641.8076366972666,11.11111111111111,-1.2430028026874536,FINAL historical CHIRPS,11-25
1320,Huehuetenango,San Sebastián Huehuetenango,679.2960922901432,135.5268127430976,2015,510.43866148142257,6.666666666666667,-1.245933755771295,FINAL historical CHIRPS,1-10
1321,Huehuetenango,Tectitán,633.1913006595129,113.84028723366858,2015,495.3073512920815,8.88888888888889,-1.2112052131809083,FINAL historical CHIRPS,1-10
1322,Huehuetenango,Concepción Huista,1650.886025728622,369.9124649364017,2015,1138.3083385695509,6.666666666666667,-1.3856729246666437,FINAL historical CHIRPS,1-10
1323,Huehuetenango,San Juan Ixcoy,1306.834229676001,285.3972477363125,2015,805.1368336360675,2.2222222222222223,-1.7578915004235343,FINAL historical CHIRPS,1-10
1324,Huehuetenango,San Antonio Huista,1379.480397281989,299.75077861767915,2015,952.4513829970956,6.666666666666667,-1.4246135281254864,FINAL historical CHIRPS,1-10
1325,Huehuetenango,San Sebastián Coatán,1416.3117525852888,330.84732354899387,2015,798.4827606631909,2.2222222222222223,-1.867414205726848,FINAL historical CHIRPS,1-10
1326,Huehuetenango,Barillas,2359.364128113009,509.1835103606533,2015,1301.8752668508707,2.2222222222222223,-2.0768324970168845,FINAL historical CHIRPS,1-10
1327,Huehuetenango,Aguacatán,803.2914956243511,171.28723259384532,2015,519.9192198438371,2.2222222222222223,-1.6543689304178535,FINAL historical CHIRPS,1-10
1328,Huehuetenango,San Rafael Pétzal,798.0905810944137,152.62095756772143,2015,604.6790650568628,8.88888888888889,-1.26726708520178,FINAL historical CHIRPS,1-10
1329,Huehuetenango,San Gaspar Ixchil,791.4849631244277,153.85100321925404,2015,620.4825264697996,11.11111111111111,-1.1114808033518733,FINAL historical CHIRPS,11-25
1330,Huehuetenango,Santiago Chimaltenango,910.1469603479449,179.10884249663167,2015,689.3746518025108,6.666666666666667,-1.2326153497953956,FINAL historical CHIRPS,1-10
1331,Huehuetenango,Santa Ana Huista,842.3288602462113,209.34050582685984,2015,499.1758709767385,2.2222222222222223,-1.6392097072378617,FINAL historical CHIRPS,1-10
1332,Huehuetenango,Unión Cantinil,1375.9756716281888,281.7679836932132,2015,1014.8854655963178,8.88888888888889,-1.2815160945504132,FINAL historical CHIRPS,1-10
1333,Huehuetenango,Petatán,1663.5208422635565,358.28256173783313,2015,1216.654105644464,11.11111111111111,-1.2472466827623034,FINAL historical CHIRPS,11-25
1401,Quiché,Santa Cruz Del Quiché,820.171415553308,174.8936226672269,2015,529.1457376460411,2.2222222222222223,-1.6640153795716521,FINAL historical CHIRPS,1-10
1402,Quiché,Chiché,867.3887500485131,175.3471138480973,2015,585.1834627000076,2.2222222222222223,-1.609409366115824,FINAL historical CHIRPS,1-10
1403,Quiché,Chinique,904.056358055046,187.3339124425657,2015,592.9641807776335,2.2222222222222223,-1.660629264724237,FINAL historical CHIRPS,1-10
1404,Quiché,Zacualpa,863.2094519486576,165.91413211915977,2015,574.2440836608536,2.2222222222222223,-1.7416561482554644,FINAL historical CHIRPS,1-10
1405,Quiché,Chajul,1946.8579672617143,379.6405405242444,2015,1153.2974962066191,2.2222222222222223,-2.0902943346336778,FINAL historical CHIRPS,1-10
1406,Quiché,Chichicastenango,800.6836977957643,171.47348210335065,2015,535.5908274160333,2.2222222222222223,-1.5459700656218898,FINAL historical CHIRPS,1-10
1407,Quiché,Patzité,786.4217378008573,174.33308098671867,2015,506.15095170809263,2.2222222222222223,-1.6076741402517671,FINAL historical CHIRPS,1-10
1408,Quiché,San Antonio Ilotenango,679.9835129173761,146.6798644492502,2015,433.10060836960133,2.2222222222222223,-1.6831410737579036,FINAL historical CHIRPS,1-10
1409,Quiché,San Pedro Jocopilas,680.594217481342,148.58928532011743,2015,422.9701137984742,2.2222222222222223,-1.7338000053492968,FINAL historical CHIRPS,1-10
1410,Quiché,Cunén,1144.9588699796086,240.8065744162574,2015,660.3054267220365,2.2222222222222223,-2.0126254627076827,FINAL historical CHIRPS,1-10
1411,Quiché,San Juan Cotzal,1317.6585990630545,273.4693459206109,2015,764.2290233892599,2.2222222222222223,-2.023735325108274,FINAL historical CHIRPS,1-10
1412,Quiché,Joyabaj,763.871436675013,147.26967914685483,2015,520.4822364910649,2.2222222222222223,-1.6526769230022191,FINAL historical CHIRPS,1-10
1413,Quiché,Nebaj,1558.0613824661011,319.1160314421374,2015,937.9408350992653,2.2222222222222223,-1.9432447331599416,FINAL historical CHIRPS,1-10
1414,Quiché,San Andrés Sajcabajá,1120.7685812384198,225.881473331266,2015,675.2149360391049,2.2222222222222223,-1.9725107979346719,FINAL historical CHIRPS,1-10
1415,Quiché,Uspantán,1736.623192633712,319.36561943009195,2015,1073.68402515968,2.2222222222222223,-2.07580004590678,FINAL historical CHIRPS,1-10
1416,Quiché,Sacapulas,689.3977154822514,149.54593899636225,2015,407.9572205558229,2.2222222222222223,-1.8819668177901818,FINAL historical CHIRPS,1-10
1417,Quiché,San Bartolomé Jocotenango,751.3584663155121,155.93768250796947,2015,466.7436696447304,2.2222222222222223,-1.825182932651548,FINAL historical CHIRPS,1-10
1418,Quiché,Canillá,1047.9020069017663,205.75669744987584,2015,665.8004168906742,2.2222222222222223,-1.8570554190790092,FINAL historical CHIRPS,1-10
1419,Quiché,Chicamán,1199.7535060507382,217.83134144973704,2015,723.411493115136,2.2222222222222223,-2.1867469105473725,FINAL historical CHIRPS,1-10
1420,Quiché,Ixcán,1982.9818046337205,404.4784901346387,2015,1222.8908085392268,2.2222222222222223,-1.8791876815043544,FINAL historical CHIRPS,1-10
1421,Quiché,Pachalum,723.1904726663884,146.01164386019076,2015,471.2302607733846,2.2222222222222223,-1.7256172537462902,FINAL historical CHIRPS,1-10
1501,Baja Verapaz,Salamá,737.0828079383101,174.56128538592358,2015,397.89402600815225,2.2222222222222223,-1.9430928294339294,FINAL historical CHIRPS,1-10
1502,Baja Verapaz,San Miguel Chicaj,676.1855551676214,155.39242768672088,2015,386.2304776886439,2.2222222222222223,-1.8659537134173734,FINAL historical CHIRPS,1-10
1503,Baja Verapaz,Rabinal,610.5828072059969,129.6217888424621,2015,354.63171390662006,2.2222222222222223,-1.9745992983513834,FINAL historical CHIRPS,1-10
1504,Baja Verapaz,Cubulco,746.6781819037498,144.42014781052524,2015,456.7653403224518,2.2222222222222223,-2.0074265673904077,FINAL historical CHIRPS,1-10
1505,Baja Verapaz,Granados,671.5372184931995,142.413719090397,2015,411.87391538613787,2.2222222222222223,-1.8233025916712458,FINAL historical CHIRPS,1-10
1506,Baja Verapaz,El Chol,573.2604236953914,124.70022709498384,2015,342.3463144812622,2.2222222222222223,-1.8517537184454567,FINAL historical CHIRPS,1-10
1507,Baja Verapaz,San Jerónimo,652.67686732031,163.3270425691117,2015,325.4527446340128,2.2222222222222223,-2.003490160227646,FINAL historical CHIRPS,1-10
1508,Baja Verapaz,Purulhá,1363.498860191597,298.4793987224034,2015,765.0915990723228,2.2222222222222223,-2.004852809542861,FINAL historical CHIRPS,1-10
1601,Alta Verapaz,Cobán,1553.7122917285308,300.50123724106487,2015,1005.5347972731349,2.2222222222222223,-1.8242104408230533,FINAL historical CHIRPS,1-10
1602,Alta Verapaz,Santa Cruz Verapaz,1017.5683610328468,211.22252708299484,2015,590.552258045718,2.2222222222222223,-2.0216409153146015,FINAL historical CHIRPS,1-10
1603,Alta Verapaz,San Cristóbal Verapaz,909.8980238578338,174.7231911713619,2015,518.3417172951528,2.2222222222222223,-2.24100935850386,FINAL historical CHIRPS,1-10
1604,Alta Verapaz,Tactic,1053.1189715268413,217.23433375520173,2015,605.4839823613318,2.2222222222222223,-2.0606088431211935,FINAL historical CHIRPS,1-10
1605,Alta Verapaz,Tamahú,1231.3018015405569,250.7826709464337,2015,713.1555355849342,2.2222222222222223,-2.0661167057523557,FINAL historical CHIRPS,1-10
1606,Alta Verapaz,Tucurú,1616.9184348434617,329.7523448253469,2015,918.360753076993,2.2222222222222223,-2.1184312794999514,FINAL historical CHIRPS,1-10
1607,Alta Verapaz,Panzós,1532.8891794439207,279.67610295255383,2015,986.2464121823411,2.2222222222222223,-1.9545565798816777,FINAL historical CHIRPS,1-10
1608,Alta Verapaz,Senahú,1835.985203777119,348.0061913597451,2015,1229.6036768154233,4.444444444444445,-1.7424446518966088,FINAL historical CHIRPS,1-10
1609,Alta Verapaz,San Pedro Carchá,1588.7189294749076,296.76549226011576,2015,970.29427378451,2.2222222222222223,-2.083883307929706,FINAL historical CHIRPS,1-10
1610,Alta Verapaz,San Juan Chamelco,1162.6363032215245,229.56630688764037,2015,677.4867092521811,2.2222222222222223,-2.1133310046530327,FINAL historical CHIRPS,1-10
1611,Alta Verapaz,Lanquín,1693.8883275379517,319.5980298298211,2015,1049.835835968394,2.2222222222222223,-2.015195437570443,FINAL historical CHIRPS,1-10
1612,Alta Verapaz,Cahabón,1449.866450917251,262.495707447714,2015,1004.0136595236687,4.444444444444445,-1.698514599452606,FINAL historical CHIRPS,1-10
1613,Alta Verapaz,Chisec,1950.6273463157247,389.20982122138855,2015,1360.008852210438,6.666666666666667,-1.5174809624583803,FINAL historical CHIRPS,1-10
1614,Alta Verapaz,Chahal,1581.8659460042195,272.9365136904132,2015,1187.2711231723606,6.666666666666667,-1.445738488766074,FINAL historical CHIRPS,1-10
1615,Alta Verapaz,Fray Bartolomé De Las Casas,1306.8423101067767,243.0194306871018,2015,968.2002170644462,6.666666666666667,-1.3934774354662494,FINAL historical CHIRPS,1-10
1616,Alta Verapaz,Santa Catalina La Tinta,1463.0759920961766,302.5543822008545,2015,853.9715750539303,2.2222222222222223,-2.0132063948684924,FINAL historical CHIRPS,1-10
1617,Alta Verapaz,Raxruhá,1750.984072689626,349.33955656770536,2015,1211.342737308082,6.666666666666667,-1.5447472959649111,FINAL historical CHIRPS,1-10
1701,Petén,Flores,665.0379308412522,150.85208944118935,2015,454.4759369610043,4.444444444444445,-1.395817549894374,FINAL historical CHIRPS,1-10
1702,Petén,San José,688.5870364206187,151.9613147461473,2015,484.46859978402694,6.666666666666667,-1.3432263137336853,FINAL historical CHIRPS,1-10
1703,Petén,San Benito,905.294886934832,183.27453263731115,2015,704.9946466184493,17.77777777777778,-1.0928972914789221,FINAL historical CHIRPS,11-25
1704,Petén,San Andrés,789.4483967513903,173.46235633155368,2015,526.5081301990084,4.444444444444445,-1.515834744281931,FINAL historical CHIRPS,1-10
1705,Petén,La Libertad,1030.7725615507966,218.0788875370228,2015,704.0409941724765,6.666666666666667,-1.4982264953220266,FINAL historical CHIRPS,1-10
1706,Petén,San Francisco,965.674005497682,185.89970271469133,2015,723.3740564911512,11.11111111111111,-1.3033907288082078,FINAL historical CHIRPS,11-25
1707,Petén,Santa Ana,781.6277845590836,163.5678827914945,2015,529.8955218641581,4.444444444444445,-1.5390078932293638,FINAL historical CHIRPS,1-10
1708,Petén,Dolores,896.7817009660795,174.08437496061973,2015,597.0839571562545,4.444444444444445,-1.7215660157760895,FINAL historical CHIRPS,1-10
1709,Petén,San Luis,1259.1143412479544,233.53651863093089,2015,991.4569653292152,13.333333333333334,-1.1461050181266559,FINAL historical CHIRPS,11-25
1710,Petén,Sayaxché,1193.4223172269135,241.9844664272813,2015,839.4605171963209,8.88888888888889,-1.4627459574433535,FINAL historical CHIRPS,1-10
1711,Petén,Melchor De Mencos,630.6097621075538,143.0652304309987,2015,411.4461979024153,4.444444444444445,-1.5319135442265446,FINAL historical CHIRPS,1-10
1712,Petén,Poptún,983.202514507906,184.497946473166,2015,723.1491787704906,8.88888888888889,-1.409518862993082,FINAL historical CHIRPS,1-10
1713,Petén,Las Cruces,1095.94075175201,234.39303694558225,2015,727.7803155561533,6.666666666666667,-1.570696983977944,FINAL historical CHIRPS,1-10
1714,Petén,El Chal,947.8876539753746,181.1037496662572,2015,676.3702065218612,8.88888888888889,-1.4992370282441585,FINAL historical CHIRPS,1-10
1801,Izabal,Puerto Barrios,1145.199280220312,228.702909938302,2015,623.0322856002032,2.2222222222222223,-2.2831672529264084,FINAL historical CHIRPS,1-10
1802,Izabal,Livingston,1671.6612861785595,250.51176402965345,2015,1312.9531496796262,11.11111111111111,-1.4319013635482303,FINAL historical CHIRPS,11-25
1803,Izabal,El Estor,1464.6517962082726,233.09537852113172,2015,1034.6601806140545,4.444444444444445,-1.8447024489386705,FINAL historical CHIRPS,1-10
1804,Izabal,Morales,870.1686351759024,157.6859387489477,2015,461.13901663292165,2.2222222222222223,-2.593951127083044,FINAL historical CHIRPS,1-10
1805,Izabal,Los Amates,1031.3838760251824,195.18899505996208,2015,567.0543460108456,2.2222222222222223,-2.3788714618449402,FINAL historical CHIRPS,1-10
1901,Zacapa,Zacapa,662.144907771426,155.59196709103114,2015,323.92810421672147,2.2222222222222223,-2.173742063154368,FINAL historical CHIRPS,1-10
1902,Zacapa,Estanzuela,526.3289604192655,130.8599930107165,2015,247.45669780911078,2.2222222222222223,-2.1310734946112757,FINAL historical CHIRPS,1-10
1903,Zacapa,Río Hondo,733.0356745219029,159.04798778744575,2015,371.24840440782486,2.2222222222222223,-2.2747051072257283,FINAL historical CHIRPS,1-10
1904,Zacapa,Gualán,958.802550745991,198.06439072139463,2015,524.552506405862,2.2222222222222223,-2.1924690387731665,FINAL historical CHIRPS,1-10
1905,Zacapa,Teculután,969.1621383841864,221.40891730395057,2015,498.75692427511007,2.2222222222222223,-2.124599224986513,FINAL historical CHIRPS,1-10
1906,Zacapa,Usumatlán,1005.4934446693854,239.9885826753192,2015,510.5652214601139,2.2222222222222223,-2.062299038112411,FINAL historical CHIRPS,1-10
1907,Zacapa,Cabañas,885.045191116118,214.3262086790548,2015,455.35726590089797,2.2222222222222223,-2.0048314569808916,FINAL historical CHIRPS,1-10
1908,Zacapa,San Diego,822.5685530813441,194.1117905611285,2015,432.7393800261934,2.2222222222222223,-2.008271480718675,FINAL historical CHIRPS,1-10
1909,Zacapa,La Unión,892.0191140925615,199.82655088988824,2015,461.0348288255968,2.2222222222222223,-2.156791894508818,FINAL historical CHIRPS,1-10
1910,Zacapa,Huité,639.1525254872814,159.9139864194263,2015,326.062210051799,2.2222222222222223,-1.957866991160495,FINAL historical CHIRPS,1-10
1911,Zacapa,San Jorge,551.7870889948197,137.95445207811346,2015,276.4257357249376,2.2222222222222223,-1.996030929933056,FINAL historical CHIRPS,1-10
2001,Chiquimula,Chiquimula,605.3332446218732,143.1549492925597,2015,314.62555675131864,2.2222222222222223,-2.0307204836938437,FINAL historical CHIRPS,1-10
2002,Chiquimula,San José La Arada,618.226868876913,139.19787226693143,2015,327.955632578151,2.2222222222222223,-2.085313744897812,FINAL historical CHIRPS,1-10
2003,Chiquimula,San Juan Ermita,797.6959741772505,185.25282409997573,2015,387.2068039377431,2.2222222222222223,-2.215832186277376,FINAL historical CHIRPS,1-10
2004,Chiquimula,Jocotán,764.8060180908973,170.4545949105898,2015,389.57241037309126,2.2222222222222223,-2.2013698599009954,FINAL historical CHIRPS,1-10
2005,Chiquimula,Camotán,846.339488604652,188.23661778860887,2015,433.63979980141335,2.2222222222222223,-2.1924516794426445,FINAL historical CHIRPS,1-10
2006,Chiquimula,Olopa,914.3991210783402,194.42264519807955,2015,471.9290657465238,2.2222222222222223,-2.2758154271639697,FINAL historical CHIRPS,1-10
2007,Chiquimula,Esquipulas,1004.3636911115124,194.21787378994628,2015,551.4979478191862,2.2222222222222223,-2.331740814865047,FINAL historical CHIRPS,1-10
2008,Chiquimula,Concepción Las Minas,988.4437197313028,172.86779170666156,2015,537.6962696731048,2.2222222222222223,-2.6074692434497515,FINAL historical CHIRPS,1-10
2009,Chiquimula,Quezaltepeque,886.1384305243088,180.2694197080044,2015,455.60048968369307,2.2222222222222223,-2.3883026945889636,FINAL historical CHIRPS,1-10
2010,Chiquimula,San Jacinto,715.6017666246838,151.7217424488989,2015,366.7139361768908,2.2222222222222223,-2.2995242792265005,FINAL historical CHIRPS,1-10
2011,Chiquimula,Ipala,617.8121034388889,129.79034965885648,2015,314.3637746736403,2.2222222222222223,-2.3379883755829165,FINAL historical CHIRPS,1-10
2101,Jalapa,Jalapa,793.4383897951086,167.26644580337955,2015,455.19804270597996,2.2222222222222223,-2.0221649683806135,FINAL historical CHIRPS,1-10
2102,Jalapa,San Pedro Pinula,760.9742585157265,177.17944437925806,2015,392.5603271168905,2.2222222222222223,-2.0793265984638416,FINAL historical CHIRPS,1-10
2103,Jalapa,San Luis Jilotepeque,609.0976144365395,133.3674210549345,2015,316.0052273802255,2.2222222222222223,-2.1976310611538947,FINAL historical CHIRPS,1-10
2104,Jalapa,San Manuel Chaparrón,686.0155401913403,141.22811189948516,2015,364.330415739444,2.2222222222222223,-2.2777697734913143,FINAL historical CHIRPS,1-10
2105,Jalapa,San Carlos Alzatate,991.6977951193584,190.00990963035903,2015,654.2125559620257,2.2222222222222223,-1.776145464275357,FINAL historical CHIRPS,1-10
2106,Jalapa,Monjas,717.8190514103777,144.22761123679678,2015,418.591619932017,2.2222222222222223,-2.074688951112704,FINAL historical CHIRPS,1-10
2107,Jalapa,Mataquescuintla,927.9820263941452,181.87031910664012,2015,638.6374622234597,2.2222222222222223,-1.590938893118825,FINAL historical CHIRPS,1-10
2201,Jutiapa,Jutiapa,846.1911803521257,154.2340843592022,2015,507.2110358962643,2.2222222222222223,-2.1978290068905673,FINAL historical CHIRPS,1-10
2202,Jutiapa,El Progreso,784.4818125784279,148.43674599349708,2015,445.6547139350067,2.2222222222222223,-2.282636259476242,FINAL historical CHIRPS,1-10
2203,Jutiapa,Santa Catarina Mita,720.3914680775822,138.85851879017798,2015,393.30610710110153,2.2222222222222223,-2.355529670244594,FINAL historical CHIRPS,1-10
2204,Jutiapa,Agua Blanca,646.1143884578172,124.23271475481177,2015,319.04090953638394,2.2222222222222223,-2.632748383281748,FINAL historical CHIRPS,1-10
2205,Jutiapa,Asunción Mita,828.2578853843715,137.04358512582877,2015,442.92456843380893,2.2222222222222223,-2.8117574171513584,FINAL historical CHIRPS,1-10
2206,Jutiapa,Yupiltepeque,974.9132260102332,194.5655198343248,2015,534.0518304278041,2.2222222222222223,-2.2658762763198155,FINAL historical CHIRPS,1-10
2207,Jutiapa,Atescatempa,987.20448875801,168.99465373614626,2015,553.5764307394702,2.2222222222222223,-2.5659276694963937,FINAL historical CHIRPS,1-10
2208,Jutiapa,Jerez,1103.442492567377,181.97122414511912,2015,619.9776532243176,2.2222222222222223,-2.656820283615304,FINAL historical CHIRPS,1-10
2209,Jutiapa,El Adelanto,929.3442217187096,187.01579972366176,2015,514.254470523166,2.2222222222222223,-2.2195437594518133,FINAL historical CHIRPS,1-10
2210,Jutiapa,Zapotitlán,1013.6535803693208,182.0261909854062,2015,570.9806212805753,2.2222222222222223,-2.431919036993069,FINAL historical CHIRPS,1-10
2211,Jutiapa,Comapa,971.6863393752463,172.44817186352384,2015,557.3978257751679,2.2222222222222223,-2.402394349114631,FINAL historical CHIRPS,1-10
2212,Jutiapa,Jalpatagua,974.1767878167824,174.09709034417662,2015,573.6548799224132,2.2222222222222223,-2.3005663512386567,FINAL historical CHIRPS,1-10
2213,Jutiapa,Conguaco,1057.2860638812178,196.5643055042153,2015,616.0255811514627,2.2222222222222223,-2.2448657786461252,FINAL historical CHIRPS,1-10
2214,Jutiapa,Moyuta,1047.356488048507,208.57601055190463,2015,625.9515956011514,2.2222222222222223,-2.0203900311080494,FINAL historical CHIRPS,1-10
2215,Jutiapa,Pasaco,1091.9948910997716,225.2805060991107,2015,678.7853045570117,2.2222222222222223,-1.8342003651260042,FINAL historical CHIRPS,1-10
2216,Jutiapa,San José Acatempa,914.6867338150578,166.73541926756351,2015,618.4994089838714,2.2222222222222223,-1.7763911599123936,FINAL historical CHIRPS,1-10
2217,Jutiapa,Quesada,810.1318499611182,151.46639654813117,2015,513.3290292781295,2.2222222222222223,-1.9595291592526547,FINAL historical CHIRPS,1-10
101,Guatemala,Guatemala,805.9353880763103,168.58441163415105,2019,563.606126013443,4.444444444444445,-1.4374357611945265,FINAL historical CHIRPS,1-10
102,Guatemala,Santa Catarina Pinula,979.7887848916724,188.28410955681804,2019,709.5617154278053,2.2222222222222223,-1.4352091108481002,FINAL historical CHIRPS,1-10
103,Guatemala,San José Pinula,1157.1574856924851,214.54544181718063,2019,867.9834148104624,4.444444444444445,-1.3478453255997627,FINAL historical CHIRPS,1-10
104,Guatemala,San José Del Golfo,564.2120971368274,127.61438389904863,2019,373.47856195227666,4.444444444444445,-1.4946084395582988,FINAL historical CHIRPS,1-10
105,Guatemala,Palencia,813.5525578322723,175.5907257759969,2019,578.1272212371517,4.444444444444445,-1.340761794534954,FINAL historical CHIRPS,1-10
106,Guatemala,Chinautla,781.2513278676729,175.818569432629,2019,513.2265317717445,2.2222222222222223,-1.5244396366143307,FINAL historical CHIRPS,1-10
107,Guatemala,San Pedro Ayampuc,679.3514012654831,147.4031573174629,2019,450.74213583645763,4.444444444444445,-1.550911592325452,FINAL historical CHIRPS,1-10
108,Guatemala,Mixco,782.2114395617658,168.7531626939166,2019,555.4690103835918,2.2222222222222223,-1.3436336573403247,FINAL historical CHIRPS,1-10
109,Guatemala,San Pedro Sacatepéquez,794.3541452704935,178.34897148315923,2019,542.9970884655618,2.2222222222222223,-1.4093552360556583,FINAL historical CHIRPS,1-10
110,Guatemala,San Juan Sacatepéquez,783.2933334662749,168.60131643179946,2019,539.1648678278531,4.444444444444445,-1.4479629863220773,FINAL historical CHIRPS,1-10
111,Guatemala,San Raymundo,755.7512996836648,166.0762972765092,2019,500.4328897701482,2.2222222222222223,-1.5373561074066064,FINAL historical CHIRPS,1-10
112,Guatemala,Chuarrancho,632.3679121520246,139.41749551678137,2019,418.3073348204781,4.444444444444445,-1.535392502483883,FINAL historical CHIRPS,1-10
113,Guatemala,Fraijanes,984.886868442841,175.93129984548875,2019,718.3425082110622,2.2222222222222223,-1.51504797876143,FINAL historical CHIRPS,1-10
114,Guatemala,Amatitlán,770.7506099946462,141.7059418775292,2019,550.0776041194734,2.2222222222222223,-1.5572600764045,FINAL historical CHIRPS,1-10
115,Guatemala,Villa Nueva,749.2480761473272,147.86884669335356,2019,549.9850183912553,2.2222222222222223,-1.347566185927576,FINAL historical CHIRPS,1-10
116,Guatemala,Villa Canales,958.5304515810556,165.2652985348972,2019,688.3347275241284,2.2222222222222223,-1.634921102326106,FINAL historical CHIRPS,1-10
117,Guatemala,Petapa,824.5842238321788,155.46342950729655,2019,594.0700307586701,2.2222222222222223,-1.4827551006951751,FINAL historical CHIRPS,1-10
201,El Progreso,Guastatoya,499.9250215443532,128.82658094937884,2019,325.4206352042034,4.444444444444445,-1.3545681726096546,FINAL historical CHIRPS,1-10
202,El Progreso,Morazán,537.8735509995524,139.03309410033285,2019,324.6888869960277,4.444444444444445,-1.5333375509120197,FINAL historical CHIRPS,1-10
203,El Progreso,San Agustín Acasaguastlán,850.9877350833432,209.55483649472436,2019,525.7810995145968,4.444444444444445,-1.5518927694944116,FINAL historical CHIRPS,1-10
204,El Progreso,San Cristóbal Acasaguastlán,1206.029603749147,288.26095581054057,2019,774.3788980341658,4.444444444444445,-1.4974303561203883,FINAL historical CHIRPS,1-10
205,El Progreso,El Jícaro,831.8877020564397,201.77447027937455,2019,558.0393496097148,6.666666666666667,-1.3572002050980865,FINAL historical CHIRPS,1-10
206,El Progreso,Sansare,505.998147835385,119.29226852926068,2019,330.7690427169187,4.444444444444445,-1.4689057998380264,FINAL historical CHIRPS,1-10
207,El Progreso,Sanarate,574.1882496351507,134.01539834303213,2019,395.81646927542016,6.666666666666667,-1.3309797423663339,FINAL historical CHIRPS,1-10
208,El Progreso,San Antonio La Paz,585.7613569216905,134.50533234946002,2019,394.46921004675124,4.444444444444445,-1.4221900614166043,FINAL historical CHIRPS,1-10
301,Sacatepéquez,Antigua Guatemala,686.4445699312046,131.24946982128176,2019,496.75010365314444,4.444444444444445,-1.4452970098573432,FINAL historical CHIRPS,1-10
302,Sacatepéquez,Jocotenango,691.9122278494875,133.00926007348656,2019,495.7138861136304,4.444444444444445,-1.475072800400958,FINAL historical CHIRPS,1-10
303,Sacatepéquez,Pastores,723.5100863668026,142.33409664696933,2019,514.2230347958948,4.444444444444445,-1.4703929451985185,FINAL historical CHIRPS,1-10
304,Sacatepéquez,Sumpango,791.7566790943899,163.07981547651625,2019,552.3314181913897,4.444444444444445,-1.4681477300143122,FINAL historical CHIRPS,1-10
305,Sacatepéquez,Santo Domingo Xenacoj,832.2260841706184,180.5512098131162,2019,575.1943395398738,2.2222222222222223,-1.423594695913649,FINAL historical CHIRPS,1-10
306,Sacatepéquez,Santiago Sacatepéquez,775.5974746731882,162.81505442021967,2019,553.7325768797263,2.2222222222222223,-1.3626804878917207,FINAL historical CHIRPS,1-10
307,Sacatepéquez,San Bartolomé Milpas Altas,719.6066482916153,146.39322856487334,2019,522.1606628738306,4.444444444444445,-1.3487371468844112,FINAL historical CHIRPS,1-10
308,Sacatepéquez,San Lucas Sacatepéquez,725.9762011225885,148.85370529187512,2019,530.0120381454927,6.666666666666667,-1.316488310404135,FINAL historical CHIRPS,1-10
309,Sacatepéquez,Santa Lucía Milpas Altas,669.6792800983123,132.8006168235905,2019,487.557519950493,4.444444444444445,-1.3713924265106843,FINAL historical CHIRPS,1-10
310,Sacatepéquez,Magdalena Milpas Altas,630.1849154482805,123.36504196439412,2019,461.46250231163634,4.444444444444445,-1.3676679426359797,FINAL historical CHIRPS,1-10
311,Sacatepéquez,Santa María De Jesús,726.5518227355706,135.44881171951408,2019,517.8621806778468,2.2222222222222223,-1.540727005341885,FINAL historical CHIRPS,1-10
312,Sacatepéquez,Ciudad Vieja,793.8592450768402,147.458611349329,2019,576.0506192813418,4.444444444444445,-1.4770831204934545,FINAL historical CHIRPS,1-10
313,Sacatepéquez,San Miguel Dueñas,995.3007053904802,178.0989055862011,2019,743.0161799875464,2.2222222222222223,-1.4165416939119053,FINAL historical CHIRPS,1-10
314,Sacatepéquez,Alotenango,1292.4140039749363,225.18995712839185,2019,1007.9240199792357,4.444444444444445,-1.2633333547530228,FINAL historical CHIRPS,1-10
315,Sacatepéquez,San Antonio Aguas Calientes,746.1007177910299,145.22642163423063,2019,534.7226007473392,4.444444444444445,-1.4555073013922397,FINAL historical CHIRPS,1-10
316,Sacatepéquez,Santa Catarina Barahona,813.601703348977,150.8322437110738,2019,589.8460609088035,4.444444444444445,-1.4834735394428524,FINAL historical CHIRPS,1-10
401,Chimaltenango,Chimaltenango,749.512736867835,154.63552760171504,2019,522.0492782427232,4.444444444444445,-1.470965063157899,FINAL historical CHIRPS,1-10
402,Chimaltenango,San José Poaquil,709.0320780503096,141.40927988794732,2019,515.1116118170193,6.666666666666667,-1.3713418694088029,FINAL historical CHIRPS,1-10
403,Chimaltenango,San Martín Jilotepeque,739.4113865795837,151.6626684184607,2019,517.7308197919041,6.666666666666667,-1.4616686433079809,FINAL historical CHIRPS,1-10
404,Chimaltenango,Comalapa,648.3139105815285,127.81696212756934,2019,467.47793863734677,2.2222222222222223,-1.414804177271058,FINAL historical CHIRPS,1-10
405,Chimaltenango,Santa Apolonia,661.7249161806004,134.54131993168744,2019,500.1581701046866,11.11111111111111,-1.200870826582855,FINAL historical CHIRPS,11-25
406,Chimaltenango,Tecpán Guatemala,704.4997923126705,140.01891200488507,2019,534.1329941188889,11.11111111111111,-1.216741336969093,FINAL historical CHIRPS,11-25
407,Chimaltenango,Patzún,916.9119148679318,173.08210726476085,2019,714.2012940066758,6.666666666666667,-1.1711818400221634,FINAL historical CHIRPS,1-10
408,Chimaltenango,Pochuta,1769.1927153780148,328.2262983753185,2019,1438.4536674607136,13.333333333333334,-1.0076555399564888,FINAL historical CHIRPS,11-25
409,Chimaltenango,Patzicía,887.3120102312872,161.5301684122741,2019,682.6406790831979,4.444444444444445,-1.2670780521054483,FINAL historical CHIRPS,1-10
410,Chimaltenango,Santa Cruz Balanyá,639.4036458665408,122.5060484514632,2019,478.0040453315795,4.444444444444445,-1.3174827086101608,FINAL historical CHIRPS,1-10
411,Chimaltenango,Acatenango,1690.587958278603,301.3902945300818,2019,1352.107025367466,6.666666666666667,-1.1230651386398687,FINAL historical CHIRPS,1-10
412,Chimaltenango,Yepocapa,2115.314626365632,395.8743354680076,2019,1756.952002783839,17.77777777777778,-0.905243385273088,FINAL historical CHIRPS,11-25
413,Chimaltenango,San Andrés Itzapa,850.4597466304372,156.30765321516728,2019,625.5691067050223,2.2222222222222223,-1.4387692176264644,FINAL historical CHIRPS,1-10
414,Chimaltenango,Parramos,798.4335508041568,147.67331471128813,2019,574.9877205341155,2.2222222222222223,-1.5131090590530443,FINAL historical CHIRPS,1-10
415,Chimaltenango,Zaragoza,721.3780456783431,141.0502285495799,2019,517.2109626744531,4.444444444444445,-1.4474778602157616,FINAL historical CHIRPS,1-10
416,Chimaltenango,El Tejar,768.1955765744727,164.3513856963441,2019,531.8501793193598,4.444444444444445,-1.4380493127802716,FINAL historical CHIRPS,1-10
501,Escuintla,Escuintla,1624.0461351283082,277.59480938491146,2019,1293.9422175290438,6.666666666666667,-1.1891573849334627,FINAL historical CHIRPS,1-10
502,Escuintla,Santa Lucía Cotzumalguapa,1838.199956400591,347.2304426541072,2019,1480.780340603786,11.11111111111111,-1.029344123933418,FINAL historical CHIRPS,11-25
503,Escuintla,La Democracia,1310.040899393983,256.6638791278997,2019,1053.2021127110638,13.333333333333334,-1.0006814654076521,FINAL historical CHIRPS,11-25
504,Escuintla,Siquinalá,2273.242644334534,415.076240489882,2019,1871.784267616058,13.333333333333334,-0.9671918976732224,FINAL historical CHIRPS,11-25
505,Escuintla,Masagua,1213.328421226009,241.55757094219356,2019,1000.0774520142437,20.0,-0.8828163339281039,FINAL historical CHIRPS,11-25
506,Escuintla,Tiquisate,1099.3330593701887,216.54027105385555,2019,881.4481598884208,17.77777777777778,-1.006209599818862,FINAL historical CHIRPS,11-25
507,Escuintla,La Gomera,1192.8089121952646,235.2033963522672,2019,931.5595904226304,11.11111111111111,-1.1107378797428489,FINAL historical CHIRPS,11-25
508,Escuintla,Guanagazapa,1434.777751302957,270.2549364334725,2019,1169.9942179523928,20.0,-0.979754659969902,FINAL historical CHIRPS,11-25
509,Escuintla,San José,1039.3040527679698,228.0841406046076,2019,867.0840511971786,28.888888888888886,-0.7550722339320426,FINAL historical CHIRPS,26-50
510,Escuintla,Iztapa,1171.443438924166,254.28708795826137,2019,948.2578174586387,20.0,-0.8776915228277772,FINAL historical CHIRPS,11-25
511,Escuintla,Palín,1229.6740875837374,204.72369759478815,2019,905.7293673863519,2.2222222222222223,-1.5823508660857273,FINAL historical CHIRPS,1-10
512,Escuintla,San Vicente Pacaya,1232.4522222820158,199.66916006312087,2019,917.5773698431759,2.2222222222222223,-1.57698290682096,FINAL historical CHIRPS,1-10
513,Escuintla,Nueva Concepción,1106.7321636729432,217.2521432221644,2019,864.5787057829531,13.333333333333334,-1.1146194200825967,FINAL historical CHIRPS,11-25
514,Escuintla,Sipacate,962.9158757294643,200.26173540828188,2019,761.2166991101631,13.333333333333334,-1.0071778126165183,FINAL historical CHIRPS,11-25
601,Santa Rosa,Cuilapa,1113.9389927404193,201.6435181509653,2019,852.5285540729468,6.666666666666667,-1.2963989175777089,FINAL historical CHIRPS,1-10
602,Santa Rosa,Barberena,1073.9200180336643,187.26832031187345,2019,820.4275036836852,4.444444444444445,-1.353632658891888,FINAL historical CHIRPS,1-10
603,Santa Rosa,Santa Rosa De Lima,1098.9141519919351,194.4955596021213,2019,831.8241456128359,4.444444444444445,-1.373244751322262,FINAL historical CHIRPS,1-10
604,Santa Rosa,Casillas,879.8319224739535,162.46157554480118,2019,650.8550953460416,6.666666666666667,-1.4094214361768769,FINAL historical CHIRPS,1-10
605,Santa Rosa,San Rafael Las Flores,874.5888859801289,169.53719373055472,2019,646.2179610729262,6.666666666666667,-1.3470255103440747,FINAL historical CHIRPS,1-10
606,Santa Rosa,Oratorio,1097.179722228,206.10588344535773,2019,847.4193511095547,6.666666666666667,-1.211806120928426,FINAL historical CHIRPS,1-10
607,Santa Rosa,San Juan Tecuaco,1321.7291983875978,262.39251357275003,2019,1036.5077381250164,11.11111111111111,-1.0870030412796126,FINAL historical CHIRPS,11-25
608,Santa Rosa,Chiquimulilla,1136.347722109886,236.27206974165836,2019,915.7318033359857,13.333333333333334,-0.9337367680196964,FINAL historical CHIRPS,11-25
609,Santa Rosa,Taxisco,1218.8835967082114,249.6019689567457,2019,957.3269055671516,11.11111111111111,-1.0478951437533963,FINAL historical CHIRPS,11-25
610,Santa Rosa,Santa María Ixhuatán,1257.5784654709946,239.9426739466533,2019,958.0791009154663,6.666666666666667,-1.248212165136229,FINAL historical CHIRPS,1-10
611,Santa Rosa,Guazacapán,1183.321136964315,245.8841681088363,2019,904.2287871029005,6.666666666666667,-1.1350562014951657,FINAL historical CHIRPS,1-10
612,Santa Rosa,Santa Cruz Naranjo,977.6221615972704,174.95455960334098,2019,731.5110359409737,4.444444444444445,-1.406714556135506,FINAL historical CHIRPS,1-10
613,Santa Rosa,Pueblo Nuevo Viñas,1220.0645940798386,219.6366533207205,2019,955.4300662275405,8.88888888888889,-1.2048741585306812,FINAL historical CHIRPS,1-10
614,Santa Rosa,Nueva Santa Rosa,977.5418471262176,176.83722384095813,2019,745.9678296923795,4.444444444444445,-1.3095320792985787,FINAL historical CHIRPS,1-10
701,Sololá,Sololá,796.1153602579475,172.49984365865305,2019,625.4700168446366,20.0,-0.9892492641963673,FINAL historical CHIRPS,11-25
702,Sololá,San José Chacayá,876.8463517075679,190.8287806304109,2019,691.703563963264,20.0,-0.9702036932410142,FINAL historical CHIRPS,11-25
703,Sololá,Santa María Visitación,1620.236644944432,313.89632724194166,2019,1352.2119269564273,22.22222222222222,-0.8538638229475669,FINAL historical CHIRPS,11-25
704,Sololá,Santa Lucía Utatlán,947.1030120330583,198.13819272096447,2019,748.0399666907117,20.0,-1.004667715036064,FINAL historical CHIRPS,11-25
705,Sololá,Nahualá,1268.7054003297897,237.9665454153107,2019,1083.4917609599536,26.666666666666668,-0.7783179734218199,FINAL historical CHIRPS,26-50
706,Sololá,Santa Catarina Ixtahuacán,1543.316357577862,292.45920878019774,2019,1318.3001883792258,24.444444444444443,-0.7693933459546166,FINAL historical CHIRPS,11-25
707,Sololá,Santa Clara La Laguna,1465.2036463075349,287.3942095803723,2019,1201.459804482724,17.77777777777778,-0.9177075704131494,FINAL historical CHIRPS,11-25
708,Sololá,Concepción,788.8802352552333,169.24181993202586,2019,613.2885775173243,17.77777777777778,-1.0375193188564948,FINAL historical CHIRPS,11-25
709,Sololá,San Andrés Semetabaj,747.6849343704423,150.72352112651757,2019,570.5465699621179,13.333333333333334,-1.1752536238828586,FINAL historical CHIRPS,11-25
710,Sololá,Panajachel,801.8707087544167,165.17576083893948,2019,619.7459401824065,17.77777777777778,-1.1026119549683653,FINAL historical CHIRPS,11-25
711,Sololá,Santa Catarina Palopó,755.7059488544892,152.48686043079613,2019,573.4690650017483,15.555555555555555,-1.1950989307399793,FINAL historical CHIRPS,11-25
712,Sololá,San Antonio Palopó,747.2474848891236,151.7801546256108,2019,571.5736820330762,8.88888888888889,-1.1574227427121413,FINAL historical CHIRPS,1-10
713,Sololá,San Lucas Tolimán,998.124988336358,195.54731318396853,2019,802.4901914186767,11.11111111111111,-1.0004473788582844,FINAL historical CHIRPS,11-25
714,Sololá,Santa Cruz La Laguna,882.1788192461042,183.01869125632157,2019,683.6364192540713,17.77777777777778,-1.0848203461031756,FINAL historical CHIRPS,11-25
715,Sololá,San Pablo La Laguna,1315.3595202734073,265.1779670282575,2019,1053.8355026245117,20.0,-0.9862207655473405,FINAL historical CHIRPS,11-25
716,Sololá,San Marcos La Laguna,1244.0411190560706,251.48669019868396,2019,992.688858288875,20.0,-0.9994654610493213,FINAL historical CHIRPS,11-25
717,Sololá,San Juan La Laguna,1721.7704541836902,334.7343296776085,2019,1443.4114342051407,22.22222222222222,-0.8315819302031088,FINAL historical CHIRPS,11-25
718,Sololá,San Pedro La Laguna,1464.0635446251774,288.5893155384523,2019,1203.6515180348092,22.22222222222222,-0.9023619814354157,FINAL historical CHIRPS,11-25
719,Sololá,Santiago Atitlán,1207.08484214742,236.3577700964272,2019,998.1488885201775,17.77777777777778,-0.8839817431938143,FINAL historical CHIRPS,11-25
801,Totonicapán,Totonicapán,721.9187731075076,154.79012670116526,2019,559.8014771570074,13.333333333333334,-1.0473361538328645,FINAL historical CHIRPS,11-25
802,Totonicapán,San Cristóbal Totonicapán,554.1177187684923,115.37663651756306,2019,429.74274752696454,13.333333333333334,-1.077990960696752,FINAL historical CHIRPS,11-25
803,Totonicapán,San Francisco El Alto,559.1981274305095,115.82724135237407,2019,434.34324775762747,17.77777777777778,-1.0779405450315767,FINAL historical CHIRPS,11-25
804,Totonicapán,San Andrés Xecul,549.2034851718106,110.96966396468513,2019,432.2190284858042,13.333333333333334,-1.054202135127988,FINAL historical CHIRPS,11-25
805,Totonicapán,Momostenango,558.6655103630383,119.92458481448308,2019,429.9026412197829,15.555555555555555,-1.073698686073791,FINAL historical CHIRPS,11-25
806,Totonicapán,Santa María Chiquimula,640.7468482743094,140.72309445307488,2019,475.46720534228007,13.333333333333334,-1.1745026185957204,FINAL historical CHIRPS,11-25
807,Totonicapán,Santa Lucía La Reforma,587.8163376011979,136.76948524516544,2019,435.5935806188785,15.555555555555555,-1.1129877158596693,FINAL historical CHIRPS,11-25
808,Totonicapán,San Bartolo Aguas Calientes,512.8707543919937,111.10992944588682,2019,407.9995710230697,17.77777777777778,-0.9438506881601325,FINAL historical CHIRPS,11-25
901,Quetzaltenango,Quetzaltenango,1145.3146144931693,188.44248271678435,2019,988.4986198943917,22.22222222222222,-0.8321690116684616,FINAL historical CHIRPS,11-25
902,Quetzaltenango,Salcajá,530.2520694853453,110.998076888416,2019,432.2149288393094,22.22222222222222,-0.8832327855967318,FINAL historical CHIRPS,11-25
903,Quetzaltenango,Olintepeque,736.2352090254996,133.1539170239603,2019,601.0048456529405,17.77777777777778,-1.01559433169529,FINAL historical CHIRPS,11-25
904,Quetzaltenango,San Carlos Sija,545.3221676103338,108.79745441103373,2019,434.28612535348634,13.333333333333334,-1.0205757373454387,FINAL historical CHIRPS,11-25
905,Quetzaltenango,Sibilia,643.9782227050529,118.29922017181416,2019,519.9937932862475,17.77777777777778,-1.0480578759414827,FINAL historical CHIRPS,11-25
906,Quetzaltenango,Cabricán,544.6003700254953,109.12562566683222,2019,433.6536219326826,13.333333333333334,-1.016688311428706,FINAL historical CHIRPS,11-25
907,Quetzaltenango,Cajolá,708.648964604125,122.25432925685584,2019,567.2114644349845,17.77777777777778,-1.1569119967275838,FINAL historical CHIRPS,11-25
908,Quetzaltenango,San Miguel Sigüilá,986.492573424658,161.14704633742463,2019,808.9469177665637,15.555555555555555,-1.101761774065239,FINAL historical CHIRPS,11-25
909,Quetzaltenango,San Juan Ostuncalco,1458.561688766761,211.6562400828516,2019,1218.587112499752,13.333333333333334,-1.1337940056625424,FINAL historical CHIRPS,11-25
910,Quetzaltenango,San Mateo,1504.6769481178603,240.70331787142277,2019,1287.0053276895658,17.77777777777778,-0.9043149980365823,FINAL historical CHIRPS,11-25
911,Quetzaltenango,Concepción Chiquirichapa,1525.6055127944646,237.32764234552107,2019,1291.6079517281885,17.77777777777778,-0.9859684221933291,FINAL historical CHIRPS,11-25
912,Quetzaltenango,San Martín Sacatepéquez,1762.2051743455766,261.3859745369572,2019,1521.3899007303598,20.0,-0.9213014357094665,FINAL historical CHIRPS,11-25
913,Quetzaltenango,Almolonga,776.4790522113119,150.50365733191862,2019,659.8604802940715,24.444444444444443,-0.7748554020853556,FINAL historical CHIRPS,11-25
914,Quetzaltenango,Cantel,776.9591226558856,156.33656089803773,2019,655.9786672949773,22.22222222222222,-0.7738462114425776,FINAL historical CHIRPS,11-25
915,Quetzaltenango,Huitán,557.6377836239028,111.25669226851754,2019,456.33787204439903,20.0,-0.9105062312567848,FINAL historical CHIRPS,11-25
916,Quetzaltenango,Zunil,1488.092460957035,260.0360140540043,2019,1327.4655026350372,28.888888888888886,-0.6177104310199079,FINAL historical CHIRPS,26-50
917,Quetzaltenango,Colomba,1963.914559392073,316.5981828058234,2019,1736.129358304481,26.666666666666668,-0.7194772852732944,FINAL historical CHIRPS,26-50
918,Quetzaltenango,San Francisco La Unión,618.0943281105618,117.30717318727554,2019,489.82760929665614,11.11111111111111,-1.093426048287207,FINAL historical CHIRPS,11-25
919,Quetzaltenango,El Palmar,2052.436727488432,329.6186510198038,2019,1855.8317189273369,31.11111111111111,-0.5964620265049354,FINAL historical CHIRPS,26-50
920,Quetzaltenango,Coatepeque,1470.066877821681,288.8060767489688,2019,1259.1192741008774,26.666666666666668,-0.7304126218374548,FINAL historical CHIRPS,26-50
921,Quetzaltenango,Génova,1611.7093857309733,310.6797081318067,2019,1412.8386594564074,24.444444444444443,-0.640114951409039,FINAL historical CHIRPS,11-25
922,Quetzaltenango,Flores Costa Cuca,1731.2845424469606,332.9876726916117,2019,1515.6686522506097,24.444444444444443,-0.647519136229521,FINAL historical CHIRPS,11-25
923,Quetzaltenango,La Esperanza,1437.055826931695,235.60654688793105,2019,1216.1083641052246,17.77777777777778,-0.9377815079627928,FINAL historical CHIRPS,11-25
924,Quetzaltenango,Palestina De los Altos,856.8915330168301,134.98177777276476,2019,693.9725601863538,15.555555555555555,-1.2069701223282332,FINAL historical CHIRPS,11-25
1001,Suchitepéquez,Mazatenango,1751.147077615376,331.47145972061446,2019,1579.3239268145173,35.55555555555556,-0.5183648418650654,FINAL historical CHIRPS,26-50
1002,Suchitepéquez,Cuyotenango,1738.263770336757,328.7747823727994,2019,1552.2504536636154,28.888888888888886,-0.5657773243150388,FINAL historical CHIRPS,26-50
1003,Suchitepéquez,San Francisco Zapotitlán,1861.2299438138969,325.16874872535385,2019,1663.2355166533446,33.33333333333333,-0.6088974661208406,FINAL historical CHIRPS,26-50
1004,Suchitepéquez,San Bernardino,1723.8960394736398,319.5531279483426,2019,1536.1640272669258,31.11111111111111,-0.5874829434843205,FINAL historical CHIRPS,26-50
1005,Suchitepéquez,San José El Ídolo,1619.3346127686227,327.15710558669144,2019,1403.9725002104224,28.888888888888886,-0.6582834634509652,FINAL historical CHIRPS,26-50
1006,Suchitepéquez,Santo Domingo Suchitepéquez,1352.597906341348,273.22131149226936,2019,1145.2606833628488,24.444444444444443,-0.758861824672728,FINAL historical CHIRPS,11-25
1007,Suchitepéquez,San Lorenzo,1104.0018040192017,232.6083146418275,2019,919.0844682245325,20.0,-0.7949730261336816,FINAL historical CHIRPS,11-25
1008,Suchitepéquez,Samayac,1746.6888791660697,313.8681426147742,2019,1542.9694026597897,28.888888888888886,-0.6490607004875768,FINAL historical CHIRPS,26-50
1009,Suchitepéquez,San Pablo Jocopilas,1812.852720916473,337.1960968303216,2019,1593.6519980235928,31.11111111111111,-0.650068980493516,FINAL historical CHIRPS,26-50
1010,Suchitepéquez,San Antonio Suchitepéquez,1711.2380979792338,332.41965185148695,2019,1507.4199915805016,33.33333333333333,-0.6131349493434605,FINAL historical CHIRPS,26-50
1011,Suchitepéquez,San Miguel Panán,1745.6555993277143,340.7127948350453,2019,1527.4274414264821,31.11111111111111,-0.6405047336331658,FINAL historical CHIRPS,26-50
1012,Suchitepéquez,San Gabriel,1767.1736324052554,331.2003191366025,2019,1609.468729951974,35.55555555555556,-0.4761616862701045,FINAL historical CHIRPS,26-50
1013,Suchitepéquez,Chicacao,2060.3438909403435,398.84357474031793,2019,1769.755238856797,26.666666666666668,-0.728577995202117,FINAL historical CHIRPS,26-50
1014,Suchitepéquez,Patulul,1608.9321072333648,305.24718117958776,2019,1306.1634221519726,13.333333333333334,-0.9918803636822536,FINAL historical CHIRPS,11-25
1015,Suchitepéquez,Santa Bárbara,1633.9436003797866,328.517677969249,2019,1372.6778948332833,20.0,-0.7952865951127269,FINAL historical CHIRPS,11-25
1016,Suchitepéquez,San Juan Bautista,1564.6664893757536,313.9148725966849,2019,1288.7745718120855,15.555555555555555,-0.8788749487448836,FINAL historical CHIRPS,11-25
1017,Suchitepéquez,Santo Tomás La Unión,2121.958095368401,396.6460686889938,2019,1855.9277436997102,24.444444444444443,-0.6706995799756239,FINAL historical CHIRPS,11-25
1018,Suchitepéquez,Zunilito,1993.384852056032,349.9310223871798,2019,1775.3191097263143,24.444444444444443,-0.6231677913038524,FINAL historical CHIRPS,11-25
1019,Suchitepéquez,Pueblo Nuevo,1985.7581929688863,347.40839170400017,2019,1789.370500525384,28.888888888888886,-0.56529346191162,FINAL historical CHIRPS,26-50
1020,Suchitepéquez,Río Bravo,1769.7559169716574,356.22842430425106,2019,1496.2209770347731,17.77777777777778,-0.7678638796753087,FINAL historical CHIRPS,11-25
1021,Suchitepéquez,San José La Máquina,1244.585003925121,256.5799450245832,2019,1055.2021950167098,22.22222222222222,-0.7381044878245117,FINAL historical CHIRPS,11-25
1101,Retalhuleu,Retalhuleu,1147.3564532371104,231.7696433934576,2019,955.3094376650535,20.0,-0.8286116022797402,FINAL historical CHIRPS,11-25
1102,Retalhuleu,San Sebastián,1771.16158802208,291.58789772176715,2019,1563.347413245096,26.666666666666668,-0.7126982169036383,FINAL historical CHIRPS,26-50
1103,Retalhuleu,Santa Cruz Muluá,1554.0333846647304,285.80517530420144,2019,1365.471405783914,24.444444444444443,-0.6597570484163466,FINAL historical CHIRPS,11-25
1104,Retalhuleu,San Martín Zapotitlán,2174.83527236958,364.0777721460596,2019,1967.5578466987615,31.11111111111111,-0.5693218359610906,FINAL historical CHIRPS,26-50
1105,Retalhuleu,San Felipe,2119.9933910459954,350.6397481871449,2019,1909.3754781324335,28.888888888888886,-0.6006675341357763,FINAL historical CHIRPS,26-50
1106,Retalhuleu,San Andrés Villa Seca,1224.0561879484032,247.24728014941272,2019,1047.8878935260934,24.444444444444443,-0.7125186344450402,FINAL historical CHIRPS,11-25
1107,Retalhuleu,Champerico,801.5435589001503,174.86334297399617,2019,640.8294298284944,17.77777777777778,-0.9190841621708877,FINAL historical CHIRPS,11-25
1108,Retalhuleu,Nuevo San Carlos,1985.6321424329813,314.50555570929794,2019,1757.4179884742025,22.22222222222222,-0.7256283706788328,FINAL historical CHIRPS,11-25
1109,Retalhuleu,El Asintal,1807.4721276052312,311.74488134747486,2019,1582.1597509542416,26.666666666666668,-0.722746034119654,FINAL historical CHIRPS,26-50
1201,San Marcos,San Marcos,979.7020398915536,169.1414295732993,2019,754.006576528209,4.444444444444445,-1.334359440692423,FINAL historical CHIRPS,1-10
1202,San Marcos,San Pedro Sacatepéquez,955.4579343304346,156.03531522301358,2019,770.0498853481778,13.333333333333334,-1.1882441402272441,FINAL historical CHIRPS,11-25
1203,San Marcos,San Antonio Sacatepéquez,903.2722328967008,144.46166888061038,2019,734.9341969023151,17.77777777777778,-1.165278217390025,FINAL historical CHIRPS,11-25
1204,San Marcos,Comitancillo,647.69303218483,118.35530710005204,2019,502.9587025734679,8.88888888888889,-1.222879929575194,FINAL historical CHIRPS,1-10
1205,San Marcos,San Miguel Ixtahuacán,627.0080649971014,121.86376622002628,2019,488.41034452140383,11.11111111111111,-1.1373168971772791,FINAL historical CHIRPS,11-25
1206,San Marcos,Concepción Tutuapa,650.6753892134221,122.19846927649952,2019,501.23340680489133,6.666666666666667,-1.2229447986814561,FINAL historical CHIRPS,1-10
1207,San Marcos,Tacaná,985.93943125203,161.68547798418888,2019,784.366014644367,13.333333333333334,-1.2467008114815028,FINAL historical CHIRPS,11-25
1208,San Marcos,Sibinal,1906.618333400135,331.083281643202,2019,1474.6344850579999,4.444444444444445,-1.3047588697265315,FINAL historical CHIRPS,1-10
1209,San Marcos,Tajumulco,1798.5691032325765,297.0494111595041,2019,1377.4603615253009,4.444444444444445,-1.4176387021388723,FINAL historical CHIRPS,1-10
1210,San Marcos,Tejutla,702.2801155049535,127.39895539367237,2019,523.6113470526114,4.444444444444445,-1.4024351133825401,FINAL historical CHIRPS,1-10
1211,San Marcos,San Rafael Pie De La Cuesta,1979.0455401370632,362.165139907718,2019,1509.7418859135937,4.444444444444445,-1.295827793760192,FINAL historical CHIRPS,1-10
1212,San Marcos,Nuevo Progreso,2225.2021584556437,337.1848153526557,2019,1872.4054974530143,8.88888888888889,-1.0463005596312087,FINAL historical CHIRPS,1-10
1213,San Marcos,El Tumbador,2352.4240542313696,371.64538335788393,2019,1934.3597235173447,8.88888888888889,-1.1249011811655973,FINAL historical CHIRPS,1-10
1214,San Marcos,El Rodeo,2244.519080312404,310.6689740567264,2019,1874.0689545177877,13.333333333333334,-1.1924271708155008,FINAL historical CHIRPS,11-25
1215,San Marcos,Malacatán,2082.884575975125,330.54856958908454,2019,1765.7312926572476,15.555555555555555,-0.9594755884502556,FINAL historical CHIRPS,11-25
1216,San Marcos,Catarina,1884.003814918656,334.6401908015692,2019,1645.2301661465208,20.0,-0.713523525671548,FINAL historical CHIRPS,11-25
1217,San Marcos,Ayutla,1242.697315943184,242.777266090156,2019,1053.01720770525,22.22222222222222,-0.781292710362328,FINAL historical CHIRPS,11-25
1218,San Marcos,Ocós,723.1510412383967,173.500497010978,2019,590.998852837273,20.0,-0.7616819010769862,FINAL historical CHIRPS,11-25
1219,San Marcos,San Pablo,2073.318760119843,313.2209882862844,2019,1640.487373329775,6.666666666666667,-1.381872233908091,FINAL historical CHIRPS,1-10
1220,San Marcos,El Quetzal,1987.5068616203944,285.08255908545624,2019,1732.6238684804962,20.0,-0.8940672974087291,FINAL historical CHIRPS,11-25
1221,San Marcos,La Reforma,2058.6994939099272,304.7642938629192,2019,1742.379431781114,15.555555555555555,-1.037917067381561,FINAL historical CHIRPS,11-25
1222,San Marcos,Pajapita,1593.8752375600538,291.2402869811861,2019,1375.8681658391315,24.444444444444443,-0.7485470982762953,FINAL historical CHIRPS,11-25
1223,San Marcos,Ixchiguán,1069.425492239335,179.00384059355378,2019,801.2184666364876,4.444444444444445,-1.4983311235865513,FINAL historical CHIRPS,1-10
1224,San Marcos,San José Ojetenam,832.8239734117802,142.06001112946743,2019,636.9494399583025,6.666666666666667,-1.3788154167816167,FINAL historical CHIRPS,1-10
1225,San Marcos,San Cristóbal Cucho,1513.1297375524675,229.6468442801039,2019,1246.7157723735531,13.333333333333334,-1.1601028788968033,FINAL historical CHIRPS,11-25
1226,San Marcos,Sipacapa,570.1043087384637,115.92610126788148,2019,443.4628194223286,13.333333333333334,-1.0924329200331904,FINAL historical CHIRPS,11-25
1227,San Marcos,Esquipulas Palo Gordo,1310.3300155819998,231.357394783401,2019,1023.1014882785394,8.88888888888889,-1.2414927457683662,FINAL historical CHIRPS,1-10
1228,San Marcos,Río Blanco,645.5579737647502,121.98273394033974,2019,524.7471117954016,15.555555555555555,-0.9903931324283624,FINAL historical CHIRPS,11-25
1229,San Marcos,San Lorenzo,764.0278615971891,130.31942346786462,2019,615.5446699047095,11.11111111111111,-1.1393788258209567,FINAL historical CHIRPS,11-25
1230,San Marcos,La Blanca,864.4343147098331,201.31357652603225,2019,700.0447675353314,17.77777777777778,-0.8165845046881085,FINAL historical CHIRPS,11-25
1301,Huehuetenango,Huehuetenango,621.5438183170438,128.27658938570903,2019,490.96082010141873,15.555555555555555,-1.0179799668899912,FINAL historical CHIRPS,11-25
1302,Huehuetenango,Chiantla,891.2763632962749,188.9937336714716,2019,693.378959899432,13.333333333333334,-1.047110925597399,FINAL historical CHIRPS,11-25
1303,Huehuetenango,Malacatancito,564.4264865242717,115.63487380786717,2019,450.75561326238744,17.77777777777778,-0.9830154997250553,FINAL historical CHIRPS,11-25
1304,Huehuetenango,Cuilco,579.058996104493,110.30683348187851,2019,436.7859240448762,11.11111111111111,-1.289793819373754,FINAL historical CHIRPS,11-25
1305,Huehuetenango,Nentón,1094.3303065320538,271.0000385792641,2019,671.8162435670821,6.666666666666667,-1.559092261314906,FINAL historical CHIRPS,1-10
1306,Huehuetenango,San Pedro Necta,995.255704751958,191.9020084750377,2019,741.4402570904447,8.88888888888889,-1.3226304908347493,FINAL historical CHIRPS,1-10
1307,Huehuetenango,Jacaltenango,1277.01494550119,306.47732505888433,2019,829.6754291295697,4.444444444444445,-1.4596170084872402,FINAL historical CHIRPS,1-10
1308,Huehuetenango,Soloma,1285.0854996900546,287.392388764776,2019,873.5726864403733,8.88888888888889,-1.4318848700843463,FINAL historical CHIRPS,1-10
1309,Huehuetenango,San Ildefonso Ixtahuacán,789.976350091515,149.32956611397412,2019,599.7683665261903,8.88888888888889,-1.2737463083509566,FINAL historical CHIRPS,1-10
1310,Huehuetenango,Santa Bárbara,660.6991966077069,128.45057001235688,2019,528.8663807128569,17.77777777777778,-1.0263311083957647,FINAL historical CHIRPS,11-25
1311,Huehuetenango,La Libertad,707.4762505890111,144.48751157881995,2019,518.3443131827149,11.11111111111111,-1.3089846682224995,FINAL historical CHIRPS,11-25
1312,Huehuetenango,La Democracia,889.440295397167,189.6253889318366,2019,634.6674316521869,8.88888888888889,-1.3435588197346382,FINAL historical CHIRPS,1-10
1313,Huehuetenango,San Miguel Acatán,1458.028281529772,336.31842243189243,2019,929.5105180124558,4.444444444444445,-1.571480264731397,FINAL historical CHIRPS,1-10
1314,Huehuetenango,San Rafael La Independencia,1364.76101435838,306.50863227097386,2019,881.004652049647,4.444444444444445,-1.5782797330192657,FINAL historical CHIRPS,1-10
1315,Huehuetenango,Todos Santos Cuchumatán,1035.866215851633,217.5794004557392,2019,757.7849289048706,8.88888888888889,-1.2780680816487981,FINAL historical CHIRPS,1-10
1316,Huehuetenango,San Juan Atitán,733.9792124248064,145.54776689645374,2019,596.1994463119645,20.0,-0.9466291998204399,FINAL historical CHIRPS,11-25
1317,Huehuetenango,Santa Eulalia,1958.2550092560657,411.3092192061813,2019,1320.5578215045527,6.666666666666667,-1.5504082037894895,FINAL historical CHIRPS,1-10
1318,Huehuetenango,San Mateo Ixtatán,1836.3222403111456,414.3271573552501,2019,1124.9622842609836,4.444444444444445,-1.7169040054988038,FINAL historical CHIRPS,1-10
1319,Huehuetenango,Colotenango,845.5555204647374,163.9158683527941,2019,638.4191913126094,8.88888888888889,-1.2636746596510777,FINAL historical CHIRPS,1-10
1320,Huehuetenango,San Sebastián Huehuetenango,679.2960922901432,135.5268127430976,2019,548.1130199831573,15.555555555555555,-0.9679492172198748,FINAL historical CHIRPS,11-25
1321,Huehuetenango,Tectitán,633.1913006595129,113.84028723366858,2019,491.11230642591903,6.666666666666667,-1.2480554791816583,FINAL historical CHIRPS,1-10
1322,Huehuetenango,Concepción Huista,1650.886025728622,369.9124649364017,2019,1123.7653703215356,4.444444444444445,-1.4249875453580974,FINAL historical CHIRPS,1-10
1323,Huehuetenango,San Juan Ixcoy,1306.834229676001,285.3972477363125,2019,942.5702885445253,8.88888888888889,-1.2763400629147996,FINAL historical CHIRPS,1-10
1324,Huehuetenango,San Antonio Huista,1379.480397281989,299.75077861767915,2019,945.0687213088072,4.444444444444445,-1.4492428609410142,FINAL historical CHIRPS,1-10
1325,Huehuetenango,San Sebastián Coatán,1416.3117525852888,330.84732354899387,2019,856.8425999863506,4.444444444444445,-1.6910191280906302,FINAL historical CHIRPS,1-10
1326,Huehuetenango,Barillas,2359.364128113009,509.1835103606533,2019,1591.5011030128517,8.88888888888889,-1.5080280674373803,FINAL historical CHIRPS,1-10
1327,Huehuetenango,Aguacatán,803.2914956243511,171.28723259384532,2019,611.019992729894,11.11111111111111,-1.1225092494218145,FINAL historical CHIRPS,11-25
1328,Huehuetenango,San Rafael Pétzal,798.0905810944137,152.62095756772143,2019,609.0775333688632,11.11111111111111,-1.2384475286867533,FINAL historical CHIRPS,11-25
1329,Huehuetenango,San Gaspar Ixchil,791.4849631244277,153.85100321925404,2019,608.7725013759647,8.88888888888889,-1.1875935673170643,FINAL historical CHIRPS,1-10
1330,Huehuetenango,Santiago Chimaltenango,910.1469603479449,179.10884249663167,2019,700.6245272996251,13.333333333333334,-1.169805075660963,FINAL historical CHIRPS,11-25
1331,Huehuetenango,Santa Ana Huista,842.3288602462113,209.34050582685984,2019,556.5980597196847,6.666666666666667,-1.3649092868957107,FINAL historical CHIRPS,1-10
1332,Huehuetenango,Unión Cantinil,1375.9756716281888,281.7679836932132,2019,980.5019994573748,4.444444444444445,-1.4035436779836656,FINAL historical CHIRPS,1-10
1333,Huehuetenango,Petatán,1663.5208422635565,358.28256173783313,2019,1157.826330253392,4.444444444444445,-1.41144048305705,FINAL historical CHIRPS,1-10
1401,Quiché,Santa Cruz Del Quiché,820.171415553308,174.8936226672269,2019,592.6098944587426,11.11111111111111,-1.3011424752036302,FINAL historical CHIRPS,11-25
1402,Quiché,Chiché,867.3887500485131,175.3471138480973,2019,628.9977442510792,11.11111111111111,-1.3595376654100582,FINAL historical CHIRPS,11-25
1403,Quiché,Chinique,904.056358055046,187.3339124425657,2019,657.6627851088575,8.88888888888889,-1.3152641170707933,FINAL historical CHIRPS,1-10
1404,Quiché,Zacualpa,863.2094519486576,165.91413211915977,2019,659.2691826097106,8.88888888888889,-1.2291916712222972,FINAL historical CHIRPS,1-10
1405,Quiché,Chajul,1946.8579672617143,379.6405405242444,2019,1377.8702746868832,6.666666666666667,-1.498753773211675,FINAL historical CHIRPS,1-10
1406,Quiché,Chichicastenango,800.6836977957643,171.47348210335065,2019,604.1100256587209,13.333333333333334,-1.1463794268700058,FINAL historical CHIRPS,11-25
1407,Quiché,Patzité,786.4217378008573,174.33308098671867,2019,571.7937786771852,11.11111111111111,-1.2311373028508756,FINAL historical CHIRPS,11-25
1408,Quiché,San Antonio Ilotenango,679.9835129173761,146.6798644492502,2019,510.91246592963057,11.11111111111111,-1.152653417171942,FINAL historical CHIRPS,11-25
1409,Quiché,San Pedro Jocopilas,680.594217481342,148.58928532011743,2019,495.047366785747,8.88888888888889,-1.2487229499479522,FINAL historical CHIRPS,1-10
1410,Quiché,Cunén,1144.9588699796086,240.8065744162574,2019,823.1492273981972,6.666666666666667,-1.3363822950495212,FINAL historical CHIRPS,1-10
1411,Quiché,San Juan Cotzal,1317.6585990630545,273.4693459206109,2019,943.8713370322162,6.666666666666667,-1.3668342269679834,FINAL historical CHIRPS,1-10
1412,Quiché,Joyabaj,763.871436675013,147.26967914685483,2019,544.1046592484541,6.666666666666667,-1.492274436256571,FINAL historical CHIRPS,1-10
1413,Quiché,Nebaj,1558.0613824661011,319.1160314421374,2019,1108.9787780849856,6.666666666666667,-1.407270585409445,FINAL historical CHIRPS,1-10
1414,Quiché,San Andrés Sajcabajá,1120.7685812384198,225.881473331266,2019,855.015143491888,8.88888888888889,-1.1765171965068228,FINAL historical CHIRPS,1-10
1415,Quiché,Uspantán,1736.623192633712,319.36561943009195,2019,1313.0608403131243,8.88888888888889,-1.3262615840629146,FINAL historical CHIRPS,1-10
1416,Quiché,Sacapulas,689.3977154822514,149.54593899636225,2019,500.26542683090037,6.666666666666667,-1.2647102951819493,FINAL historical CHIRPS,1-10
1417,Quiché,San Bartolomé Jocotenango,751.3584663155121,155.93768250796947,2019,556.2491221732712,8.88888888888889,-1.251200742529116,FINAL historical CHIRPS,1-10
1418,Quiché,Canillá,1047.9020069017663,205.75669744987584,2019,820.6183150184111,11.11111111111111,-1.1046235417864032,FINAL historical CHIRPS,11-25
1419,Quiché,Chicamán,1199.7535060507382,217.83134144973704,2019,914.6543241134394,8.88888888888889,-1.3088069881949624,FINAL historical CHIRPS,1-10
1420,Quiché,Ixcán,1982.9818046337205,404.4784901346387,2019,1357.3787121822986,4.444444444444445,-1.5466906342613607,FINAL historical CHIRPS,1-10
1421,Quiché,Pachalum,723.1904726663884,146.01164386019076,2019,481.01898747425463,4.444444444444445,-1.6585765271160022,FINAL historical CHIRPS,1-10
1501,Baja Verapaz,Salamá,737.0828079383101,174.56128538592358,2019,471.89564587012165,6.666666666666667,-1.5191636649667615,FINAL historical CHIRPS,1-10
1502,Baja Verapaz,San Miguel Chicaj,676.1855551676214,155.39242768672088,2019,435.97088934236444,4.444444444444445,-1.5458582467708275,FINAL historical CHIRPS,1-10
1503,Baja Verapaz,Rabinal,610.5828072059969,129.6217888424621,2019,406.8213959725877,4.444444444444445,-1.5719688260208617,FINAL historical CHIRPS,1-10
1504,Baja Verapaz,Cubulco,746.6781819037498,144.42014781052524,2019,557.6326789212193,8.88888888888889,-1.3089967421342923,FINAL historical CHIRPS,1-10
1505,Baja Verapaz,Granados,671.5372184931995,142.413719090397,2019,429.88833031078514,4.444444444444445,-1.6968090555168207,FINAL historical CHIRPS,1-10
1506,Baja Verapaz,El Chol,573.2604236953914,124.70022709498384,2019,363.7550774100416,4.444444444444445,-1.6800718905328864,FINAL historical CHIRPS,1-10
1507,Baja Verapaz,San Jerónimo,652.67686732031,163.3270425691117,2019,392.0312979318948,4.444444444444445,-1.5958506643388413,FINAL historical CHIRPS,1-10
1508,Baja Verapaz,Purulhá,1363.498860191597,298.4793987224034,2019,899.0611136126353,6.666666666666667,-1.5560127384567188,FINAL historical CHIRPS,1-10
1601,Alta Verapaz,Cobán,1553.7122917285308,300.50123724106487,2019,1018.6449462102179,4.444444444444445,-1.7805828369654162,FINAL historical CHIRPS,1-10
1602,Alta Verapaz,Santa Cruz Verapaz,1017.5683610328468,211.22252708299484,2019,662.8169028892034,4.444444444444445,-1.6795152630867458,FINAL historical CHIRPS,1-10
1603,Alta Verapaz,San Cristóbal Verapaz,909.8980238578338,174.7231911713619,2019,651.3252943865759,4.444444444444445,-1.479899306656204,FINAL historical CHIRPS,1-10
1604,Alta Verapaz,Tactic,1053.1189715268413,217.23433375520173,2019,668.1497043900692,4.444444444444445,-1.772138227332832,FINAL historical CHIRPS,1-10
1605,Alta Verapaz,Tamahú,1231.3018015405569,250.7826709464337,2019,795.1653711305065,4.444444444444445,-1.7391011458810388,FINAL historical CHIRPS,1-10
1606,Alta Verapaz,Tucurú,1616.9184348434617,329.7523448253469,2019,1068.1566117939385,4.444444444444445,-1.664163520475266,FINAL historical CHIRPS,1-10
1607,Alta Verapaz,Panzós,1532.8891794439207,279.67610295255383,2019,1025.6058657627093,4.444444444444445,-1.8138243072103677,FINAL historical CHIRPS,1-10
1608,Alta Verapaz,Senahú,1835.985203777119,348.0061913597451,2019,1240.8251541684256,6.666666666666667,-1.7101996009992178,FINAL historical CHIRPS,1-10
1609,Alta Verapaz,San Pedro Carchá,1588.7189294749076,296.76549226011576,2019,1030.030684287017,4.444444444444445,-1.8825916751068845,FINAL historical CHIRPS,1-10
1610,Alta Verapaz,San Juan Chamelco,1162.6363032215245,229.56630688764037,2019,773.2608538112881,4.444444444444445,-1.6961350064354759,FINAL historical CHIRPS,1-10
1611,Alta Verapaz,Lanquín,1693.8883275379517,319.5980298298211,2019,1134.744729248646,4.444444444444445,-1.74952141784803,FINAL historical CHIRPS,1-10
1612,Alta Verapaz,Cahabón,1449.866450917251,262.495707447714,2019,922.3519696918835,2.2222222222222223,-2.009611838435271,FINAL historical CHIRPS,1-10
1613,Alta Verapaz,Chisec,1950.6273463157247,389.20982122138855,2019,1124.432199968113,2.2222222222222223,-2.1227499957604077,FINAL historical CHIRPS,1-10
1614,Alta Verapaz,Chahal,1581.8659460042195,272.9365136904132,2019,1081.3768962544063,2.2222222222222223,-1.8337196551045145,FINAL historical CHIRPS,1-10
1615,Alta Verapaz,Fray Bartolomé De Las Casas,1306.8423101067767,243.0194306871018,2019,816.1234442932224,2.2222222222222223,-2.0192577376472274,FINAL historical CHIRPS,1-10
1616,Alta Verapaz,Santa Catalina La Tinta,1463.0759920961766,302.5543822008545,2019,965.4752504839319,4.444444444444445,-1.6446654581321063,FINAL historical CHIRPS,1-10
1617,Alta Verapaz,Raxruhá,1750.984072689626,349.33955656770536,2019,1004.6869410482649,2.2222222222222223,-2.136308693392188,FINAL historical CHIRPS,1-10
1701,Petén,Flores,665.0379308412522,150.85208944118935,2019,390.0660275200432,2.2222222222222223,-1.8227914796527136,FINAL historical CHIRPS,1-10
1702,Petén,San José,688.5870364206187,151.9613147461473,2019,485.7706359754575,8.88888888888889,-1.334658105478804,FINAL historical CHIRPS,1-10
1703,Petén,San Benito,905.294886934832,183.27453263731115,2019,579.7562431512292,4.444444444444445,-1.776235023486997,FINAL historical CHIRPS,1-10
1704,Petén,San Andrés,789.4483967513903,173.46235633155368,2019,614.6031039156647,15.555555555555555,-1.007972545360381,FINAL historical CHIRPS,11-25
1705,Petén,La Libertad,1030.7725615507966,218.0788875370228,2019,686.4816657164113,4.444444444444445,-1.5787447364703553,FINAL historical CHIRPS,1-10
1706,Petén,San Francisco,965.674005497682,185.89970271469133,2019,582.3211118092228,2.2222222222222223,-2.0621490410708625,FINAL historical CHIRPS,1-10
1707,Petén,Santa Ana,781.6277845590836,163.5678827914945,2019,453.2519966777435,2.2222222222222223,-2.0075810866851644,FINAL historical CHIRPS,1-10
1708,Petén,Dolores,896.7817009660795,174.08437496061973,2019,543.4043636530852,2.2222222222222223,-2.0299199017311755,FINAL historical CHIRPS,1-10
1709,Petén,San Luis,1259.1143412479544,233.53651863093089,2019,789.9817400566108,2.2222222222222223,-2.0088190230014376,FINAL historical CHIRPS,1-10
1710,Petén,Sayaxché,1193.4223172269135,241.9844664272813,2019,667.8643289035446,2.2222222222222223,-2.17186663294069,FINAL historical CHIRPS,1-10
1711,Petén,Melchor De Mencos,630.6097621075538,143.0652304309987,2019,316.9074603224133,2.2222222222222223,-2.1927221648480213,FINAL historical CHIRPS,1-10
1712,Petén,Poptún,983.202514507906,184.497946473166,2019,593.9745927657743,2.2222222222222223,-2.1096599131998595,FINAL historical CHIRPS,1-10
1713,Petén,Las Cruces,1095.94075175201,234.39303694558225,2019,688.723723884136,4.444444444444445,-1.737325618433006,FINAL historical CHIRPS,1-10
1714,Petén,El Chal,947.8876539753746,181.1037496662572,2019,536.6803615880951,2.2222222222222223,-2.270562001863922,FINAL historical CHIRPS,1-10
1801,Izabal,Puerto Barrios,1145.199280220312,228.702909938302,2019,743.8541491622993,6.666666666666667,-1.7548754896310017,FINAL historical CHIRPS,1-10
1802,Izabal,Livingston,1671.6612861785595,250.51176402965345,2019,1290.4183904502202,6.666666666666667,-1.5218562577492811,FINAL historical CHIRPS,1-10
1803,Izabal,El Estor,1464.6517962082726,233.09537852113172,2019,1012.9479509078508,2.2222222222222223,-1.9378498542795934,FINAL historical CHIRPS,1-10
1804,Izabal,Morales,870.1686351759024,157.6859387489477,2019,630.3223948959248,8.88888888888889,-1.5210375901800448,FINAL historical CHIRPS,1-10
1805,Izabal,Los Amates,1031.3838760251824,195.18899505996208,2019,754.8285708441817,6.666666666666667,-1.4168591067136898,FINAL historical CHIRPS,1-10
1901,Zacapa,Zacapa,662.144907771426,155.59196709103114,2019,506.5603205892914,22.22222222222222,-0.9999525688309332,FINAL historical CHIRPS,11-25
1902,Zacapa,Estanzuela,526.3289604192655,130.8599930107165,2019,399.8551979309605,15.555555555555555,-0.9664815011716201,FINAL historical CHIRPS,11-25
1903,Zacapa,Río Hondo,733.0356745219029,159.04798778744575,2019,510.12871189272084,4.444444444444445,-1.4015075935891657,FINAL historical CHIRPS,1-10
1904,Zacapa,Gualán,958.802550745991,198.06439072139463,2019,688.2601413432441,4.444444444444445,-1.3659315963731349,FINAL historical CHIRPS,1-10
1905,Zacapa,Teculután,969.1621383841864,221.40891730395057,2019,642.3047764320712,4.444444444444445,-1.4762610554813598,FINAL historical CHIRPS,1-10
1906,Zacapa,Usumatlán,1005.4934446693854,239.9885826753192,2019,668.981380916048,6.666666666666667,-1.4022003047061824,FINAL historical CHIRPS,1-10
1907,Zacapa,Cabañas,885.045191116118,214.3262086790548,2019,643.7848433292494,8.88888888888889,-1.1256689010355547,FINAL historical CHIRPS,1-10
1908,Zacapa,San Diego,822.5685530813441,194.1117905611285,2019,619.8668312335508,17.77777777777778,-1.04425249626431,FINAL historical CHIRPS,11-25
1909,Zacapa,La Unión,892.0191140925615,199.82655088988824,2019,690.0438201008747,22.22222222222222,-1.0107530410359864,FINAL historical CHIRPS,11-25
1910,Zacapa,Huité,639.1525254872814,159.9139864194263,2019,480.55649071288167,13.333333333333334,-0.9917583716438049,FINAL historical CHIRPS,11-25
1911,Zacapa,San Jorge,551.7870889948197,137.95445207811346,2019,430.66245898467986,22.22222222222222,-0.8780045021059258,FINAL historical CHIRPS,11-25
2001,Chiquimula,Chiquimula,605.3332446218732,143.1549492925597,2019,475.22582916660315,17.77777777777778,-0.9088572633934927,FINAL historical CHIRPS,11-25
2002,Chiquimula,San José La Arada,618.226868876913,139.19787226693143,2019,512.5259792783157,24.444444444444443,-0.7593570783603721,FINAL historical CHIRPS,11-25
2003,Chiquimula,San Juan Ermita,797.6959741772505,185.25282409997573,2019,645.8294431834648,22.22222222222222,-0.8197798426642477,FINAL historical CHIRPS,11-25
2004,Chiquimula,Jocotán,764.8060180908973,170.4545949105898,2019,612.5079061340069,22.22222222222222,-0.8934819975769897,FINAL historical CHIRPS,11-25
2005,Chiquimula,Camotán,846.339488604652,188.23661778860887,2019,673.1480397781136,22.22222222222222,-0.9200731019351068,FINAL historical CHIRPS,11-25
2006,Chiquimula,Olopa,914.3991210783402,194.42264519807955,2019,747.478345455276,22.22222222222222,-0.858545955143259,FINAL historical CHIRPS,11-25
2007,Chiquimula,Esquipulas,1004.3636911115124,194.21787378994628,2019,836.9158656546634,20.0,-0.8621648573804791,FINAL historical CHIRPS,11-25
2008,Chiquimula,Concepción Las Minas,988.4437197313028,172.86779170666156,2019,838.8391716292382,20.0,-0.8654275421989992,FINAL historical CHIRPS,11-25
2009,Chiquimula,Quezaltepeque,886.1384305243088,180.2694197080044,2019,726.176621562921,20.0,-0.8873485542943981,FINAL historical CHIRPS,11-25
2010,Chiquimula,San Jacinto,715.6017666246838,151.7217424488989,2019,580.5150973189529,15.555555555555555,-0.8903580141206798,FINAL historical CHIRPS,11-25
2011,Chiquimula,Ipala,617.8121034388889,129.79034965885648,2019,506.362375192821,20.0,-0.8586904075611522,FINAL historical CHIRPS,11-25
2101,Jalapa,Jalapa,793.4383897951086,167.26644580337955,2019,565.6902247478375,6.666666666666667,-1.3615890739675747,FINAL historical CHIRPS,1-10
2102,Jalapa,San Pedro Pinula,760.9742585157265,177.17944437925806,2019,559.760344661927,15.555555555555555,-1.1356504393539861,FINAL historical CHIRPS,11-25
2103,Jalapa,San Luis Jilotepeque,609.0976144365395,133.3674210549345,2019,487.4529944688878,20.0,-0.912101463801612,FINAL historical CHIRPS,11-25
2104,Jalapa,San Manuel Chaparrón,686.0155401913403,141.22811189948516,2019,541.8232067958921,15.555555555555555,-1.0209888913481524,FINAL historical CHIRPS,11-25
2105,Jalapa,San Carlos Alzatate,991.6977951193584,190.00990963035903,2019,722.8312102124253,6.666666666666667,-1.4150134876121991,FINAL historical CHIRPS,1-10
2106,Jalapa,Monjas,717.8190514103777,144.22761123679678,2019,553.8458814607387,13.333333333333334,-1.1369055380139619,FINAL historical CHIRPS,11-25
2107,Jalapa,Mataquescuintla,927.9820263941452,181.87031910664012,2019,684.602262869538,8.88888888888889,-1.3382049623055916,FINAL historical CHIRPS,1-10
2201,Jutiapa,Jutiapa,846.1911803521257,154.2340843592022,2019,659.2821336103808,13.333333333333334,-1.2118530577615036,FINAL historical CHIRPS,11-25
2202,Jutiapa,El Progreso,784.4818125784279,148.43674599349708,2019,631.2029264112076,15.555555555555555,-1.0326208995037884,FINAL historical CHIRPS,11-25
2203,Jutiapa,Santa Catarina Mita,720.3914680775822,138.85851879017798,2019,598.9236991159906,17.77777777777778,-0.8747592154942636,FINAL historical CHIRPS,11-25
2204,Jutiapa,Agua Blanca,646.1143884578172,124.23271475481177,2019,540.7782755301564,17.77777777777778,-0.8478935128766549,FINAL historical CHIRPS,11-25
2205,Jutiapa,Asunción Mita,828.2578853843715,137.04358512582877,2019,708.6133492862003,20.0,-0.873040033127546,FINAL historical CHIRPS,11-25
2206,Jutiapa,Yupiltepeque,974.9132260102332,194.5655198343248,2019,766.8049120525053,11.11111111111111,-1.0696053141118476,FINAL historical CHIRPS,11-25
2207,Jutiapa,Atescatempa,987.20448875801,168.99465373614626,2019,815.6320166239921,13.333333333333334,-1.0152538458518132,FINAL historical CHIRPS,11-25
2208,Jutiapa,Jerez,1103.442492567377,181.97122414511912,2019,889.2479566087748,6.666666666666667,-1.1770791616359386,FINAL historical CHIRPS,1-10
2209,Jutiapa,El Adelanto,929.3442217187096,187.01579972366176,2019,707.5338766804454,8.88888888888889,-1.1860513676706224,FINAL historical CHIRPS,1-10
2210,Jutiapa,Zapotitlán,1013.6535803693208,182.0261909854062,2019,791.2513332455641,6.666666666666667,-1.2218145417413457,FINAL historical CHIRPS,1-10
2211,Jutiapa,Comapa,971.6863393752463,172.44817186352384,2019,749.0148905557644,6.666666666666667,-1.2912369346292927,FINAL historical CHIRPS,1-10
2212,Jutiapa,Jalpatagua,974.1767878167824,174.09709034417662,2019,750.3572853104201,6.666666666666667,-1.28560162644814,FINAL historical CHIRPS,1-10
2213,Jutiapa,Conguaco,1057.2860638812178,196.5643055042153,2019,856.9832034829811,13.333333333333334,-1.0190195004348908,FINAL historical CHIRPS,11-25
2214,Jutiapa,Moyuta,1047.356488048507,208.57601055190463,2019,885.5703490598223,20.0,-0.7756699275270859,FINAL historical CHIRPS,11-25
2215,Jutiapa,Pasaco,1091.9948910997716,225.2805060991107,2019,908.9474120058297,22.22222222222222,-0.8125313737239711,FINAL historical CHIRPS,11-25
2216,Jutiapa,San José Acatempa,914.6867338150578,166.73541926756351,2019,690.2285742224637,6.666666666666667,-1.3461936316746337,FINAL historical CHIRPS,1-10
2217,Jutiapa,Quesada,810.1318499611182,151.46639654813117,2019,614.4659263135924,6.666666666666667,-1.2918107785402384,FINAL historical CHIRPS,1-10
101,Guatemala,Guatemala,805.9353880763103,168.58441163415105,2024,759.6114735302913,44.44444444444444,-0.27478171971527043,FINAL historical CHIRPS,26-50
102,Guatemala,Santa Catarina Pinula,979.7887848916724,188.28410955681804,2024,998.3603974293981,62.22222222222222,0.09863611210441164,FINAL historical CHIRPS,51-75
103,Guatemala,San José Pinula,1157.1574856924851,214.54544181718063,2024,1168.9808799397658,60.0,0.05510904425252578,FINAL historical CHIRPS,51-75
104,Guatemala,San José Del Golfo,564.2120971368274,127.61438389904863,2024,519.7090776003085,42.22222222222222,-0.34873043442911333,FINAL historical CHIRPS,26-50
105,Guatemala,Palencia,813.5525578322723,175.5907257759969,2024,765.4458848796646,42.22222222222222,-0.2739704659230006,FINAL historical CHIRPS,26-50
106,Guatemala,Chinautla,781.2513278676729,175.818569432629,2024,715.070441222342,40.0,-0.3764157953218385,FINAL historical CHIRPS,26-50
107,Guatemala,San Pedro Ayampuc,679.3514012654831,147.4031573174629,2024,617.2455933734009,40.0,-0.4213329552929768,FINAL historical CHIRPS,26-50
108,Guatemala,Mixco,782.2114395617658,168.7531626939166,2024,767.8326038533096,55.55555555555556,-0.08520631838193433,FINAL historical CHIRPS,51-75
109,Guatemala,San Pedro Sacatepéquez,794.3541452704935,178.34897148315923,2024,781.413490181385,55.55555555555556,-0.07255805840366433,FINAL historical CHIRPS,51-75
110,Guatemala,San Juan Sacatepéquez,783.2933334662749,168.60131643179946,2024,764.532275696445,60.0,-0.11127468140154705,FINAL historical CHIRPS,51-75
111,Guatemala,San Raymundo,755.7512996836648,166.0762972765092,2024,723.6792206921256,51.11111111111111,-0.1931165344934246,FINAL historical CHIRPS,51-75
112,Guatemala,Chuarrancho,632.3679121520246,139.41749551678137,2024,612.9995318961937,55.55555555555556,-0.13892359910811572,FINAL historical CHIRPS,51-75
113,Guatemala,Fraijanes,984.886868442841,175.93129984548875,2024,1065.5396424973221,73.33333333333333,0.45843334372743366,FINAL historical CHIRPS,51-75
114,Guatemala,Amatitlán,770.7506099946462,141.7059418775292,2024,870.6078675745158,71.11111111111111,0.7046793963387383,FINAL historical CHIRPS,51-75
115,Guatemala,Villa Nueva,749.2480761473272,147.86884669335356,2024,813.0199420347552,73.33333333333333,0.43127316749603384,FINAL historical CHIRPS,51-75
116,Guatemala,Villa Canales,958.5304515810556,165.2652985348972,2024,1089.0695289889813,82.22222222222221,0.7898759059837437,FINAL historical CHIRPS,76-100
117,Guatemala,Petapa,824.5842238321788,155.46342950729655,2024,909.2297602527341,75.55555555555556,0.5444723346758696,FINAL historical CHIRPS,76-100
201,El Progreso,Guastatoya,499.9250215443532,128.82658094937884,2024,428.1351901968521,35.55555555555556,-0.5572594632136536,FINAL historical CHIRPS,26-50
202,El Progreso,Morazán,537.8735509995524,139.03309410033285,2024,451.05545662050724,31.11111111111111,-0.6244419355034504,FINAL historical CHIRPS,26-50
203,El Progreso,San Agustín Acasaguastlán,850.9877350833432,209.55483649472436,2024,668.4425296118247,22.22222222222222,-0.8711094839183734,FINAL historical CHIRPS,11-25
204,El Progreso,San Cristóbal Acasaguastlán,1206.029603749147,288.26095581054057,2024,929.5261890289061,17.77777777777778,-0.9592121622672092,FINAL historical CHIRPS,11-25
205,El Progreso,El Jícaro,831.8877020564397,201.77447027937455,2024,670.40855296084,22.22222222222222,-0.800295244844492,FINAL historical CHIRPS,11-25
206,El Progreso,Sansare,505.998147835385,119.29226852926068,2024,471.9489248706153,48.888888888888886,-0.28542690473203547,FINAL historical CHIRPS,26-50
207,El Progreso,Sanarate,574.1882496351507,134.01539834303213,2024,544.3163565580759,42.22222222222222,-0.22289896121200403,FINAL historical CHIRPS,26-50
208,El Progreso,San Antonio La Paz,585.7613569216905,134.50533234946002,2024,542.3922458964297,42.22222222222222,-0.32243413898701806,FINAL historical CHIRPS,26-50
301,Sacatepéquez,Antigua Guatemala,686.4445699312046,131.24946982128176,2024,763.1623634228902,75.55555555555556,0.5845188829802496,FINAL historical CHIRPS,76-100
302,Sacatepéquez,Jocotenango,691.9122278494875,133.00926007348656,2024,738.6254115427624,73.33333333333333,0.3512024927246889,FINAL historical CHIRPS,51-75
303,Sacatepéquez,Pastores,723.5100863668026,142.33409664696933,2024,742.6613640888522,64.44444444444444,0.13455158091564268,FINAL historical CHIRPS,51-75
304,Sacatepéquez,Sumpango,791.7566790943899,163.07981547651625,2024,786.0921038686373,55.55555555555556,-0.034734986725370294,FINAL historical CHIRPS,51-75
305,Sacatepéquez,Santo Domingo Xenacoj,832.2260841706184,180.5512098131162,2024,829.8460789165537,62.22222222222222,-0.013181884832165864,FINAL historical CHIRPS,51-75
306,Sacatepéquez,Santiago Sacatepéquez,775.5974746731882,162.81505442021967,2024,783.5072495522903,66.66666666666666,0.04858134837265877,FINAL historical CHIRPS,51-75
307,Sacatepéquez,San Bartolomé Milpas Altas,719.6066482916153,146.39322856487334,2024,746.2663412994442,68.88888888888889,0.18211015133131506,FINAL historical CHIRPS,51-75
308,Sacatepéquez,San Lucas Sacatepéquez,725.9762011225885,148.85370529187512,2024,752.4360371155615,68.88888888888889,0.17775732180189988,FINAL historical CHIRPS,51-75
309,Sacatepéquez,Santa Lucía Milpas Altas,669.6792800983123,132.8006168235905,2024,717.9108462592468,71.11111111111111,0.36318781730512767,FINAL historical CHIRPS,51-75
310,Sacatepéquez,Magdalena Milpas Altas,630.1849154482805,123.36504196439412,2024,706.2868498665454,75.55555555555556,0.6168841124394828,FINAL historical CHIRPS,76-100
311,Sacatepéquez,Santa María De Jesús,726.5518227355706,135.44881171951408,2024,813.500127796741,71.11111111111111,0.6419274112291369,FINAL historical CHIRPS,51-75
312,Sacatepéquez,Ciudad Vieja,793.8592450768402,147.458611349329,2024,881.5546832243463,75.55555555555556,0.594712220229416,FINAL historical CHIRPS,76-100
313,Sacatepéquez,San Miguel Dueñas,995.3007053904802,178.0989055862011,2024,1049.4136211673067,66.66666666666666,0.3038363183575853,FINAL historical CHIRPS,51-75
314,Sacatepéquez,Alotenango,1292.4140039749363,225.18995712839185,2024,1399.6898950302134,73.33333333333333,0.47637955272629584,FINAL historical CHIRPS,51-75
315,Sacatepéquez,San Antonio Aguas Calientes,746.1007177910299,145.22642163423063,2024,798.5442648237091,73.33333333333333,0.361115742180609,FINAL historical CHIRPS,51-75
316,Sacatepéquez,Santa Catarina Barahona,813.601703348977,150.8322437110738,2024,853.6119780512674,64.44444444444444,0.2652634060057607,FINAL historical CHIRPS,51-75
401,Chimaltenango,Chimaltenango,749.512736867835,154.63552760171504,2024,721.4545933597799,51.11111111111111,-0.18144694135439993,FINAL historical CHIRPS,51-75
402,Chimaltenango,San José Poaquil,709.0320780503096,141.40927988794732,2024,699.8323813935277,53.333333333333336,-0.0650572343206307,FINAL historical CHIRPS,51-75
403,Chimaltenango,San Martín Jilotepeque,739.4113865795837,151.6626684184607,2024,707.782909239443,53.333333333333336,-0.2085449087106446,FINAL historical CHIRPS,51-75
404,Chimaltenango,Comalapa,648.3139105815285,127.81696212756934,2024,641.9880267139748,55.55555555555556,-0.049491740080945146,FINAL historical CHIRPS,51-75
405,Chimaltenango,Santa Apolonia,661.7249161806004,134.54131993168744,2024,673.3722492540029,64.44444444444444,0.08657067642354292,FINAL historical CHIRPS,51-75
406,Chimaltenango,Tecpán Guatemala,704.4997923126705,140.01891200488507,2024,716.2206904606667,64.44444444444444,0.08370939311103395,FINAL historical CHIRPS,51-75
407,Chimaltenango,Patzún,916.9119148679318,173.08210726476085,2024,929.2097808273448,57.77777777777777,0.07105220842152771,FINAL historical CHIRPS,51-75
408,Chimaltenango,Pochuta,1769.1927153780148,328.2262983753185,2024,1806.8145218173418,57.77777777777777,0.11462154807689233,FINAL historical CHIRPS,51-75
409,Chimaltenango,Patzicía,887.3120102312872,161.5301684122741,2024,897.3777435963171,60.0,0.06231488188224454,FINAL historical CHIRPS,51-75
410,Chimaltenango,Santa Cruz Balanyá,639.4036458665408,122.5060484514632,2024,637.322895442669,55.55555555555556,-0.016984879115549814,FINAL historical CHIRPS,51-75
411,Chimaltenango,Acatenango,1690.587958278603,301.3902945300818,2024,1717.224369560891,55.55555555555556,0.08837846395756922,FINAL historical CHIRPS,51-75
412,Chimaltenango,Yepocapa,2115.314626365632,395.8743354680076,2024,2245.3250032690244,68.88888888888889,0.32841324949669265,FINAL historical CHIRPS,51-75
413,Chimaltenango,San Andrés Itzapa,850.4597466304372,156.30765321516728,2024,853.5211578363152,57.77777777777777,0.019585804936011624,FINAL historical CHIRPS,51-75
414,Chimaltenango,Parramos,798.4335508041568,147.67331471128813,2024,819.0490114568248,64.44444444444444,0.13960180072461126,FINAL historical CHIRPS,51-75
415,Chimaltenango,Zaragoza,721.3780456783431,141.0502285495799,2024,702.2301752158959,46.666666666666664,-0.13575214063348134,FINAL historical CHIRPS,26-50
416,Chimaltenango,El Tejar,768.1955765744727,164.3513856963441,2024,738.4771872865766,51.11111111111111,-0.1808222617776029,FINAL historical CHIRPS,51-75
501,Escuintla,Escuintla,1624.0461351283082,277.59480938491146,2024,1739.9431262668336,66.66666666666666,0.41750417234143344,FINAL historical CHIRPS,51-75
502,Escuintla,Santa Lucía Cotzumalguapa,1838.199956400591,347.2304426541072,2024,1990.4229245923902,66.66666666666666,0.43839176953570236,FINAL historical CHIRPS,51-75
503,Escuintla,La Democracia,1310.040899393983,256.6638791278997,2024,1430.2801244523027,68.88888888888889,0.46846960104737867,FINAL historical CHIRPS,51-75
504,Escuintla,Siquinalá,2273.242644334534,415.076240489882,2024,2414.5835073063354,66.66666666666666,0.34051783548243547,FINAL historical CHIRPS,51-75
505,Escuintla,Masagua,1213.328421226009,241.55757094219356,2024,1384.9366683754795,80.0,0.7104237986833277,FINAL historical CHIRPS,76-100
506,Escuintla,Tiquisate,1099.3330593701887,216.54027105385555,2024,1256.338864129757,86.66666666666667,0.725065152987268,FINAL historical CHIRPS,76-100
507,Escuintla,La Gomera,1192.8089121952646,235.2033963522672,2024,1292.1142712361434,68.88888888888889,0.422210565752834,FINAL historical CHIRPS,51-75
508,Escuintla,Guanagazapa,1434.777751302957,270.2549364334725,2024,1678.4871377086986,91.11111111111111,0.9017758921333686,FINAL historical CHIRPS,76-100
509,Escuintla,San José,1039.3040527679698,228.0841406046076,2024,1190.1559209264192,71.11111111111111,0.661386923959596,FINAL historical CHIRPS,51-75
510,Escuintla,Iztapa,1171.443438924166,254.28708795826137,2024,1413.4541897749477,91.11111111111111,0.9517225306009456,FINAL historical CHIRPS,76-100
511,Escuintla,Palín,1229.6740875837374,204.72369759478815,2024,1315.4750878647683,71.11111111111111,0.41910634327667184,FINAL historical CHIRPS,51-75
512,Escuintla,San Vicente Pacaya,1232.4522222820158,199.66916006312087,2024,1367.8374341136303,77.77777777777779,0.6780476854253081,FINAL historical CHIRPS,76-100
513,Escuintla,Nueva Concepción,1106.7321636729432,217.2521432221644,2024,1258.5744535227386,84.44444444444444,0.6989219420243871,FINAL historical CHIRPS,76-100
514,Escuintla,Sipacate,962.9158757294643,200.26173540828188,2024,1085.6764560903307,77.77777777777779,0.6130006818855798,FINAL historical CHIRPS,76-100
601,Santa Rosa,Cuilapa,1113.9389927404193,201.6435181509653,2024,1417.1078708049783,95.55555555555556,1.5034893303021244,FINAL historical CHIRPS,76-100
602,Santa Rosa,Barberena,1073.9200180336643,187.26832031187345,2024,1292.6501897772173,93.33333333333333,1.1680041310739773,FINAL historical CHIRPS,76-100
603,Santa Rosa,Santa Rosa De Lima,1098.9141519919351,194.4955596021213,2024,1173.4130876862403,66.66666666666666,0.3830366916689887,FINAL historical CHIRPS,51-75
604,Santa Rosa,Casillas,879.8319224739535,162.46157554480118,2024,1036.943827298835,88.88888888888889,0.9670711631228495,FINAL historical CHIRPS,76-100
605,Santa Rosa,San Rafael Las Flores,874.5888859801289,169.53719373055472,2024,1012.1783269623675,84.44444444444444,0.8115590328863724,FINAL historical CHIRPS,76-100
606,Santa Rosa,Oratorio,1097.179722228,206.10588344535773,2024,1430.7182768266885,97.77777777777777,1.6182874017136701,FINAL historical CHIRPS,76-100
607,Santa Rosa,San Juan Tecuaco,1321.7291983875978,262.39251357275003,2024,1754.4665820806808,97.77777777777777,1.6491986672977383,FINAL historical CHIRPS,76-100
608,Santa Rosa,Chiquimulilla,1136.347722109886,236.27206974165836,2024,1491.1378495742604,97.77777777777777,1.5016168769008733,FINAL historical CHIRPS,76-100
609,Santa Rosa,Taxisco,1218.8835967082114,249.6019689567457,2024,1513.5638677510951,93.33333333333333,1.1806007471597701,FINAL historical CHIRPS,76-100
610,Santa Rosa,Santa María Ixhuatán,1257.5784654709946,239.9426739466533,2024,1650.1765867454278,97.77777777777777,1.6362163295792893,FINAL historical CHIRPS,76-100
611,Santa Rosa,Guazacapán,1183.321136964315,245.8841681088363,2024,1514.7351331793718,97.77777777777777,1.3478460153171077,FINAL historical CHIRPS,76-100
612,Santa Rosa,Santa Cruz Naranjo,977.6221615972704,174.95455960334098,2024,1121.9883596407747,86.66666666666667,0.8251639646935351,FINAL historical CHIRPS,76-100
613,Santa Rosa,Pueblo Nuevo Viñas,1220.0645940798386,219.6366533207205,2024,1468.046758843906,91.11111111111111,1.129056380229742,FINAL historical CHIRPS,76-100
614,Santa Rosa,Nueva Santa Rosa,977.5418471262176,176.83722384095813,2024,1124.8074946982254,88.88888888888889,0.8327751610964775,FINAL historical CHIRPS,76-100
701,Sololá,Sololá,796.1153602579475,172.49984365865305,2024,809.5010241291782,53.333333333333336,0.07759812175666995,FINAL historical CHIRPS,51-75
702,Sololá,San José Chacayá,876.8463517075679,190.8287806304109,2024,898.9656221768187,60.0,0.1159116061852872,FINAL historical CHIRPS,51-75
703,Sololá,Santa María Visitación,1620.236644944432,313.89632724194166,2024,1647.2707049942692,57.77777777777777,0.08612416808878447,FINAL historical CHIRPS,51-75
704,Sololá,Santa Lucía Utatlán,947.1030120330583,198.13819272096447,2024,954.3026248161642,57.77777777777777,0.03633632004126023,FINAL historical CHIRPS,51-75
705,Sololá,Nahualá,1268.7054003297897,237.9665454153107,2024,1303.536259319761,57.77777777777777,0.14636872140654428,FINAL historical CHIRPS,51-75
706,Sololá,Santa Catarina Ixtahuacán,1543.316357577862,292.45920878019774,2024,1583.3537850368355,57.77777777777777,0.13689918544867663,FINAL historical CHIRPS,51-75
707,Sololá,Santa Clara La Laguna,1465.2036463075349,287.3942095803723,2024,1481.8768957784193,57.77777777777777,0.05801525888510164,FINAL historical CHIRPS,51-75
708,Sololá,Concepción,788.8802352552333,169.24181993202586,2024,826.9374831950294,66.66666666666666,0.22486905396716575,FINAL historical CHIRPS,51-75
709,Sololá,San Andrés Semetabaj,747.6849343704423,150.72352112651757,2024,773.5858228552022,64.44444444444444,0.17184370621900905,FINAL historical CHIRPS,51-75
710,Sololá,Panajachel,801.8707087544167,165.17576083893948,2024,836.5274446741832,64.44444444444444,0.20981732273393217,FINAL historical CHIRPS,51-75
711,Sololá,Santa Catarina Palopó,755.7059488544892,152.48686043079613,2024,784.2972704937894,62.22222222222222,0.1875002315512682,FINAL historical CHIRPS,51-75
712,Sololá,San Antonio Palopó,747.2474848891236,151.7801546256108,2024,775.3312382336892,55.55555555555556,0.1850291522883114,FINAL historical CHIRPS,51-75
713,Sololá,San Lucas Tolimán,998.124988336358,195.54731318396853,2024,1028.086164708925,57.77777777777777,0.15321701886223266,FINAL historical CHIRPS,51-75
714,Sololá,Santa Cruz La Laguna,882.1788192461042,183.01869125632157,2024,901.8077257542833,57.77777777777777,0.10725082981108391,FINAL historical CHIRPS,51-75
715,Sololá,San Pablo La Laguna,1315.3595202734073,265.1779670282575,2024,1342.4214870929718,57.77777777777777,0.10205209400628971,FINAL historical CHIRPS,51-75
716,Sololá,San Marcos La Laguna,1244.0411190560706,251.48669019868396,2024,1269.4465795953517,57.77777777777777,0.10102109387661798,FINAL historical CHIRPS,51-75
717,Sololá,San Juan La Laguna,1721.7704541836902,334.7343296776085,2024,1793.8925929364786,57.77777777777777,0.21546083672460853,FINAL historical CHIRPS,51-75
718,Sololá,San Pedro La Laguna,1464.0635446251774,288.5893155384523,2024,1548.1575589142515,62.22222222222222,0.2913968389029606,FINAL historical CHIRPS,51-75
719,Sololá,Santiago Atitlán,1207.08484214742,236.3577700964272,2024,1280.9254453123538,57.77777777777777,0.3124103055076587,FINAL historical CHIRPS,51-75
801,Totonicapán,Totonicapán,721.9187731075076,154.79012670116526,2024,694.9582894616332,51.11111111111111,-0.17417444006570137,FINAL historical CHIRPS,51-75
802,Totonicapán,San Cristóbal Totonicapán,554.1177187684923,115.37663651756306,2024,534.0980331796219,48.888888888888886,-0.17351594042891805,FINAL historical CHIRPS,26-50
803,Totonicapán,San Francisco El Alto,559.1981274305095,115.82724135237407,2024,535.0055568536462,48.888888888888886,-0.2088677093091059,FINAL historical CHIRPS,26-50
804,Totonicapán,San Andrés Xecul,549.2034851718106,110.96966396468513,2024,532.4654698792563,48.888888888888886,-0.15083415317794444,FINAL historical CHIRPS,26-50
805,Totonicapán,Momostenango,558.6655103630383,119.92458481448308,2024,544.2186537897337,51.11111111111111,-0.1204661796048998,FINAL historical CHIRPS,51-75
806,Totonicapán,Santa María Chiquimula,640.7468482743094,140.72309445307488,2024,616.2908561903575,51.11111111111111,-0.1737880493532416,FINAL historical CHIRPS,51-75
807,Totonicapán,Santa Lucía La Reforma,587.8163376011979,136.76948524516544,2024,574.2064779855504,51.11111111111111,-0.0995094745823696,FINAL historical CHIRPS,51-75
808,Totonicapán,San Bartolo Aguas Calientes,512.8707543919937,111.10992944588682,2024,492.6000505949514,46.666666666666664,-0.18243827440206067,FINAL historical CHIRPS,26-50
901,Quetzaltenango,Quetzaltenango,1145.3146144931693,188.44248271678435,2024,1168.8367595999457,57.77777777777777,0.12482400341821286,FINAL historical CHIRPS,51-75
902,Quetzaltenango,Salcajá,530.2520694853453,110.998076888416,2024,520.7422054781216,48.888888888888886,-0.08567593487933776,FINAL historical CHIRPS,26-50
903,Quetzaltenango,Olintepeque,736.2352090254996,133.1539170239603,2024,729.6954009459037,51.11111111111111,-0.04911465036675638,FINAL historical CHIRPS,51-75
904,Quetzaltenango,San Carlos Sija,545.3221676103338,108.79745441103373,2024,540.9551995091405,53.333333333333336,-0.04013851357859069,FINAL historical CHIRPS,51-75
905,Quetzaltenango,Sibilia,643.9782227050529,118.29922017181416,2024,663.1492078620425,55.55555555555556,0.16205504253659764,FINAL historical CHIRPS,51-75
906,Quetzaltenango,Cabricán,544.6003700254953,109.12562566683222,2024,536.4859113809711,53.333333333333336,-0.07435887395778343,FINAL historical CHIRPS,51-75
907,Quetzaltenango,Cajolá,708.648964604125,122.25432925685584,2024,732.3342395953447,57.77777777777777,0.1937377198434994,FINAL historical CHIRPS,51-75
908,Quetzaltenango,San Miguel Sigüilá,986.492573424658,161.14704633742463,2024,1033.864663175591,64.44444444444444,0.29396809204768753,FINAL historical CHIRPS,51-75
909,Quetzaltenango,San Juan Ostuncalco,1458.561688766761,211.6562400828516,2024,1589.990266445021,75.55555555555556,0.6209530020320353,FINAL historical CHIRPS,76-100
910,Quetzaltenango,San Mateo,1504.6769481178603,240.70331787142277,2024,1584.7843861932338,66.66666666666666,0.332805707805676,FINAL historical CHIRPS,51-75
911,Quetzaltenango,Concepción Chiquirichapa,1525.6055127944646,237.32764234552107,2024,1653.7666474875543,71.11111111111111,0.5400177300312208,FINAL historical CHIRPS,51-75
912,Quetzaltenango,San Martín Sacatepéquez,1762.2051743455766,261.3859745369572,2024,1941.4765554875366,77.77777777777779,0.6858492750406279,FINAL historical CHIRPS,76-100
913,Quetzaltenango,Almolonga,776.4790522113119,150.50365733191862,2024,767.9351376213642,53.333333333333336,-0.05676881706007358,FINAL historical CHIRPS,51-75
914,Quetzaltenango,Cantel,776.9591226558856,156.33656089803773,2024,791.3800371628852,60.0,0.09224275130629774,FINAL historical CHIRPS,51-75
915,Quetzaltenango,Huitán,557.6377836239028,111.25669226851754,2024,568.1628387493278,55.55555555555556,0.09460154630539241,FINAL historical CHIRPS,51-75
916,Quetzaltenango,Zunil,1488.092460957035,260.0360140540043,2024,1577.0927856712747,62.22222222222222,0.34226153264968945,FINAL historical CHIRPS,51-75
917,Quetzaltenango,Colomba,1963.914559392073,316.5981828058234,2024,2318.239315105593,93.33333333333333,1.1191623166417073,FINAL historical CHIRPS,76-100
918,Quetzaltenango,San Francisco La Unión,618.0943281105618,117.30717318727554,2024,600.1747751467616,51.11111111111111,-0.15275752093345984,FINAL historical CHIRPS,51-75
919,Quetzaltenango,El Palmar,2052.436727488432,329.6186510198038,2024,2257.0413525185254,75.55555555555556,0.6207313342162804,FINAL historical CHIRPS,76-100
920,Quetzaltenango,Coatepeque,1470.066877821681,288.8060767489688,2024,1908.726915193898,95.55555555555556,1.518873987383243,FINAL historical CHIRPS,76-100
921,Quetzaltenango,Génova,1611.7093857309733,310.6797081318067,2024,2058.476014079034,93.33333333333333,1.4380296384162907,FINAL historical CHIRPS,76-100
922,Quetzaltenango,Flores Costa Cuca,1731.2845424469606,332.9876726916117,2024,2226.1132099235333,93.33333333333333,1.486026985554045,FINAL historical CHIRPS,76-100
923,Quetzaltenango,La Esperanza,1437.055826931695,235.60654688793105,2024,1515.8574953079224,64.44444444444444,0.3344629825321036,FINAL historical CHIRPS,51-75
924,Quetzaltenango,Palestina De los Altos,856.8915330168301,134.98177777276476,2024,895.1791029971066,64.44444444444444,0.28364991639635834,FINAL historical CHIRPS,51-75
1001,Suchitepéquez,Mazatenango,1751.147077615376,331.47145972061446,2024,1904.8203219609502,77.77777777777779,0.46360927868450547,FINAL historical CHIRPS,76-100
1002,Suchitepéquez,Cuyotenango,1738.263770336757,328.7747823727994,2024,1935.6243280985204,80.0,0.6002910452480363,FINAL historical CHIRPS,76-100
1003,Suchitepéquez,San Francisco Zapotitlán,1861.2299438138969,325.16874872535385,2024,1955.7534524499106,55.55555555555556,0.29069063065421086,FINAL historical CHIRPS,51-75
1004,Suchitepéquez,San Bernardino,1723.8960394736398,319.5531279483426,2024,1845.209928049293,66.66666666666666,0.37963605411887635,FINAL historical CHIRPS,51-75
1005,Suchitepéquez,San José El Ídolo,1619.3346127686227,327.15710558669144,2024,1859.626019286492,84.44444444444444,0.7344832266043994,FINAL historical CHIRPS,76-100
1006,Suchitepéquez,Santo Domingo Suchitepéquez,1352.597906341348,273.22131149226936,2024,1549.0923728058538,86.66666666666667,0.719176938985103,FINAL historical CHIRPS,76-100
1007,Suchitepéquez,San Lorenzo,1104.0018040192017,232.6083146418275,2024,1275.6068171271245,86.66666666666667,0.7377423862606194,FINAL historical CHIRPS,76-100
1008,Suchitepéquez,Samayac,1746.6888791660697,313.8681426147742,2024,1794.198214902042,55.55555555555556,0.1513671803075693,FINAL historical CHIRPS,51-75
1009,Suchitepéquez,San Pablo Jocopilas,1812.852720916473,337.1960968303216,2024,1884.0959383906008,57.77777777777777,0.21128126376260464,FINAL historical CHIRPS,51-75
1010,Suchitepéquez,San Antonio Suchitepéquez,1711.2380979792338,332.41965185148695,2024,1868.1956869748417,71.11111111111111,0.47216699771327264,FINAL historical CHIRPS,51-75
1011,Suchitepéquez,San Miguel Panán,1745.6555993277143,340.7127948350453,2024,1898.8976775755593,66.66666666666666,0.44976907404383376,FINAL historical CHIRPS,51-75
1012,Suchitepéquez,San Gabriel,1767.1736324052554,331.2003191366025,2024,1935.7830009409236,77.77777777777779,0.5090857671128203,FINAL historical CHIRPS,76-100
1013,Suchitepéquez,Chicacao,2060.3438909403435,398.84357474031793,2024,2233.2606442068636,64.44444444444444,0.43354528997766617,FINAL historical CHIRPS,51-75
1014,Suchitepéquez,Patulul,1608.9321072333648,305.24718117958776,2024,1781.033018281671,71.11111111111111,0.5638083548658657,FINAL historical CHIRPS,51-75
1015,Suchitepéquez,Santa Bárbara,1633.9436003797866,328.517677969249,2024,1776.051087702886,66.66666666666666,0.4325718122736803,FINAL historical CHIRPS,51-75
1016,Suchitepéquez,San Juan Bautista,1564.6664893757536,313.9148725966849,2024,1733.6369452836034,71.11111111111111,0.5382683990412316,FINAL historical CHIRPS,51-75
1017,Suchitepéquez,Santo Tomás La Unión,2121.958095368401,396.6460686889938,2024,2221.9770571153467,60.0,0.25216173723221696,FINAL historical CHIRPS,51-75
1018,Suchitepéquez,Zunilito,1993.384852056032,349.9310223871798,2024,2095.7835809779767,57.77777777777777,0.2926254672232118,FINAL historical CHIRPS,51-75
1019,Suchitepéquez,Pueblo Nuevo,1985.7581929688863,347.40839170400017,2024,2101.698181040735,60.0,0.33372823121276907,FINAL historical CHIRPS,51-75
1020,Suchitepéquez,Río Bravo,1769.7559169716574,356.22842430425106,2024,1979.1507827574437,71.11111111111111,0.5878106616414874,FINAL historical CHIRPS,51-75
1021,Suchitepéquez,San José La Máquina,1244.585003925121,256.5799450245832,2024,1427.580636699857,86.66666666666667,0.7132109750713482,FINAL historical CHIRPS,76-100
1101,Retalhuleu,Retalhuleu,1147.3564532371104,231.7696433934576,2024,1442.3622979211134,93.33333333333333,1.272840741197475,FINAL historical CHIRPS,76-100
1102,Retalhuleu,San Sebastián,1771.16158802208,291.58789772176715,2024,1981.642122110489,88.88888888888889,0.7218424898047359,FINAL historical CHIRPS,76-100
1103,Retalhuleu,Santa Cruz Muluá,1554.0333846647304,285.80517530420144,2024,1779.1506364089187,88.88888888888889,0.7876598158328694,FINAL historical CHIRPS,76-100
1104,Retalhuleu,San Martín Zapotitlán,2174.83527236958,364.0777721460596,2024,2371.926420702402,73.33333333333333,0.5413435353964808,FINAL historical CHIRPS,51-75
1105,Retalhuleu,San Felipe,2119.9933910459954,350.6397481871449,2024,2328.8589541960732,75.55555555555556,0.5956699553599988,FINAL historical CHIRPS,76-100
1106,Retalhuleu,San Andrés Villa Seca,1224.0561879484032,247.24728014941272,2024,1424.216215616413,88.88888888888889,0.8095540122708408,FINAL historical CHIRPS,76-100
1107,Retalhuleu,Champerico,801.5435589001503,174.86334297399617,2024,1040.603186963848,97.77777777777777,1.3671225998421415,FINAL historical CHIRPS,76-100
1108,Retalhuleu,Nuevo San Carlos,1985.6321424329813,314.50555570929794,2024,2300.7518613219213,91.11111111111111,1.0019527896041678,FINAL historical CHIRPS,76-100
1109,Retalhuleu,El Asintal,1807.4721276052312,311.74488134747486,2024,2172.580301428658,93.33333333333333,1.1711761625252557,FINAL historical CHIRPS,76-100
1201,San Marcos,San Marcos,979.7020398915536,169.1414295732993,2024,990.1508866752248,57.77777777777777,0.061775797981789594,FINAL historical CHIRPS,51-75
1202,San Marcos,San Pedro Sacatepéquez,955.4579343304346,156.03531522301358,2024,987.5139177033055,60.0,0.20544056534288366,FINAL historical CHIRPS,51-75
1203,San Marcos,San Antonio Sacatepéquez,903.2722328967008,144.46166888061038,2024,946.8713821526576,64.44444444444444,0.30180427509797864,FINAL historical CHIRPS,51-75
1204,San Marcos,Comitancillo,647.69303218483,118.35530710005204,2024,636.5103845057407,48.888888888888886,-0.09448370295415673,FINAL historical CHIRPS,26-50
1205,San Marcos,San Miguel Ixtahuacán,627.0080649971014,121.86376622002628,2024,633.1486337878973,57.77777777777777,0.05038879874850607,FINAL historical CHIRPS,51-75
1206,San Marcos,Concepción Tutuapa,650.6753892134221,122.19846927649952,2024,688.4932606636113,62.22222222222222,0.30947909310237215,FINAL historical CHIRPS,51-75
1207,San Marcos,Tacaná,985.93943125203,161.68547798418888,2024,973.0130506646726,55.55555555555556,-0.07994769071729138,FINAL historical CHIRPS,51-75
1208,San Marcos,Sibinal,1906.618333400135,331.083281643202,2024,1826.9634134318383,44.44444444444444,-0.2405887714201721,FINAL historical CHIRPS,26-50
1209,San Marcos,Tajumulco,1798.5691032325765,297.0494111595041,2024,1758.795428133515,51.11111111111111,-0.13389582205804967,FINAL historical CHIRPS,51-75
1210,San Marcos,Tejutla,702.2801155049535,127.39895539367237,2024,707.4240946180687,55.55555555555556,0.040376933211264426,FINAL historical CHIRPS,51-75
1211,San Marcos,San Rafael Pie De La Cuesta,1979.0455401370632,362.165139907718,2024,2006.512151200207,57.77777777777777,0.0758400189210437,FINAL historical CHIRPS,51-75
1212,San Marcos,Nuevo Progreso,2225.2021584556437,337.1848153526557,2024,2588.914132039708,91.11111111111111,1.0786724580217655,FINAL historical CHIRPS,76-100
1213,San Marcos,El Tumbador,2352.4240542313696,371.64538335788393,2024,2610.2556351680673,82.22222222222221,0.6937569857780616,FINAL historical CHIRPS,76-100
1214,San Marcos,El Rodeo,2244.519080312404,310.6689740567264,2024,2434.4961432073105,75.55555555555556,0.6115096091321227,FINAL historical CHIRPS,76-100
1215,San Marcos,Malacatán,2082.884575975125,330.54856958908454,2024,2307.4671805160137,77.77777777777779,0.6794239189117495,FINAL historical CHIRPS,76-100
1216,San Marcos,Catarina,1884.003814918656,334.6401908015692,2024,2227.2593379834184,91.11111111111111,1.0257450614122494,FINAL historical CHIRPS,76-100
1217,San Marcos,Ayutla,1242.697315943184,242.777266090156,2024,1543.5076948272858,95.55555555555556,1.2390384970081796,FINAL historical CHIRPS,76-100
1218,San Marcos,Ocós,723.1510412383967,173.500497010978,2024,933.6071056970142,95.55555555555556,1.2129997785845026,FINAL historical CHIRPS,76-100
1219,San Marcos,San Pablo,2073.318760119843,313.2209882862844,2024,2096.082487509777,60.0,0.07267625172399995,FINAL historical CHIRPS,51-75
1220,San Marcos,El Quetzal,1987.5068616203944,285.08255908545624,2024,2337.883598899271,93.33333333333333,1.2290360322388147,FINAL historical CHIRPS,76-100
1221,San Marcos,La Reforma,2058.6994939099272,304.7642938629192,2024,2341.3522326769603,86.66666666666667,0.9274470286016124,FINAL historical CHIRPS,76-100
1222,San Marcos,Pajapita,1593.8752375600538,291.2402869811861,2024,1952.2224261803433,95.55555555555556,1.2304176470044421,FINAL historical CHIRPS,76-100
1223,San Marcos,Ixchiguán,1069.425492239335,179.00384059355378,2024,1078.5491043061786,57.77777777777777,0.050968806236731605,FINAL historical CHIRPS,51-75
1224,San Marcos,San José Ojetenam,832.8239734117802,142.06001112946743,2024,857.3427792025542,60.0,0.17259470554615525,FINAL historical CHIRPS,51-75
1225,San Marcos,San Cristóbal Cucho,1513.1297375524675,229.6468442801039,2024,1626.0721494610932,68.88888888888889,0.4918091178769608,FINAL historical CHIRPS,51-75
1226,San Marcos,Sipacapa,570.1043087384637,115.92610126788148,2024,558.8934622802726,51.11111111111111,-0.09670683595478752,FINAL historical CHIRPS,51-75
1227,San Marcos,Esquipulas Palo Gordo,1310.3300155819998,231.357394783401,2024,1348.4250001704872,60.0,0.16465859941132363,FINAL historical CHIRPS,51-75
1228,San Marcos,Río Blanco,645.5579737647502,121.98273394033974,2024,657.6882300166878,55.55555555555556,0.0994424035279488,FINAL historical CHIRPS,51-75
1229,San Marcos,San Lorenzo,764.0278615971891,130.31942346786462,2024,796.6760149592211,60.0,0.25052407763362033,FINAL historical CHIRPS,51-75
1230,San Marcos,La Blanca,864.4343147098331,201.31357652603225,2024,1138.6057058344286,95.55555555555556,1.3619120769489776,FINAL historical CHIRPS,76-100
1301,Huehuetenango,Huehuetenango,621.5438183170438,128.27658938570903,2024,647.3466558799674,64.44444444444444,0.20115001253532125,FINAL historical CHIRPS,51-75
1302,Huehuetenango,Chiantla,891.2763632962749,188.9937336714716,2024,984.0924463550148,73.33333333333333,0.4911066692829211,FINAL historical CHIRPS,51-75
1303,Huehuetenango,Malacatancito,564.4264865242717,115.63487380786717,2024,573.1112710813522,57.77777777777777,0.07510523660457942,FINAL historical CHIRPS,51-75
1304,Huehuetenango,Cuilco,579.058996104493,110.30683348187851,2024,602.6945139034522,57.77777777777777,0.21427065806255877,FINAL historical CHIRPS,51-75
1305,Huehuetenango,Nentón,1094.3303065320538,271.0000385792641,2024,1212.9440132362836,73.33333333333333,0.4376888923192414,FINAL historical CHIRPS,51-75
1306,Huehuetenango,San Pedro Necta,995.255704751958,191.9020084750377,2024,1008.3992318188842,57.77777777777777,0.06849082597609156,FINAL historical CHIRPS,51-75
1307,Huehuetenango,Jacaltenango,1277.01494550119,306.47732505888433,2024,1394.7077905865417,71.11111111111111,0.38401811638997807,FINAL historical CHIRPS,51-75
1308,Huehuetenango,Soloma,1285.0854996900546,287.392388764776,2024,1485.9972346012023,75.55555555555556,0.6990850932923952,FINAL historical CHIRPS,76-100
1309,Huehuetenango,San Ildefonso Ixtahuacán,789.976350091515,149.32956611397412,2024,821.5506438979863,62.22222222222222,0.2114403371558224,FINAL historical CHIRPS,51-75
1310,Huehuetenango,Santa Bárbara,660.6991966077069,128.45057001235688,2024,667.5556455495649,60.0,0.053378112227905734,FINAL historical CHIRPS,51-75
1311,Huehuetenango,La Libertad,707.4762505890111,144.48751157881995,2024,730.5450344206482,64.44444444444444,0.15965936141860107,FINAL historical CHIRPS,51-75
1312,Huehuetenango,La Democracia,889.440295397167,189.6253889318366,2024,919.5049540099706,64.44444444444444,0.15854764376309705,FINAL historical CHIRPS,51-75
1313,Huehuetenango,San Miguel Acatán,1458.028281529772,336.31842243189243,2024,1636.3107340754143,71.11111111111111,0.5301001689306694,FINAL historical CHIRPS,51-75
1314,Huehuetenango,San Rafael La Independencia,1364.76101435838,306.50863227097386,2024,1553.9904738602881,73.33333333333333,0.6173707347159373,FINAL historical CHIRPS,51-75
1315,Huehuetenango,Todos Santos Cuchumatán,1035.866215851633,217.5794004557392,2024,1100.7330603809949,66.66666666666666,0.2981295306149969,FINAL historical CHIRPS,51-75
1316,Huehuetenango,San Juan Atitán,733.9792124248064,145.54776689645374,2024,729.2427698965183,53.333333333333336,-0.03254218617904115,FINAL historical CHIRPS,51-75
1317,Huehuetenango,Santa Eulalia,1958.2550092560657,411.3092192061813,2024,2291.215283494545,84.44444444444444,0.8095132778231572,FINAL historical CHIRPS,76-100
1318,Huehuetenango,San Mateo Ixtatán,1836.3222403111456,414.3271573552501,2024,2214.893265231435,84.44444444444444,0.9137007270698824,FINAL historical CHIRPS,76-100
1319,Huehuetenango,Colotenango,845.5555204647374,163.9158683527941,2024,854.7631890638991,57.77777777777777,0.0561731374252562,FINAL historical CHIRPS,51-75
1320,Huehuetenango,San Sebastián Huehuetenango,679.2960922901432,135.5268127430976,2024,695.9990609705228,60.0,0.12324475387790237,FINAL historical CHIRPS,51-75
1321,Huehuetenango,Tectitán,633.1913006595129,113.84028723366858,2024,638.5256307357424,55.55555555555556,0.046858016663997894,FINAL historical CHIRPS,51-75
1322,Huehuetenango,Concepción Huista,1650.886025728622,369.9124649364017,2024,1860.0039740902612,71.11111111111111,0.5653173877165575,FINAL historical CHIRPS,51-75
1323,Huehuetenango,San Juan Ixcoy,1306.834229676001,285.3972477363125,2024,1490.9323488576201,75.55555555555556,0.6450591960568347,FINAL historical CHIRPS,76-100
1324,Huehuetenango,San Antonio Huista,1379.480397281989,299.75077861767915,2024,1501.030097901461,71.11111111111111,0.40550253507265765,FINAL historical CHIRPS,51-75
1325,Huehuetenango,San Sebastián Coatán,1416.3117525852888,330.84732354899387,2024,1617.4910985072684,71.11111111111111,0.6080730645299832,FINAL historical CHIRPS,51-75
1326,Huehuetenango,Barillas,2359.364128113009,509.1835103606533,2024,2725.5821710827927,82.22222222222221,0.7192260462448842,FINAL historical CHIRPS,76-100
1327,Huehuetenango,Aguacatán,803.2914956243511,171.28723259384532,2024,832.2611636388717,60.0,0.16912917311947712,FINAL historical CHIRPS,51-75
1328,Huehuetenango,San Rafael Pétzal,798.0905810944137,152.62095756772143,2024,792.4063540114445,55.55555555555556,-0.037244079538991,FINAL historical CHIRPS,51-75
1329,Huehuetenango,San Gaspar Ixchil,791.4849631244277,153.85100321925404,2024,805.4856233659008,60.0,0.09100142312052793,FINAL historical CHIRPS,51-75
1330,Huehuetenango,Santiago Chimaltenango,910.1469603479449,179.10884249663167,2024,908.7817962734093,53.333333333333336,-0.007621980330542314,FINAL historical CHIRPS,51-75
1331,Huehuetenango,Santa Ana Huista,842.3288602462113,209.34050582685984,2024,858.4211949815417,62.22222222222222,0.07687157662951259,FINAL historical CHIRPS,51-75
1332,Huehuetenango,Unión Cantinil,1375.9756716281888,281.7679836932132,2024,1454.5623877876023,71.11111111111111,0.2789057689569804,FINAL historical CHIRPS,51-75
1333,Huehuetenango,Petatán,1663.5208422635565,358.28256173783313,2024,1845.9534285845943,73.33333333333333,0.5091863400667813,FINAL historical CHIRPS,51-75
1401,Quiché,Santa Cruz Del Quiché,820.171415553308,174.8936226672269,2024,792.0498327618272,48.888888888888886,-0.1607924998213807,FINAL historical CHIRPS,26-50
1402,Quiché,Chiché,867.3887500485131,175.3471138480973,2024,844.7304813578967,48.888888888888886,-0.12921951318939418,FINAL historical CHIRPS,26-50
1403,Quiché,Chinique,904.056358055046,187.3339124425657,2024,891.7133063153004,55.55555555555556,-0.0658879728651894,FINAL historical CHIRPS,51-75
1404,Quiché,Zacualpa,863.2094519486576,165.91413211915977,2024,867.3654591324489,60.0,0.025049145185573777,FINAL historical CHIRPS,51-75
1405,Quiché,Chajul,1946.8579672617143,379.6405405242444,2024,2141.991221212706,71.11111111111111,0.5139947743239772,FINAL historical CHIRPS,51-75
1406,Quiché,Chichicastenango,800.6836977957643,171.47348210335065,2024,783.1887006822291,48.888888888888886,-0.10202742079379126,FINAL historical CHIRPS,26-50
1407,Quiché,Patzité,786.4217378008573,174.33308098671867,2024,735.0401611557023,44.44444444444444,-0.2947322238231388,FINAL historical CHIRPS,26-50
1408,Quiché,San Antonio Ilotenango,679.9835129173761,146.6798644492502,2024,656.6180384103852,48.888888888888886,-0.1592957192503751,FINAL historical CHIRPS,26-50
1409,Quiché,San Pedro Jocopilas,680.594217481342,148.58928532011743,2024,669.0531616579872,53.333333333333336,-0.07767084819400666,FINAL historical CHIRPS,51-75
1410,Quiché,Cunén,1144.9588699796086,240.8065744162574,2024,1175.4284739109303,62.22222222222222,0.12653144543575467,FINAL historical CHIRPS,51-75
1411,Quiché,San Juan Cotzal,1317.6585990630545,273.4693459206109,2024,1364.0797233812848,62.22222222222222,0.16974891339999237,FINAL historical CHIRPS,51-75
1412,Quiché,Joyabaj,763.871436675013,147.26967914685483,2024,757.8282518680164,60.0,-0.041034820215574835,FINAL historical CHIRPS,51-75
1413,Quiché,Nebaj,1558.0613824661011,319.1160314421374,2024,1745.3543782043514,68.88888888888889,0.5869118981326092,FINAL historical CHIRPS,51-75
1414,Quiché,San Andrés Sajcabajá,1120.7685812384198,225.881473331266,2024,1133.8415573685177,60.0,0.05787538011550761,FINAL historical CHIRPS,51-75
1415,Quiché,Uspantán,1736.623192633712,319.36561943009195,2024,1809.804029437657,64.44444444444444,0.22914437983191838,FINAL historical CHIRPS,51-75
1416,Quiché,Sacapulas,689.3977154822514,149.54593899636225,2024,680.1243576626615,57.77777777777777,-0.06201009456910435,FINAL historical CHIRPS,51-75
1417,Quiché,San Bartolomé Jocotenango,751.3584663155121,155.93768250796947,2024,736.7242525893233,53.333333333333336,-0.0938465513327153,FINAL historical CHIRPS,51-75
1418,Quiché,Canillá,1047.9020069017663,205.75669744987584,2024,1053.1104547727357,60.0,0.025313624953754995,FINAL historical CHIRPS,51-75
1419,Quiché,Chicamán,1199.7535060507382,217.83134144973704,2024,1229.3128817097886,60.0,0.13569845120689844,FINAL historical CHIRPS,51-75
1420,Quiché,Ixcán,1982.9818046337205,404.4784901346387,2024,2008.046533138494,53.333333333333336,0.06196801342002189,FINAL historical CHIRPS,51-75
1421,Quiché,Pachalum,723.1904726663884,146.01164386019076,2024,729.0201439042513,60.0,0.039926070851205454,FINAL historical CHIRPS,51-75
1501,Baja Verapaz,Salamá,737.0828079383101,174.56128538592358,2024,739.8861026576798,60.0,0.016059086143712105,FINAL historical CHIRPS,51-75
1502,Baja Verapaz,San Miguel Chicaj,676.1855551676214,155.39242768672088,2024,758.3971379111738,66.66666666666666,0.5290578438564277,FINAL historical CHIRPS,51-75
1503,Baja Verapaz,Rabinal,610.5828072059969,129.6217888424621,2024,667.7716274178338,64.44444444444444,0.4411975850861169,FINAL historical CHIRPS,51-75
1504,Baja Verapaz,Cubulco,746.6781819037498,144.42014781052524,2024,770.0682869211593,62.22222222222222,0.16195873894338197,FINAL historical CHIRPS,51-75
1505,Baja Verapaz,Granados,671.5372184931995,142.413719090397,2024,680.658150097131,60.0,0.06404531573353602,FINAL historical CHIRPS,51-75
1506,Baja Verapaz,El Chol,573.2604236953914,124.70022709498384,2024,591.7701253970951,60.0,0.1484335845483654,FINAL historical CHIRPS,51-75
1507,Baja Verapaz,San Jerónimo,652.67686732031,163.3270425691117,2024,586.247878953494,40.0,-0.4067237569596385,FINAL historical CHIRPS,26-50
1508,Baja Verapaz,Purulhá,1363.498860191597,298.4793987224034,2024,1197.234376353606,31.11111111111111,-0.5570383904204492,FINAL historical CHIRPS,26-50
1601,Alta Verapaz,Cobán,1553.7122917285308,300.50123724106487,2024,1543.6440542294356,44.44444444444444,-0.03350481213166634,FINAL historical CHIRPS,26-50
1602,Alta Verapaz,Santa Cruz Verapaz,1017.5683610328468,211.22252708299484,2024,1142.4698309683356,73.33333333333333,0.5913264634241011,FINAL historical CHIRPS,51-75
1603,Alta Verapaz,San Cristóbal Verapaz,909.8980238578338,174.7231911713619,2024,923.711476034669,57.77777777777777,0.07905906528050698,FINAL historical CHIRPS,51-75
1604,Alta Verapaz,Tactic,1053.1189715268413,217.23433375520173,2024,1151.9003761264955,71.11111111111111,0.4547228004527572,FINAL historical CHIRPS,51-75
1605,Alta Verapaz,Tamahú,1231.3018015405569,250.7826709464337,2024,1267.9111071891546,55.55555555555556,0.14598020473439052,FINAL historical CHIRPS,51-75
1606,Alta Verapaz,Tucurú,1616.9184348434617,329.7523448253469,2024,1478.9244044951922,40.0,-0.4184777834448999,FINAL historical CHIRPS,26-50
1607,Alta Verapaz,Panzós,1532.8891794439207,279.67610295255383,2024,1212.1331618335023,13.333333333333334,-1.1468838925606515,FINAL historical CHIRPS,11-25
1608,Alta Verapaz,Senahú,1835.985203777119,348.0061913597451,2024,1524.0915043328234,20.0,-0.8962303177011042,FINAL historical CHIRPS,11-25
1609,Alta Verapaz,San Pedro Carchá,1588.7189294749076,296.76549226011576,2024,1529.3477038773306,48.888888888888886,-0.20006108239005752,FINAL historical CHIRPS,26-50
1610,Alta Verapaz,San Juan Chamelco,1162.6363032215245,229.56630688764037,2024,1162.8047094626172,53.333333333333336,0.0007335843111121297,FINAL historical CHIRPS,51-75
1611,Alta Verapaz,Lanquín,1693.8883275379517,319.5980298298211,2024,1557.7704868108,35.55555555555556,-0.42590325353266834,FINAL historical CHIRPS,26-50
1612,Alta Verapaz,Cahabón,1449.866450917251,262.495707447714,2024,1216.3963395654835,22.22222222222222,-0.8894244923920217,FINAL historical CHIRPS,11-25
1613,Alta Verapaz,Chisec,1950.6273463157247,389.20982122138855,2024,1930.678573177393,51.11111111111111,-0.05125454716360959,FINAL historical CHIRPS,51-75
1614,Alta Verapaz,Chahal,1581.8659460042195,272.9365136904132,2024,1402.6431483518277,33.33333333333333,-0.6566464678144196,FINAL historical CHIRPS,26-50
1615,Alta Verapaz,Fray Bartolomé De Las Casas,1306.8423101067767,243.0194306871018,2024,1153.6109593731467,35.55555555555556,-0.6305312719250098,FINAL historical CHIRPS,26-50
1616,Alta Verapaz,Santa Catalina La Tinta,1463.0759920961766,302.5543822008545,2024,1150.604586455523,11.11111111111111,-1.0327776559296884,FINAL historical CHIRPS,11-25
1617,Alta Verapaz,Raxruhá,1750.984072689626,349.33955656770536,2024,1709.6269224968862,48.888888888888886,-0.11838667970806878,FINAL historical CHIRPS,26-50
1701,Petén,Flores,665.0379308412522,150.85208944118935,2024,762.2328456325997,75.55555555555556,0.6443060560274146,FINAL historical CHIRPS,76-100
1702,Petén,San José,688.5870364206187,151.9613147461473,2024,787.4860201431502,73.33333333333333,0.650816846957024,FINAL historical CHIRPS,51-75
1703,Petén,San Benito,905.294886934832,183.27453263731115,2024,964.7011216602781,64.44444444444444,0.32413796871061906,FINAL historical CHIRPS,51-75
1704,Petén,San Andrés,789.4483967513903,173.46235633155368,2024,965.8037734520503,86.66666666666667,1.016678087570635,FINAL historical CHIRPS,76-100
1705,Petén,La Libertad,1030.7725615507966,218.0788875370228,2024,1169.6972426668392,80.0,0.6370386546128068,FINAL historical CHIRPS,76-100
1706,Petén,San Francisco,965.674005497682,185.89970271469133,2024,992.7029285717484,55.55555555555556,0.14539519256547168,FINAL historical CHIRPS,51-75
1707,Petén,Santa Ana,781.6277845590836,163.5678827914945,2024,840.1361665534645,68.88888888888889,0.3577009190059855,FINAL historical CHIRPS,51-75
1708,Petén,Dolores,896.7817009660795,174.08437496061973,2024,875.8101781553128,46.666666666666664,-0.12046757680297707,FINAL historical CHIRPS,26-50
1709,Petén,San Luis,1259.1143412479544,233.53651863093089,2024,1168.0841197357188,40.0,-0.3897900938400776,FINAL historical CHIRPS,26-50
1710,Petén,Sayaxché,1193.4223172269135,241.9844664272813,2024,1139.9914998228517,42.22222222222222,-0.22080267462175435,FINAL historical CHIRPS,26-50
1711,Petén,Melchor De Mencos,630.6097621075538,143.0652304309987,2024,705.2970663611688,68.88888888888889,0.5220507039244396,FINAL historical CHIRPS,51-75
1712,Petén,Poptún,983.202514507906,184.497946473166,2024,939.5375299639435,42.22222222222222,-0.2366692170761549,FINAL historical CHIRPS,26-50
1713,Petén,Las Cruces,1095.94075175201,234.39303694558225,2024,1145.977626514838,64.44444444444444,0.21347423718241545,FINAL historical CHIRPS,51-75
1714,Petén,El Chal,947.8876539753746,181.1037496662572,2024,978.2375493259949,62.22222222222222,0.1675829208757404,FINAL historical CHIRPS,51-75
1801,Izabal,Puerto Barrios,1145.199280220312,228.702909938302,2024,1080.3774718719346,37.77777777777778,-0.2834323724427666,FINAL historical CHIRPS,26-50
1802,Izabal,Livingston,1671.6612861785595,250.51176402965345,2024,1527.6362342588352,31.11111111111111,-0.5749233074047407,FINAL historical CHIRPS,26-50
1803,Izabal,El Estor,1464.6517962082726,233.09537852113172,2024,1225.9187483017552,20.0,-1.0241861053666261,FINAL historical CHIRPS,11-25
1804,Izabal,Morales,870.1686351759024,157.6859387489477,2024,800.3943454992335,31.11111111111111,-0.4424889766978955,FINAL historical CHIRPS,26-50
1805,Izabal,Los Amates,1031.3838760251824,195.18899505996208,2024,889.1415037428171,26.666666666666668,-0.7287417625090412,FINAL historical CHIRPS,26-50
1901,Zacapa,Zacapa,662.144907771426,155.59196709103114,2024,492.2405307330904,11.11111111111111,-1.0919868179244163,FINAL historical CHIRPS,11-25
1902,Zacapa,Estanzuela,526.3289604192655,130.8599930107165,2024,381.0180641006381,8.88888888888889,-1.1104302619573536,FINAL historical CHIRPS,1-10
1903,Zacapa,Río Hondo,733.0356745219029,159.04798778744575,2024,520.357498219924,6.666666666666667,-1.3371950142884264,FINAL historical CHIRPS,1-10
1904,Zacapa,Gualán,958.802550745991,198.06439072139463,2024,743.4216898130474,17.77777777777778,-1.0874284880208833,FINAL historical CHIRPS,11-25
1905,Zacapa,Teculután,969.1621383841864,221.40891730395057,2024,699.9110504019825,8.88888888888889,-1.216080595401564,FINAL historical CHIRPS,1-10
1906,Zacapa,Usumatlán,1005.4934446693854,239.9885826753192,2024,749.0681043155059,13.333333333333334,-1.0684897485344025,FINAL historical CHIRPS,11-25
1907,Zacapa,Cabañas,885.045191116118,214.3262086790548,2024,681.476882650202,20.0,-0.9498059510339756,FINAL historical CHIRPS,11-25
1908,Zacapa,San Diego,822.5685530813441,194.1117905611285,2024,661.2346988174262,22.22222222222222,-0.83113887001682,FINAL historical CHIRPS,11-25
1909,Zacapa,La Unión,892.0191140925615,199.82655088988824,2024,676.9856344165929,11.11111111111111,-1.076100641873461,FINAL historical CHIRPS,11-25
1910,Zacapa,Huité,639.1525254872814,159.9139864194263,2024,481.02909785324897,15.555555555555555,-0.9888029882470848,FINAL historical CHIRPS,11-25
1911,Zacapa,San Jorge,551.7870889948197,137.95445207811346,2024,420.781026987006,17.77777777777778,-0.9496327232239999,FINAL historical CHIRPS,11-25
2001,Chiquimula,Chiquimula,605.3332446218732,143.1549492925597,2024,492.1390375160637,24.444444444444443,-0.7907110977663739,FINAL historical CHIRPS,11-25
2002,Chiquimula,San José La Arada,618.226868876913,139.19787226693143,2024,533.7659635425135,26.666666666666668,-0.6067686521273392,FINAL historical CHIRPS,26-50
2003,Chiquimula,San Juan Ermita,797.6959741772505,185.25282409997573,2024,652.0455817279429,24.444444444444443,-0.7862249504531393,FINAL historical CHIRPS,11-25
2004,Chiquimula,Jocotán,764.8060180908973,170.4545949105898,2024,611.2950666204146,20.0,-0.9005973206589433,FINAL historical CHIRPS,11-25
2005,Chiquimula,Camotán,846.339488604652,188.23661778860887,2024,656.9671184790819,20.0,-1.006033641861525,FINAL historical CHIRPS,11-25
2006,Chiquimula,Olopa,914.3991210783402,194.42264519807955,2024,755.4244398527175,24.444444444444443,-0.8176757448375309,FINAL historical CHIRPS,11-25
2007,Chiquimula,Esquipulas,1004.3636911115124,194.21787378994628,2024,875.4508897027514,28.888888888888886,-0.6637535407692954,FINAL historical CHIRPS,26-50
2008,Chiquimula,Concepción Las Minas,988.4437197313028,172.86779170666156,2024,980.9783129356773,48.888888888888886,-0.04318564332847816,FINAL historical CHIRPS,26-50
2009,Chiquimula,Quezaltepeque,886.1384305243088,180.2694197080044,2024,778.5668716962649,28.888888888888886,-0.596726605112977,FINAL historical CHIRPS,26-50
2010,Chiquimula,San Jacinto,715.6017666246838,151.7217424488989,2024,622.481325784489,31.11111111111111,-0.6137580503437639,FINAL historical CHIRPS,26-50
2011,Chiquimula,Ipala,617.8121034388889,129.79034965885648,2024,593.6801036865154,46.666666666666664,-0.1859306166891649,FINAL historical CHIRPS,26-50
2101,Jalapa,Jalapa,793.4383897951086,167.26644580337955,2024,840.0279064091994,62.22222222222222,0.27853474371576264,FINAL historical CHIRPS,51-75
2102,Jalapa,San Pedro Pinula,760.9742585157265,177.17944437925806,2024,660.9050345355563,35.55555555555556,-0.5647902573052944,FINAL historical CHIRPS,26-50
2103,Jalapa,San Luis Jilotepeque,609.0976144365395,133.3674210549345,2024,534.8664234848043,33.33333333333333,-0.5565916350827474,FINAL historical CHIRPS,26-50
2104,Jalapa,San Manuel Chaparrón,686.0155401913403,141.22811189948516,2024,683.6494836204405,55.55555555555556,-0.016753439092804384,FINAL historical CHIRPS,51-75
2105,Jalapa,San Carlos Alzatate,991.6977951193584,190.00990963035903,2024,1188.9285764664792,86.66666666666667,1.0380026059209706,FINAL historical CHIRPS,76-100
2106,Jalapa,Monjas,717.8190514103777,144.22761123679678,2024,773.0526131321427,62.22222222222222,0.3829610796997882,FINAL historical CHIRPS,51-75
2107,Jalapa,Mataquescuintla,927.9820263941452,181.87031910664012,2024,988.0046336051174,64.44444444444444,0.33002970196460574,FINAL historical CHIRPS,51-75
2201,Jutiapa,Jutiapa,846.1911803521257,154.2340843592022,2024,1019.0145004457573,93.33333333333333,1.1205261198370149,FINAL historical CHIRPS,76-100
2202,Jutiapa,El Progreso,784.4818125784279,148.43674599349708,2024,925.3153962715738,86.66666666666667,0.9487784358956219,FINAL historical CHIRPS,76-100
2203,Jutiapa,Santa Catarina Mita,720.3914680775822,138.85851879017798,2024,806.7555873293454,66.66666666666666,0.6219576588042367,FINAL historical CHIRPS,51-75
2204,Jutiapa,Agua Blanca,646.1143884578172,124.23271475481177,2024,701.3388692910594,71.11111111111111,0.4445244631595981,FINAL historical CHIRPS,51-75
2205,Jutiapa,Asunción Mita,828.2578853843715,137.04358512582877,2024,951.3638651060415,84.44444444444444,0.8982980094153131,FINAL historical CHIRPS,76-100
2206,Jutiapa,Yupiltepeque,974.9132260102332,194.5655198343248,2024,1140.9371327525323,88.88888888888889,0.8533059037576173,FINAL historical CHIRPS,76-100
2207,Jutiapa,Atescatempa,987.20448875801,168.99465373614626,2024,1151.9459273353496,88.88888888888889,0.9748322502234459,FINAL historical CHIRPS,76-100
2208,Jutiapa,Jerez,1103.442492567377,181.97122414511912,2024,1397.422496803041,95.55555555555556,1.6155301785584497,FINAL historical CHIRPS,76-100
2209,Jutiapa,El Adelanto,929.3442217187096,187.01579972366176,2024,1120.951828242921,88.88888888888889,1.0245530420816562,FINAL historical CHIRPS,76-100
2210,Jutiapa,Zapotitlán,1013.6535803693208,182.0261909854062,2024,1276.4510261687954,93.33333333333333,1.4437342471257013,FINAL historical CHIRPS,76-100
2211,Jutiapa,Comapa,971.6863393752463,172.44817186352384,2024,1258.0518355792988,97.77777777777777,1.6605887618842559,FINAL historical CHIRPS,76-100
2212,Jutiapa,Jalpatagua,974.1767878167824,174.09709034417662,2024,1272.3591729198197,97.77777777777777,1.712736177919766,FINAL historical CHIRPS,76-100
2213,Jutiapa,Conguaco,1057.2860638812178,196.5643055042153,2024,1419.6485613111292,97.77777777777777,1.8434806690889287,FINAL historical CHIRPS,76-100
2214,Jutiapa,Moyuta,1047.356488048507,208.57601055190463,2024,1416.545123915069,97.77777777777777,1.7700436157047348,FINAL historical CHIRPS,76-100
2215,Jutiapa,Pasaco,1091.9948910997716,225.2805060991107,2024,1461.769459138324,97.77777777777777,1.6413962061851568,FINAL historical CHIRPS,76-100
2216,Jutiapa,San José Acatempa,914.6867338150578,166.73541926756351,2024,1134.60237655972,95.55555555555556,1.318949769105503,FINAL historical CHIRPS,76-100
2217,Jutiapa,Quesada,810.1318499611182,151.46639654813117,2024,987.1149221976375,91.11111111111111,1.1684642684443858,FINAL historical CHIRPS,76-100
101,Guatemala,Guatemala,805.9353880763103,168.58441163415105,2025,587.4325699411584,6.666666666666667,-1.2961033349235753,FINAL historical CHIRPS,1-10
102,Guatemala,Santa Catarina Pinula,979.7887848916724,188.28410955681804,2025,775.7659771398643,13.333333333333334,-1.0835901565566832,FINAL historical CHIRPS,11-25
103,Guatemala,San José Pinula,1157.1574856924851,214.54544181718063,2025,917.6777362253637,15.555555555555555,-1.116219237466662,FINAL historical CHIRPS,11-25
104,Guatemala,San José Del Golfo,564.2120971368274,127.61438389904863,2025,406.87716595774566,11.11111111111111,-1.2328933962768964,FINAL historical CHIRPS,11-25
105,Guatemala,Palencia,813.5525578322723,175.5907257759969,2025,590.6512718802151,11.11111111111111,-1.2694365546185793,FINAL historical CHIRPS,11-25
106,Guatemala,Chinautla,781.2513278676729,175.818569432629,2025,537.889008478687,6.666666666666667,-1.3841673275713842,FINAL historical CHIRPS,1-10
107,Guatemala,San Pedro Ayampuc,679.3514012654831,147.4031573174629,2025,482.3573395867047,8.88888888888889,-1.3364304080306184,FINAL historical CHIRPS,1-10
108,Guatemala,Mixco,782.2114395617658,168.7531626939166,2025,560.4117289976438,6.666666666666667,-1.3143440219038793,FINAL historical CHIRPS,1-10
109,Guatemala,San Pedro Sacatepéquez,794.3541452704935,178.34897148315923,2025,560.8319747910709,4.444444444444445,-1.309355296738973,FINAL historical CHIRPS,1-10
110,Guatemala,San Juan Sacatepéquez,783.2933334662749,168.60131643179946,2025,529.6655264791084,2.2222222222222223,-1.5043050217805443,FINAL historical CHIRPS,1-10
111,Guatemala,San Raymundo,755.7512996836648,166.0762972765092,2025,523.8224189010805,6.666666666666667,-1.3965200608755968,FINAL historical CHIRPS,1-10
112,Guatemala,Chuarrancho,632.3679121520246,139.41749551678137,2025,440.1915317486849,6.666666666666667,-1.3784237027856223,FINAL historical CHIRPS,1-10
113,Guatemala,Fraijanes,984.886868442841,175.93129984548875,2025,791.3898320361965,13.333333333333334,-1.0998442947706453,FINAL historical CHIRPS,11-25
114,Guatemala,Amatitlán,770.7506099946462,141.7059418775292,2025,596.6384001454311,8.88888888888889,-1.2286867264866943,FINAL historical CHIRPS,1-10
115,Guatemala,Villa Nueva,749.2480761473272,147.86884669335356,2025,562.8396779997653,6.666666666666667,-1.2606333403961054,FINAL historical CHIRPS,1-10
116,Guatemala,Villa Canales,958.5304515810556,165.2652985348972,2025,786.2202595408995,15.555555555555555,-1.0426277843425868,FINAL historical CHIRPS,11-25
117,Guatemala,Petapa,824.5842238321788,155.46342950729655,2025,643.5178178486171,13.333333333333334,-1.1646880977565435,FINAL historical CHIRPS,11-25
201,El Progreso,Guastatoya,499.9250215443532,128.82658094937884,2025,386.4969621855385,24.444444444444443,-0.8804709286151526,FINAL historical CHIRPS,11-25
202,El Progreso,Morazán,537.8735509995524,139.03309410033285,2025,387.99211221311043,11.11111111111111,-1.0780270679891544,FINAL historical CHIRPS,11-25
203,El Progreso,San Agustín Acasaguastlán,850.9877350833432,209.55483649472436,2025,661.3961690736368,20.0,-0.9047348616765496,FINAL historical CHIRPS,11-25
204,El Progreso,San Cristóbal Acasaguastlán,1206.029603749147,288.26095581054057,2025,1000.8695590051695,24.444444444444443,-0.7117163827029663,FINAL historical CHIRPS,11-25
205,El Progreso,El Jícaro,831.8877020564397,201.77447027937455,2025,695.3431185639258,31.11111111111111,-0.6767188302041178,FINAL historical CHIRPS,26-50
206,El Progreso,Sansare,505.998147835385,119.29226852926068,2025,349.30747117047974,8.88888888888889,-1.3135023635372587,FINAL historical CHIRPS,1-10
207,El Progreso,Sanarate,574.1882496351507,134.01539834303213,2025,418.0142629245203,13.333333333333334,-1.165343599627858,FINAL historical CHIRPS,11-25
208,El Progreso,San Antonio La Paz,585.7613569216905,134.50533234946002,2025,395.6027204373227,6.666666666666667,-1.4137628089741026,FINAL historical CHIRPS,1-10
301,Sacatepéquez,Antigua Guatemala,686.4445699312046,131.24946982128176,2025,489.28855104196333,2.2222222222222223,-1.502147164157709,FINAL historical CHIRPS,1-10
302,Sacatepéquez,Jocotenango,691.9122278494875,133.00926007348656,2025,488.4300879939808,2.2222222222222223,-1.5298343870425597,FINAL historical CHIRPS,1-10
303,Sacatepéquez,Pastores,723.5100863668026,142.33409664696933,2025,498.4557345611861,2.2222222222222223,-1.5811696361400875,FINAL historical CHIRPS,1-10
304,Sacatepéquez,Sumpango,791.7566790943899,163.07981547651625,2025,549.7594358629478,2.2222222222222223,-1.4839190400377298,FINAL historical CHIRPS,1-10
305,Sacatepéquez,Santo Domingo Xenacoj,832.2260841706184,180.5512098131162,2025,584.5061101429234,4.444444444444445,-1.3720205712501368,FINAL historical CHIRPS,1-10
306,Sacatepéquez,Santiago Sacatepéquez,775.5974746731882,162.81505442021967,2025,559.0551268945323,4.444444444444445,-1.3299897147088626,FINAL historical CHIRPS,1-10
307,Sacatepéquez,San Bartolomé Milpas Altas,719.6066482916153,146.39322856487334,2025,521.4503421831907,2.2222222222222223,-1.353589288596178,FINAL historical CHIRPS,1-10
308,Sacatepéquez,San Lucas Sacatepéquez,725.9762011225885,148.85370529187512,2025,529.2564131313727,4.444444444444445,-1.3215646033498725,FINAL historical CHIRPS,1-10
309,Sacatepéquez,Santa Lucía Milpas Altas,669.6792800983123,132.8006168235905,2025,482.88015178495044,2.2222222222222223,-1.4066134087426858,FINAL historical CHIRPS,1-10
310,Sacatepéquez,Magdalena Milpas Altas,630.1849154482805,123.36504196439412,2025,458.41519036636083,2.2222222222222223,-1.3923695266240517,FINAL historical CHIRPS,1-10
311,Sacatepéquez,Santa María De Jesús,726.5518227355706,135.44881171951408,2025,537.1997562973033,4.444444444444445,-1.3979603367091578,FINAL historical CHIRPS,1-10
312,Sacatepéquez,Ciudad Vieja,793.8592450768402,147.458611349329,2025,567.7905414715907,2.2222222222222223,-1.533099366232966,FINAL historical CHIRPS,1-10
313,Sacatepéquez,San Miguel Dueñas,995.3007053904802,178.0989055862011,2025,751.8098251668098,4.444444444444445,-1.3671666281285435,FINAL historical CHIRPS,1-10
314,Sacatepéquez,Alotenango,1292.4140039749363,225.18995712839185,2025,1007.7766656201384,2.2222222222222223,-1.2639877105732218,FINAL historical CHIRPS,1-10
315,Sacatepéquez,San Antonio Aguas Calientes,746.1007177910299,145.22642163423063,2025,510.6470652398459,2.2222222222222223,-1.6212866081917305,FINAL historical CHIRPS,1-10
316,Sacatepéquez,Santa Catarina Barahona,813.601703348977,150.8322437110738,2025,585.4619430638816,2.2222222222222223,-1.5125397240798713,FINAL historical CHIRPS,1-10
401,Chimaltenango,Chimaltenango,749.512736867835,154.63552760171504,2025,510.0538270405754,2.2222222222222223,-1.5485374773901812,FINAL historical CHIRPS,1-10
402,Chimaltenango,San José Poaquil,709.0320780503096,141.40927988794732,2025,517.7632526387029,8.88888888888889,-1.3525903361021856,FINAL historical CHIRPS,1-10
403,Chimaltenango,San Martín Jilotepeque,739.4113865795837,151.6626684184607,2025,513.9959777666918,2.2222222222222223,-1.4862946245343382,FINAL historical CHIRPS,1-10
404,Chimaltenango,Comalapa,648.3139105815285,127.81696212756934,2025,468.47712757929037,4.444444444444445,-1.4069868349926025,FINAL historical CHIRPS,1-10
405,Chimaltenango,Santa Apolonia,661.7249161806004,134.54131993168744,2025,489.56107530022194,8.88888888888889,-1.279635438152336,FINAL historical CHIRPS,1-10
406,Chimaltenango,Tecpán Guatemala,704.4997923126705,140.01891200488507,2025,521.1133066703421,8.88888888888889,-1.309726543482428,FINAL historical CHIRPS,1-10
407,Chimaltenango,Patzún,916.9119148679318,173.08210726476085,2025,728.3709906223733,13.333333333333334,-1.0893149339645527,FINAL historical CHIRPS,11-25
408,Chimaltenango,Pochuta,1769.1927153780148,328.2262983753185,2025,1552.4754124895815,26.666666666666668,-0.6602679430659836,FINAL historical CHIRPS,26-50
409,Chimaltenango,Patzicía,887.3120102312872,161.5301684122741,2025,699.3888399928187,8.88888888888889,-1.1633936377682184,FINAL historical CHIRPS,1-10
410,Chimaltenango,Santa Cruz Balanyá,639.4036458665408,122.5060484514632,2025,479.64204279895523,6.666666666666667,-1.3041119608954086,FINAL historical CHIRPS,1-10
411,Chimaltenango,Acatenango,1690.587958278603,301.3902945300818,2025,1419.3149821943448,17.77777777777778,-0.9000720361855663,FINAL historical CHIRPS,11-25
412,Chimaltenango,Yepocapa,2115.314626365632,395.8743354680076,2025,1913.0345375695401,35.55555555555556,-0.5109704536843845,FINAL historical CHIRPS,26-50
413,Chimaltenango,San Andrés Itzapa,850.4597466304372,156.30765321516728,2025,645.4937748103719,4.444444444444445,-1.3112983760169235,FINAL historical CHIRPS,1-10
414,Chimaltenango,Parramos,798.4335508041568,147.67331471128813,2025,584.0941456487594,4.444444444444445,-1.4514430421938194,FINAL historical CHIRPS,1-10
415,Chimaltenango,Zaragoza,721.3780456783431,141.0502285495799,2025,513.9359624638981,2.2222222222222223,-1.470696540853374,FINAL historical CHIRPS,1-10
416,Chimaltenango,El Tejar,768.1955765744727,164.3513856963441,2025,518.2551200642613,2.2222222222222223,-1.52076878117719,FINAL historical CHIRPS,1-10
501,Escuintla,Escuintla,1624.0461351283082,277.59480938491146,2025,1386.9501555652287,17.77777777777778,-0.8541081156684147,FINAL historical CHIRPS,11-25
502,Escuintla,Santa Lucía Cotzumalguapa,1838.199956400591,347.2304426541072,2025,1608.31387246986,26.666666666666668,-0.6620562476422366,FINAL historical CHIRPS,26-50
503,Escuintla,La Democracia,1310.040899393983,256.6638791278997,2025,1117.6852673600577,26.666666666666668,-0.7494456667900333,FINAL historical CHIRPS,26-50
504,Escuintla,Siquinalá,2273.242644334534,415.076240489882,2025,2033.8672917679694,31.11111111111111,-0.5767021313579609,FINAL historical CHIRPS,26-50
505,Escuintla,Masagua,1213.328421226009,241.55757094219356,2025,1025.2530768718345,26.666666666666668,-0.7785942854971917,FINAL historical CHIRPS,26-50
506,Escuintla,Tiquisate,1099.3330593701887,216.54027105385555,2025,899.2248901103876,20.0,-0.9241152617289944,FINAL historical CHIRPS,11-25
507,Escuintla,La Gomera,1192.8089121952646,235.2033963522672,2025,981.2593625458127,20.0,-0.8994323761065568,FINAL historical CHIRPS,11-25
508,Escuintla,Guanagazapa,1434.777751302957,270.2549364334725,2025,1240.5356532234773,24.444444444444443,-0.7187365405526849,FINAL historical CHIRPS,11-25
509,Escuintla,San José,1039.3040527679698,228.0841406046076,2025,854.1067524287386,24.444444444444443,-0.8119692138537492,FINAL historical CHIRPS,11-25
510,Escuintla,Iztapa,1171.443438924166,254.28708795826137,2025,984.5524553150094,26.666666666666668,-0.7349605719651516,FINAL historical CHIRPS,26-50
511,Escuintla,Palín,1229.6740875837374,204.72369759478815,2025,974.6686366004288,4.444444444444445,-1.245607880178306,FINAL historical CHIRPS,1-10
512,Escuintla,San Vicente Pacaya,1232.4522222820158,199.66916006312087,2025,1023.4666125150455,13.333333333333334,-1.0466594325378251,FINAL historical CHIRPS,11-25
513,Escuintla,Nueva Concepción,1106.7321636729432,217.2521432221644,2025,892.2240838689377,17.77777777777778,-0.9873692227958702,FINAL historical CHIRPS,11-25
514,Escuintla,Sipacate,962.9158757294643,200.26173540828188,2025,773.0419700126355,15.555555555555555,-0.948128734277295,FINAL historical CHIRPS,11-25
601,Santa Rosa,Cuilapa,1113.9389927404193,201.6435181509653,2025,979.3616037914938,26.666666666666668,-0.6674025040972099,FINAL historical CHIRPS,26-50
602,Santa Rosa,Barberena,1073.9200180336643,187.26832031187345,2025,907.5601101638177,17.77777777777778,-0.8883505100744943,FINAL historical CHIRPS,11-25
603,Santa Rosa,Santa Rosa De Lima,1098.9141519919351,194.4955596021213,2025,891.8422017429904,13.333333333333334,-1.0646615823649184,FINAL historical CHIRPS,11-25
604,Santa Rosa,Casillas,879.8319224739535,162.46157554480118,2025,720.9648243203312,15.555555555555555,-0.9778749074719658,FINAL historical CHIRPS,11-25
605,Santa Rosa,San Rafael Las Flores,874.5888859801289,169.53719373055472,2025,698.4713608080125,17.77777777777778,-1.038813497479614,FINAL historical CHIRPS,11-25
606,Santa Rosa,Oratorio,1097.179722228,206.10588344535773,2025,1044.551719611331,46.666666666666664,-0.25534449447495533,FINAL historical CHIRPS,26-50
607,Santa Rosa,San Juan Tecuaco,1321.7291983875978,262.39251357275003,2025,1276.4966554657685,48.888888888888886,-0.17238503608940892,FINAL historical CHIRPS,26-50
608,Santa Rosa,Chiquimulilla,1136.347722109886,236.27206974165836,2025,1117.0933130474318,51.11111111111111,-0.08149253140037724,FINAL historical CHIRPS,51-75
609,Santa Rosa,Taxisco,1218.8835967082114,249.6019689567457,2025,1090.4582874940252,35.55555555555556,-0.5145204172505603,FINAL historical CHIRPS,26-50
610,Santa Rosa,Santa María Ixhuatán,1257.5784654709946,239.9426739466533,2025,1151.1434618943929,31.11111111111111,-0.4435851356739716,FINAL historical CHIRPS,26-50
611,Santa Rosa,Guazacapán,1183.321136964315,245.8841681088363,2025,1113.200461534711,40.0,-0.2851776751993498,FINAL historical CHIRPS,26-50
612,Santa Rosa,Santa Cruz Naranjo,977.6221615972704,174.95455960334098,2025,804.3843253844476,13.333333333333334,-0.9901876041732759,FINAL historical CHIRPS,11-25
613,Santa Rosa,Pueblo Nuevo Viñas,1220.0645940798386,219.6366533207205,2025,1064.8450338524212,24.444444444444443,-0.7067106417832761,FINAL historical CHIRPS,11-25
614,Santa Rosa,Nueva Santa Rosa,977.5418471262176,176.83722384095813,2025,818.911867094705,20.0,-0.8970395292689022,FINAL historical CHIRPS,11-25
701,Sololá,Sololá,796.1153602579475,172.49984365865305,2025,574.7179322747152,4.444444444444445,-1.2834645138655256,FINAL historical CHIRPS,1-10
702,Sololá,San José Chacayá,876.8463517075679,190.8287806304109,2025,633.3790901167799,6.666666666666667,-1.2758414154640807,FINAL historical CHIRPS,1-10
703,Sololá,Santa María Visitación,1620.236644944432,313.89632724194166,2025,1271.4083583614276,11.11111111111111,-1.1112850209111822,FINAL historical CHIRPS,11-25
704,Sololá,Santa Lucía Utatlán,947.1030120330583,198.13819272096447,2025,684.9384052727257,4.444444444444445,-1.3231401940237526,FINAL historical CHIRPS,1-10
705,Sololá,Nahualá,1268.7054003297897,237.9665454153107,2025,1016.14422524341,15.555555555555555,-1.0613305943724052,FINAL historical CHIRPS,11-25
706,Sololá,Santa Catarina Ixtahuacán,1543.316357577862,292.45920878019774,2025,1233.7803414076989,13.333333333333334,-1.058390390445184,FINAL historical CHIRPS,11-25
707,Sololá,Santa Clara La Laguna,1465.2036463075349,287.3942095803723,2025,1136.548384113388,11.11111111111111,-1.1435695335477367,FINAL historical CHIRPS,11-25
708,Sololá,Concepción,788.8802352552333,169.24181993202586,2025,590.2066225793716,11.11111111111111,-1.1739037830936632,FINAL historical CHIRPS,11-25
709,Sololá,San Andrés Semetabaj,747.6849343704423,150.72352112651757,2025,559.0182184569759,8.88888888888889,-1.2517403687450963,FINAL historical CHIRPS,1-10
710,Sololá,Panajachel,801.8707087544167,165.17576083893948,2025,595.3771382487109,8.88888888888889,-1.2501445094420038,FINAL historical CHIRPS,1-10
711,Sololá,Santa Catarina Palopó,755.7059488544892,152.48686043079613,2025,559.9817532713716,8.88888888888889,-1.2835479400006666,FINAL historical CHIRPS,1-10
712,Sololá,San Antonio Palopó,747.2474848891236,151.7801546256108,2025,580.9713874896784,13.333333333333334,-1.095506180037772,FINAL historical CHIRPS,11-25
713,Sololá,San Lucas Tolimán,998.124988336358,195.54731318396853,2025,831.3638446672146,22.22222222222222,-0.8527917921953576,FINAL historical CHIRPS,11-25
714,Sololá,Santa Cruz La Laguna,882.1788192461042,183.01869125632157,2025,646.2151863113163,4.444444444444445,-1.2892870739869724,FINAL historical CHIRPS,1-10
715,Sololá,San Pablo La Laguna,1315.3595202734073,265.1779670282575,2025,1020.2973967045547,13.333333333333334,-1.1126947192313705,FINAL historical CHIRPS,11-25
716,Sololá,San Marcos La Laguna,1244.0411190560706,251.48669019868396,2025,958.2140065439028,11.11111111111111,-1.1365496610828731,FINAL historical CHIRPS,11-25
717,Sololá,San Juan La Laguna,1721.7704541836902,334.7343296776085,2025,1380.5354990840124,17.77777777777778,-1.019420253155182,FINAL historical CHIRPS,11-25
718,Sololá,San Pedro La Laguna,1464.0635446251774,288.5893155384523,2025,1191.9721956824812,17.77777777777778,-0.9428323721376376,FINAL historical CHIRPS,11-25
719,Sololá,Santiago Atitlán,1207.08484214742,236.3577700964272,2025,1005.2218107774623,20.0,-0.8540570986416198,FINAL historical CHIRPS,11-25
801,Totonicapán,Totonicapán,721.9187731075076,154.79012670116526,2025,492.12022123927886,4.444444444444445,-1.4845814572648632,FINAL historical CHIRPS,1-10
802,Totonicapán,San Cristóbal Totonicapán,554.1177187684923,115.37663651756306,2025,376.33247289383377,2.2222222222222223,-1.5409120185922165,FINAL historical CHIRPS,1-10
803,Totonicapán,San Francisco El Alto,559.1981274305095,115.82724135237407,2025,372.58176566638394,2.2222222222222223,-1.6111612396637691,FINAL historical CHIRPS,1-10
804,Totonicapán,San Andrés Xecul,549.2034851718106,110.96966396468513,2025,375.7328236719154,2.2222222222222223,-1.563225978183554,FINAL historical CHIRPS,1-10
805,Totonicapán,Momostenango,558.6655103630383,119.92458481448308,2025,365.2761009616449,2.2222222222222223,-1.6125918609645924,FINAL historical CHIRPS,1-10
806,Totonicapán,Santa María Chiquimula,640.7468482743094,140.72309445307488,2025,426.66235807795,4.444444444444445,-1.5213173859515108,FINAL historical CHIRPS,1-10
807,Totonicapán,Santa Lucía La Reforma,587.8163376011979,136.76948524516544,2025,377.26799188259093,4.444444444444445,-1.5394394834578022,FINAL historical CHIRPS,1-10
808,Totonicapán,San Bartolo Aguas Calientes,512.8707543919937,111.10992944588682,2025,331.27014056778734,2.2222222222222223,-1.6344229064842508,FINAL historical CHIRPS,1-10
901,Quetzaltenango,Quetzaltenango,1145.3146144931693,188.44248271678435,2025,895.1890378344988,8.88888888888889,-1.3273311466321078,FINAL historical CHIRPS,1-10
902,Quetzaltenango,Salcajá,530.2520694853453,110.998076888416,2025,362.725275199641,2.2222222222222223,-1.5092765476839334,FINAL historical CHIRPS,1-10
903,Quetzaltenango,Olintepeque,736.2352090254996,133.1539170239603,2025,512.982000491766,2.2222222222222223,-1.6766552086752382,FINAL historical CHIRPS,1-10
904,Quetzaltenango,San Carlos Sija,545.3221676103338,108.79745441103373,2025,355.4527759196294,2.2222222222222223,-1.7451639169183428,FINAL historical CHIRPS,1-10
905,Quetzaltenango,Sibilia,643.9782227050529,118.29922017181416,2025,449.9944388438211,2.2222222222222223,-1.6397722958739345,FINAL historical CHIRPS,1-10
906,Quetzaltenango,Cabricán,544.6003700254953,109.12562566683222,2025,368.17896918323555,2.2222222222222223,-1.6166816892384746,FINAL historical CHIRPS,1-10
907,Quetzaltenango,Cajolá,708.648964604125,122.25432925685584,2025,501.04731682598646,2.2222222222222223,-1.6981128524452362,FINAL historical CHIRPS,1-10
908,Quetzaltenango,San Miguel Sigüilá,986.492573424658,161.14704633742463,2025,727.7396100610719,2.2222222222222223,-1.6056947318896877,FINAL historical CHIRPS,1-10
909,Quetzaltenango,San Juan Ostuncalco,1458.561688766761,211.6562400828516,2025,1164.400148488276,6.666666666666667,-1.3898080215510642,FINAL historical CHIRPS,1-10
910,Quetzaltenango,San Mateo,1504.6769481178603,240.70331787142277,2025,1160.3445820918464,6.666666666666667,-1.4305260478791864,FINAL historical CHIRPS,1-10
911,Quetzaltenango,Concepción Chiquirichapa,1525.6055127944646,237.32764234552107,2025,1228.3035535905522,11.11111111111111,-1.2527068329068718,FINAL historical CHIRPS,11-25
912,Quetzaltenango,San Martín Sacatepéquez,1762.2051743455766,261.3859745369572,2025,1518.8790330410293,17.77777777777778,-0.930907412823497,FINAL historical CHIRPS,11-25
913,Quetzaltenango,Almolonga,776.4790522113119,150.50365733191862,2025,572.9779592056661,4.444444444444445,-1.3521338724470156,FINAL historical CHIRPS,1-10
914,Quetzaltenango,Cantel,776.9591226558856,156.33656089803773,2025,569.1557320573689,6.666666666666667,-1.3292053337033904,FINAL historical CHIRPS,1-10
915,Quetzaltenango,Huitán,557.6377836239028,111.25669226851754,2025,383.1066227917977,2.2222222222222223,-1.568725056204933,FINAL historical CHIRPS,1-10
916,Quetzaltenango,Zunil,1488.092460957035,260.0360140540043,2025,1262.2988305503384,22.22222222222222,-0.8683167646147805,FINAL historical CHIRPS,11-25
917,Quetzaltenango,Colomba,1963.914559392073,316.5981828058234,2025,1914.8147077029278,51.11111111111111,-0.1550857028110589,FINAL historical CHIRPS,51-75
918,Quetzaltenango,San Francisco La Unión,618.0943281105618,117.30717318727554,2025,419.45204138135614,2.2222222222222223,-1.6933515771629954,FINAL historical CHIRPS,1-10
919,Quetzaltenango,El Palmar,2052.436727488432,329.6186510198038,2025,1891.2617110338838,35.55555555555556,-0.48897420081021076,FINAL historical CHIRPS,26-50
920,Quetzaltenango,Coatepeque,1470.066877821681,288.8060767489688,2025,1550.8677315584089,64.44444444444444,0.2797754626436075,FINAL historical CHIRPS,51-75
921,Quetzaltenango,Génova,1611.7093857309733,310.6797081318067,2025,1695.5675957350131,64.44444444444444,0.26991852962750557,FINAL historical CHIRPS,51-75
922,Quetzaltenango,Flores Costa Cuca,1731.2845424469606,332.9876726916117,2025,1799.076617055817,57.77777777777777,0.20358734021856828,FINAL historical CHIRPS,51-75
923,Quetzaltenango,La Esperanza,1437.055826931695,235.60654688793105,2025,1051.7385559082031,2.2222222222222223,-1.6354268423906424,FINAL historical CHIRPS,1-10
924,Quetzaltenango,Palestina De los Altos,856.8915330168301,134.98177777276476,2025,650.1268725687221,4.444444444444445,-1.531796838505018,FINAL historical CHIRPS,1-10
1001,Suchitepéquez,Mazatenango,1751.147077615376,331.47145972061446,2025,1626.6138129241897,40.0,-0.3756983023399692,FINAL historical CHIRPS,26-50
1002,Suchitepéquez,Cuyotenango,1738.263770336757,328.7747823727994,2025,1669.9280356519023,44.44444444444444,-0.207849684187057,FINAL historical CHIRPS,26-50
1003,Suchitepéquez,San Francisco Zapotitlán,1861.2299438138969,325.16874872535385,2025,1693.1957688044738,40.0,-0.5167599151766862,FINAL historical CHIRPS,26-50
1004,Suchitepéquez,San Bernardino,1723.8960394736398,319.5531279483426,2025,1561.672590855599,33.33333333333333,-0.5076572076123285,FINAL historical CHIRPS,26-50
1005,Suchitepéquez,San José El Ídolo,1619.3346127686227,327.15710558669144,2025,1425.4206534768696,31.11111111111111,-0.5927242782760499,FINAL historical CHIRPS,26-50
1006,Suchitepéquez,Santo Domingo Suchitepéquez,1352.597906341348,273.22131149226936,2025,1197.22476997996,31.11111111111111,-0.5686713657612477,FINAL historical CHIRPS,26-50
1007,Suchitepéquez,San Lorenzo,1104.0018040192017,232.6083146418275,2025,985.9625084434804,33.33333333333333,-0.5074594850896855,FINAL historical CHIRPS,26-50
1008,Suchitepéquez,Samayac,1746.6888791660697,313.8681426147742,2025,1590.8221518884054,35.55555555555556,-0.4965993871794984,FINAL historical CHIRPS,26-50
1009,Suchitepéquez,San Pablo Jocopilas,1812.852720916473,337.1960968303216,2025,1565.1267388181363,24.444444444444443,-0.7346644413354323,FINAL historical CHIRPS,11-25
1010,Suchitepéquez,San Antonio Suchitepéquez,1711.2380979792338,332.41965185148695,2025,1505.7646527263928,31.11111111111111,-0.6181146153917491,FINAL historical CHIRPS,26-50
1011,Suchitepéquez,San Miguel Panán,1745.6555993277143,340.7127948350453,2025,1524.2102767098038,28.888888888888886,-0.6499471871172973,FINAL historical CHIRPS,26-50
1012,Suchitepéquez,San Gabriel,1767.1736324052554,331.2003191366025,2025,1649.393022295755,40.0,-0.3556174414823623,FINAL historical CHIRPS,26-50
1013,Suchitepéquez,Chicacao,2060.3438909403435,398.84357474031793,2025,1768.4261183632095,22.22222222222222,-0.7319104307176014,FINAL historical CHIRPS,11-25
1014,Suchitepéquez,Patulul,1608.9321072333648,305.24718117958776,2025,1401.755574464945,24.444444444444443,-0.6787172676511317,FINAL historical CHIRPS,11-25
1015,Suchitepéquez,Santa Bárbara,1633.9436003797866,328.517677969249,2025,1404.830341913337,28.888888888888886,-0.6974153107459133,FINAL historical CHIRPS,26-50
1016,Suchitepéquez,San Juan Bautista,1564.6664893757536,313.9148725966849,2025,1376.2198891527535,33.33333333333333,-0.6003111565380168,FINAL historical CHIRPS,26-50
1017,Suchitepéquez,Santo Tomás La Unión,2121.958095368401,396.6460686889938,2025,1814.3830215376179,20.0,-0.7754396125679225,FINAL historical CHIRPS,11-25
1018,Suchitepéquez,Zunilito,1993.384852056032,349.9310223871798,2025,1776.4687131917235,26.666666666666668,-0.6198825625248583,FINAL historical CHIRPS,26-50
1019,Suchitepéquez,Pueblo Nuevo,1985.7581929688863,347.40839170400017,2025,1793.2538060668082,31.11111111111111,-0.5541155352001289,FINAL historical CHIRPS,26-50
1020,Suchitepéquez,Río Bravo,1769.7559169716574,356.22842430425106,2025,1528.2063106511307,28.888888888888886,-0.6780750491550377,FINAL historical CHIRPS,26-50
1021,Suchitepéquez,San José La Máquina,1244.585003925121,256.5799450245832,2025,1125.609955025177,31.11111111111111,-0.46369582349292726,FINAL historical CHIRPS,26-50
1101,Retalhuleu,Retalhuleu,1147.3564532371104,231.7696433934576,2025,1203.0102622519753,64.44444444444444,0.24012553240367937,FINAL historical CHIRPS,51-75
1102,Retalhuleu,San Sebastián,1771.16158802208,291.58789772176715,2025,1756.8334726914152,44.44444444444444,-0.04913823736380396,FINAL historical CHIRPS,26-50
1103,Retalhuleu,Santa Cruz Muluá,1554.0333846647304,285.80517530420144,2025,1527.55822859381,44.44444444444444,-0.09263357825043249,FINAL historical CHIRPS,26-50
1104,Retalhuleu,San Martín Zapotitlán,2174.83527236958,364.0777721460596,2025,2090.5923225064003,46.666666666666664,-0.23138723731088756,FINAL historical CHIRPS,26-50
1105,Retalhuleu,San Felipe,2119.9933910459954,350.6397481871449,2025,2024.3044034027575,44.44444444444444,-0.2728982898771828,FINAL historical CHIRPS,26-50
1106,Retalhuleu,San Andrés Villa Seca,1224.0561879484032,247.24728014941272,2025,1162.3571026932732,46.666666666666664,-0.2495440403544379,FINAL historical CHIRPS,26-50
1107,Retalhuleu,Champerico,801.5435589001503,174.86334297399617,2025,819.7656262275625,60.0,0.10420747434825155,FINAL historical CHIRPS,51-75
1108,Retalhuleu,Nuevo San Carlos,1985.6321424329813,314.50555570929794,2025,1969.4946184846715,53.333333333333336,-0.05131077545487276,FINAL historical CHIRPS,51-75
1109,Retalhuleu,El Asintal,1807.4721276052312,311.74488134747486,2025,1877.6055288625864,60.0,0.22497049816572168,FINAL historical CHIRPS,51-75
1201,San Marcos,San Marcos,979.7020398915536,169.1414295732993,2025,711.8471004441803,2.2222222222222223,-1.5836152036973021,FINAL historical CHIRPS,1-10
1202,San Marcos,San Pedro Sacatepéquez,955.4579343304346,156.03531522301358,2025,711.6145602808457,2.2222222222222223,-1.56274477800795,FINAL historical CHIRPS,1-10
1203,San Marcos,San Antonio Sacatepéquez,903.2722328967008,144.46166888061038,2025,684.0883285306172,2.2222222222222223,-1.517246104551284,FINAL historical CHIRPS,1-10
1204,San Marcos,Comitancillo,647.69303218483,118.35530710005204,2025,433.4656955107412,2.2222222222222223,-1.8100357467957988,FINAL historical CHIRPS,1-10
1205,San Marcos,San Miguel Ixtahuacán,627.0080649971014,121.86376622002628,2025,408.22123039303546,2.2222222222222223,-1.7953395122307652,FINAL historical CHIRPS,1-10
1206,San Marcos,Concepción Tutuapa,650.6753892134221,122.19846927649952,2025,433.05628725292996,2.2222222222222223,-1.7808660227001991,FINAL historical CHIRPS,1-10
1207,San Marcos,Tacaná,985.93943125203,161.68547798418888,2025,720.2181155625766,2.2222222222222223,-1.6434457751081275,FINAL historical CHIRPS,1-10
1208,San Marcos,Sibinal,1906.618333400135,331.083281643202,2025,1333.0474284464358,2.2222222222222223,-1.7324067289263447,FINAL historical CHIRPS,1-10
1209,San Marcos,Tajumulco,1798.5691032325765,297.0494111595041,2025,1245.325499906525,2.2222222222222223,-1.86246322174657,FINAL historical CHIRPS,1-10
1210,San Marcos,Tejutla,702.2801155049535,127.39895539367237,2025,456.65997510420624,2.2222222222222223,-1.9279603952933724,FINAL historical CHIRPS,1-10
1211,San Marcos,San Rafael Pie De La Cuesta,1979.0455401370632,362.165139907718,2025,1530.0373066128875,8.88888888888889,-1.2397886600532173,FINAL historical CHIRPS,1-10
1212,San Marcos,Nuevo Progreso,2225.2021584556437,337.1848153526557,2025,2021.5596367786432,24.444444444444443,-0.6039492658173661,FINAL historical CHIRPS,11-25
1213,San Marcos,El Tumbador,2352.4240542313696,371.64538335788393,2025,2005.4827733045306,17.77777777777778,-0.933527756465481,FINAL historical CHIRPS,11-25
1214,San Marcos,El Rodeo,2244.519080312404,310.6689740567264,2025,1868.714453411249,11.11111111111111,-1.2096625613877212,FINAL historical CHIRPS,11-25
1215,San Marcos,Malacatán,2082.884575975125,330.54856958908454,2025,1751.234592155837,13.333333333333334,-1.003332079856139,FINAL historical CHIRPS,11-25
1216,San Marcos,Catarina,1884.003814918656,334.6401908015692,2025,1683.2256824071756,26.666666666666668,-0.5999821241750826,FINAL historical CHIRPS,26-50
1217,San Marcos,Ayutla,1242.697315943184,242.777266090156,2025,1204.7765651572952,51.11111111111111,-0.15619564136539432,FINAL historical CHIRPS,51-75
1218,San Marcos,Ocós,723.1510412383967,173.500497010978,2025,784.4756814164047,57.77777777777777,0.3534551268410932,FINAL historical CHIRPS,51-75
1219,San Marcos,San Pablo,2073.318760119843,313.2209882862844,2025,1569.1195825970958,2.2222222222222223,-1.6097234744113262,FINAL historical CHIRPS,1-10
1220,San Marcos,El Quetzal,1987.5068616203944,285.08255908545624,2025,1850.3506094246366,33.33333333333333,-0.4811106390926002,FINAL historical CHIRPS,26-50
1221,San Marcos,La Reforma,2058.6994939099272,304.7642938629192,2025,1821.9516655619186,22.22222222222222,-0.7768227220689314,FINAL historical CHIRPS,11-25
1222,San Marcos,Pajapita,1593.8752375600538,291.2402869811861,2025,1565.7772153299913,48.888888888888886,-0.09647711352474257,FINAL historical CHIRPS,26-50
1223,San Marcos,Ixchiguán,1069.425492239335,179.00384059355378,2025,723.2903632361949,2.2222222222222223,-1.9336743158995937,FINAL historical CHIRPS,1-10
1224,San Marcos,San José Ojetenam,832.8239734117802,142.06001112946743,2025,571.5350508080334,2.2222222222222223,-1.8392855281816027,FINAL historical CHIRPS,1-10
1225,San Marcos,San Cristóbal Cucho,1513.1297375524675,229.6468442801039,2025,1194.566941078823,6.666666666666667,-1.387185604366888,FINAL historical CHIRPS,1-10
1226,San Marcos,Sipacapa,570.1043087384637,115.92610126788148,2025,366.6107895126965,2.2222222222222223,-1.7553727504001482,FINAL historical CHIRPS,1-10
1227,San Marcos,Esquipulas Palo Gordo,1310.3300155819998,231.357394783401,2025,1023.5255205108543,11.11111111111111,-1.2396599440430878,FINAL historical CHIRPS,11-25
1228,San Marcos,Río Blanco,645.5579737647502,121.98273394033974,2025,470.29378390444765,4.444444444444445,-1.4367950627014319,FINAL historical CHIRPS,1-10
1229,San Marcos,San Lorenzo,764.0278615971891,130.31942346786462,2025,560.3029616021205,2.2222222222222223,-1.5632734904271965,FINAL historical CHIRPS,1-10
1230,San Marcos,La Blanca,864.4343147098331,201.31357652603225,2025,951.4675266314578,64.44444444444444,0.4323265893116267,FINAL historical CHIRPS,51-75
1301,Huehuetenango,Huehuetenango,621.5438183170438,128.27658938570903,2025,409.41841663342734,2.2222222222222223,-1.6536563896767342,FINAL historical CHIRPS,1-10
1302,Huehuetenango,Chiantla,891.2763632962749,188.9937336714716,2025,641.8602928811664,4.444444444444445,-1.3197055032981635,FINAL historical CHIRPS,1-10
1303,Huehuetenango,Malacatancito,564.4264865242717,115.63487380786717,2025,361.6682679243842,2.2222222222222223,-1.753434858559883,FINAL historical CHIRPS,1-10
1304,Huehuetenango,Cuilco,579.058996104493,110.30683348187851,2025,429.9468390053877,2.2222222222222223,-1.351794375673034,FINAL historical CHIRPS,1-10
1305,Huehuetenango,Nentón,1094.3303065320538,271.0000385792641,2025,775.7853314009235,13.333333333333334,-1.17544254532628,FINAL historical CHIRPS,11-25
1306,Huehuetenango,San Pedro Necta,995.255704751958,191.9020084750377,2025,761.5265548729542,11.11111111111111,-1.2179609360858092,FINAL historical CHIRPS,11-25
1307,Huehuetenango,Jacaltenango,1277.01494550119,306.47732505888433,2025,960.6526292597233,15.555555555555555,-1.0322535808503388,FINAL historical CHIRPS,11-25
1308,Huehuetenango,Soloma,1285.0854996900546,287.392388764776,2025,958.1389857713476,13.333333333333334,-1.1376310810593704,FINAL historical CHIRPS,11-25
1309,Huehuetenango,San Ildefonso Ixtahuacán,789.976350091515,149.32956611397412,2025,559.4480618646745,2.2222222222222223,-1.5437551599854802,FINAL historical CHIRPS,1-10
1310,Huehuetenango,Santa Bárbara,660.6991966077069,128.45057001235688,2025,444.2878097085693,2.2222222222222223,-1.6847833908274517,FINAL historical CHIRPS,1-10
1311,Huehuetenango,La Libertad,707.4762505890111,144.48751157881995,2025,553.5728098302811,13.333333333333334,-1.0651677717819474,FINAL historical CHIRPS,11-25
1312,Huehuetenango,La Democracia,889.440295397167,189.6253889318366,2025,689.064561789031,15.555555555555555,-1.0566925385722676,FINAL historical CHIRPS,11-25
1313,Huehuetenango,San Miguel Acatán,1458.028281529772,336.31842243189243,2025,1059.423456444025,13.333333333333334,-1.1852006863122937,FINAL historical CHIRPS,11-25
1314,Huehuetenango,San Rafael La Independencia,1364.76101435838,306.50863227097386,2025,994.223827405513,13.333333333333334,-1.2088964157632194,FINAL historical CHIRPS,11-25
1315,Huehuetenango,Todos Santos Cuchumatán,1035.866215851633,217.5794004557392,2025,730.2117464405143,2.2222222222222223,-1.404795071458504,FINAL historical CHIRPS,1-10
1316,Huehuetenango,San Juan Atitán,733.9792124248064,145.54776689645374,2025,501.5139338172369,2.2222222222222223,-1.5971751649954964,FINAL historical CHIRPS,1-10
1317,Huehuetenango,Santa Eulalia,1958.2550092560657,411.3092192061813,2025,1445.5412375985659,13.333333333333334,-1.2465409179182205,FINAL historical CHIRPS,11-25
1318,Huehuetenango,San Mateo Ixtatán,1836.3222403111456,414.3271573552501,2025,1344.5548734349004,17.77777777777778,-1.1869059465358596,FINAL historical CHIRPS,11-25
1319,Huehuetenango,Colotenango,845.5555204647374,163.9158683527941,2025,589.909754495373,4.444444444444445,-1.559615725666908,FINAL historical CHIRPS,1-10
1320,Huehuetenango,San Sebastián Huehuetenango,679.2960922901432,135.5268127430976,2025,454.27900502047896,2.2222222222222223,-1.6603141674718118,FINAL historical CHIRPS,1-10
1321,Huehuetenango,Tectitán,633.1913006595129,113.84028723366858,2025,454.32246741995505,2.2222222222222223,-1.57122612377472,FINAL historical CHIRPS,1-10
1322,Huehuetenango,Concepción Huista,1650.886025728622,369.9124649364017,2025,1249.9929213232465,13.333333333333334,-1.083751272005122,FINAL historical CHIRPS,11-25
1323,Huehuetenango,San Juan Ixcoy,1306.834229676001,285.3972477363125,2025,975.0910467232362,13.333333333333334,-1.1623909676216388,FINAL historical CHIRPS,11-25
1324,Huehuetenango,San Antonio Huista,1379.480397281989,299.75077861767915,2025,1066.4987322522386,17.77777777777778,-1.0441396231665736,FINAL historical CHIRPS,11-25
1325,Huehuetenango,San Sebastián Coatán,1416.3117525852888,330.84732354899387,2025,1021.557634417684,11.11111111111111,-1.1931609841454476,FINAL historical CHIRPS,11-25
1326,Huehuetenango,Barillas,2359.364128113009,509.1835103606533,2025,1748.2623976126904,13.333333333333334,-1.200160095654859,FINAL historical CHIRPS,11-25
1327,Huehuetenango,Aguacatán,803.2914956243511,171.28723259384532,2025,546.3869795925044,4.444444444444445,-1.4998462649053141,FINAL historical CHIRPS,1-10
1328,Huehuetenango,San Rafael Pétzal,798.0905810944137,152.62095756772143,2025,559.9265749753915,4.444444444444445,-1.5604934598404894,FINAL historical CHIRPS,1-10
1329,Huehuetenango,San Gaspar Ixchil,791.4849631244277,153.85100321925404,2025,552.5681256846358,2.2222222222222223,-1.552910494183194,FINAL historical CHIRPS,1-10
1330,Huehuetenango,Santiago Chimaltenango,910.1469603479449,179.10884249663167,2025,645.016706202324,4.444444444444445,-1.4802745104592303,FINAL historical CHIRPS,1-10
1331,Huehuetenango,Santa Ana Huista,842.3288602462113,209.34050582685984,2025,623.45083285513,15.555555555555555,-1.045559847706252,FINAL historical CHIRPS,11-25
1332,Huehuetenango,Unión Cantinil,1375.9756716281888,281.7679836932132,2025,1062.8654712695773,15.555555555555555,-1.1112341304877404,FINAL historical CHIRPS,11-25
1333,Huehuetenango,Petatán,1663.5208422635565,358.28256173783313,2025,1306.580920684788,17.77777777777778,-0.9962525662634758,FINAL historical CHIRPS,11-25
1401,Quiché,Santa Cruz Del Quiché,820.171415553308,174.8936226672269,2025,555.4558092143503,4.444444444444445,-1.5135806686481448,FINAL historical CHIRPS,1-10
1402,Quiché,Chiché,867.3887500485131,175.3471138480973,2025,623.56696348777,4.444444444444445,-1.3905092659350256,FINAL historical CHIRPS,1-10
1403,Quiché,Chinique,904.056358055046,187.3339124425657,2025,666.5227954281522,11.11111111111111,-1.2679688345254554,FINAL historical CHIRPS,11-25
1404,Quiché,Zacualpa,863.2094519486576,165.91413211915977,2025,674.7860014652225,11.11111111111111,-1.1356684815016789,FINAL historical CHIRPS,11-25
1405,Quiché,Chajul,1946.8579672617143,379.6405405242444,2025,1595.9939979659048,20.0,-0.9242004787246973,FINAL historical CHIRPS,11-25
1406,Quiché,Chichicastenango,800.6836977957643,171.47348210335065,2025,559.3674713617232,6.666666666666667,-1.4073093021380105,FINAL historical CHIRPS,1-10
1407,Quiché,Patzité,786.4217378008573,174.33308098671867,2025,521.8368450237786,4.444444444444445,-1.5176975665177155,FINAL historical CHIRPS,1-10
1408,Quiché,San Antonio Ilotenango,679.9835129173761,146.6798644492502,2025,454.3631364904509,4.444444444444445,-1.5381823352106216,FINAL historical CHIRPS,1-10
1409,Quiché,San Pedro Jocopilas,680.594217481342,148.58928532011743,2025,474.0688549473581,4.444444444444445,-1.389907503014435,FINAL historical CHIRPS,1-10
1410,Quiché,Cunén,1144.9588699796086,240.8065744162574,2025,875.5159397358367,11.11111111111111,-1.118918496710201,FINAL historical CHIRPS,11-25
1411,Quiché,San Juan Cotzal,1317.6585990630545,273.4693459206109,2025,1006.1086456935492,13.333333333333334,-1.1392500037644047,FINAL historical CHIRPS,11-25
1412,Quiché,Joyabaj,763.871436675013,147.26967914685483,2025,571.2850179028065,8.88888888888889,-1.3077126254900207,FINAL historical CHIRPS,1-10
1413,Quiché,Nebaj,1558.0613824661011,319.1160314421374,2025,1192.9435518617274,13.333333333333334,-1.1441538331820769,FINAL historical CHIRPS,11-25
1414,Quiché,San Andrés Sajcabajá,1120.7685812384198,225.881473331266,2025,905.02726191906,20.0,-0.9551085183642518,FINAL historical CHIRPS,11-25
1415,Quiché,Uspantán,1736.623192633712,319.36561943009195,2025,1475.7614309475866,22.22222222222222,-0.816812286030141,FINAL historical CHIRPS,11-25
1416,Quiché,Sacapulas,689.3977154822514,149.54593899636225,2025,486.3993696966279,4.444444444444445,-1.3574313495103436,FINAL historical CHIRPS,1-10
1417,Quiché,San Bartolomé Jocotenango,751.3584663155121,155.93768250796947,2025,560.3258817803816,11.11111111111111,-1.2250572245446032,FINAL historical CHIRPS,11-25
1418,Quiché,Canillá,1047.9020069017663,205.75669744987584,2025,877.6014141969541,20.0,-0.8276794622750927,FINAL historical CHIRPS,11-25
1419,Quiché,Chicamán,1199.7535060507382,217.83134144973704,2025,1002.0563470060127,20.0,-0.9075698553247106,FINAL historical CHIRPS,11-25
1420,Quiché,Ixcán,1982.9818046337205,404.4784901346387,2025,1516.7575836113026,15.555555555555555,-1.1526551655867432,FINAL historical CHIRPS,11-25
1421,Quiché,Pachalum,723.1904726663884,146.01164386019076,2025,517.4318726471994,8.88888888888889,-1.4091930929577587,FINAL historical CHIRPS,1-10
1501,Baja Verapaz,Salamá,737.0828079383101,174.56128538592358,2025,555.2254539557089,8.88888888888889,-1.0417966021534921,FINAL historical CHIRPS,1-10
1502,Baja Verapaz,San Miguel Chicaj,676.1855551676214,155.39242768672088,2025,527.8536794439391,15.555555555555555,-0.9545630886385723,FINAL historical CHIRPS,11-25
1503,Baja Verapaz,Rabinal,610.5828072059969,129.6217888424621,2025,485.1417783962826,13.333333333333334,-0.9677464717152691,FINAL historical CHIRPS,11-25
1504,Baja Verapaz,Cubulco,746.6781819037498,144.42014781052524,2025,642.0034402992411,24.444444444444443,-0.7247932036590814,FINAL historical CHIRPS,11-25
1505,Baja Verapaz,Granados,671.5372184931995,142.413719090397,2025,480.3486102492867,6.666666666666667,-1.3424872931136358,FINAL historical CHIRPS,1-10
1506,Baja Verapaz,El Chol,573.2604236953914,124.70022709498384,2025,412.5154960078563,6.666666666666667,-1.2890508015281807,FINAL historical CHIRPS,1-10
1507,Baja Verapaz,San Jerónimo,652.67686732031,163.3270425691117,2025,494.4805790565731,17.77777777777778,-0.9685860086323195,FINAL historical CHIRPS,11-25
1508,Baja Verapaz,Purulhá,1363.498860191597,298.4793987224034,2025,1024.3267432262849,8.88888888888889,-1.1363334234023785,FINAL historical CHIRPS,1-10
1601,Alta Verapaz,Cobán,1553.7122917285308,300.50123724106487,2025,1222.805169282629,17.77777777777778,-1.1011838935639553,FINAL historical CHIRPS,11-25
1602,Alta Verapaz,Santa Cruz Verapaz,1017.5683610328468,211.22252708299484,2025,782.9327654904055,13.333333333333334,-1.1108455086812161,FINAL historical CHIRPS,11-25
1603,Alta Verapaz,San Cristóbal Verapaz,909.8980238578338,174.7231911713619,2025,735.342860429741,20.0,-0.9990383203160231,FINAL historical CHIRPS,11-25
1604,Alta Verapaz,Tactic,1053.1189715268413,217.23433375520173,2025,789.6307555558432,11.11111111111111,-1.2129216013704318,FINAL historical CHIRPS,11-25
1605,Alta Verapaz,Tamahú,1231.3018015405569,250.7826709464337,2025,900.7889905040906,11.11111111111111,-1.3179252369756544,FINAL historical CHIRPS,11-25
1606,Alta Verapaz,Tucurú,1616.9184348434617,329.7523448253469,2025,1193.720634518118,6.666666666666667,-1.2833807157595503,FINAL historical CHIRPS,1-10
1607,Alta Verapaz,Panzós,1532.8891794439207,279.67610295255383,2025,1184.7186610620597,11.11111111111111,-1.2449062136743483,FINAL historical CHIRPS,11-25
1608,Alta Verapaz,Senahú,1835.985203777119,348.0061913597451,2025,1426.5011576667316,11.11111111111111,-1.1766573591993676,FINAL historical CHIRPS,11-25
1609,Alta Verapaz,San Pedro Carchá,1588.7189294749076,296.76549226011576,2025,1173.0267507317685,8.88888888888889,-1.4007429757998404,FINAL historical CHIRPS,1-10
1610,Alta Verapaz,San Juan Chamelco,1162.6363032215245,229.56630688764037,2025,849.1407619078274,6.666666666666667,-1.365599096679006,FINAL historical CHIRPS,1-10
1611,Alta Verapaz,Lanquín,1693.8883275379517,319.5980298298211,2025,1243.7942973393422,8.88888888888889,-1.4083129061786603,FINAL historical CHIRPS,1-10
1612,Alta Verapaz,Cahabón,1449.866450917251,262.495707447714,2025,1148.9099183780268,13.333333333333334,-1.1465198248972177,FINAL historical CHIRPS,11-25
1613,Alta Verapaz,Chisec,1950.6273463157247,389.20982122138855,2025,1585.3410247991874,22.22222222222222,-0.9385331551249751,FINAL historical CHIRPS,11-25
1614,Alta Verapaz,Chahal,1581.8659460042195,272.9365136904132,2025,1263.2104024343676,11.11111111111111,-1.1675079279839302,FINAL historical CHIRPS,11-25
1615,Alta Verapaz,Fray Bartolomé De Las Casas,1306.8423101067767,243.0194306871018,2025,997.5004515938177,11.11111111111111,-1.2729099794133345,FINAL historical CHIRPS,11-25
1616,Alta Verapaz,Santa Catalina La Tinta,1463.0759920961766,302.5543822008545,2025,1097.4359763170526,8.88888888888889,-1.2085100639408004,FINAL historical CHIRPS,1-10
1617,Alta Verapaz,Raxruhá,1750.984072689626,349.33955656770536,2025,1406.2253532874843,20.0,-0.9868871501109955,FINAL historical CHIRPS,11-25
1701,Petén,Flores,665.0379308412522,150.85208944118935,2025,484.08160353985596,15.555555555555555,-1.199561291936518,FINAL historical CHIRPS,11-25
1702,Petén,San José,688.5870364206187,151.9613147461473,2025,462.63019028359616,2.2222222222222223,-1.4869366359095102,FINAL historical CHIRPS,1-10
1703,Petén,San Benito,905.294886934832,183.27453263731115,2025,613.1631169243392,8.88888888888889,-1.5939572498520747,FINAL historical CHIRPS,1-10
1704,Petén,San Andrés,789.4483967513903,173.46235633155368,2025,546.3201045863976,6.666666666666667,-1.4016199093956756,FINAL historical CHIRPS,1-10
1705,Petén,La Libertad,1030.7725615507966,218.0788875370228,2025,735.7014335886113,11.11111111111111,-1.3530476576376138,FINAL historical CHIRPS,11-25
1706,Petén,San Francisco,965.674005497682,185.89970271469133,2025,633.5525357264369,6.666666666666667,-1.7865626728890842,FINAL historical CHIRPS,1-10
1707,Petén,Santa Ana,781.6277845590836,163.5678827914945,2025,556.1263530993878,8.88888888888889,-1.3786412565304773,FINAL historical CHIRPS,1-10
1708,Petén,Dolores,896.7817009660795,174.08437496061973,2025,635.432712200621,6.666666666666667,-1.5012776926394409,FINAL historical CHIRPS,1-10
1709,Petén,San Luis,1259.1143412479544,233.53651863093089,2025,973.539608531106,6.666666666666667,-1.222826881170375,FINAL historical CHIRPS,1-10
1710,Petén,Sayaxché,1193.4223172269135,241.9844664272813,2025,850.6212119882082,11.11111111111111,-1.4166244234595133,FINAL historical CHIRPS,11-25
1711,Petén,Melchor De Mencos,630.6097621075538,143.0652304309987,2025,488.36431307292867,17.77777777777778,-0.9942698767974311,FINAL historical CHIRPS,11-25
1712,Petén,Poptún,983.202514507906,184.497946473166,2025,677.4475515757161,6.666666666666667,-1.6572269164885252,FINAL historical CHIRPS,1-10
1713,Petén,Las Cruces,1095.94075175201,234.39303694558225,2025,745.2827382684349,8.88888888888889,-1.496025726928849,FINAL historical CHIRPS,1-10
1714,Petén,El Chal,947.8876539753746,181.1037496662572,2025,621.9979952117332,4.444444444444445,-1.7994638949452986,FINAL historical CHIRPS,1-10
1801,Izabal,Puerto Barrios,1145.199280220312,228.702909938302,2025,947.5204546352348,15.555555555555555,-0.8643476623817581,FINAL historical CHIRPS,11-25
1802,Izabal,Livingston,1671.6612861785595,250.51176402965345,2025,1381.8602309641108,13.333333333333334,-1.1568361124156412,FINAL historical CHIRPS,11-25
1803,Izabal,El Estor,1464.6517962082726,233.09537852113172,2025,1161.282152904121,8.88888888888889,-1.3014828746450202,FINAL historical CHIRPS,1-10
1804,Izabal,Morales,870.1686351759024,157.6859387489477,2025,727.3071814067213,22.22222222222222,-0.9059872738344242,FINAL historical CHIRPS,11-25
1805,Izabal,Los Amates,1031.3838760251824,195.18899505996208,2025,833.8104552514179,20.0,-1.012215984374887,FINAL historical CHIRPS,11-25
1901,Zacapa,Zacapa,662.144907771426,155.59196709103114,2025,537.7576021487873,31.11111111111111,-0.7994455494599167,FINAL historical CHIRPS,26-50
1902,Zacapa,Estanzuela,526.3289604192655,130.8599930107165,2025,425.8847722384912,24.444444444444443,-0.7675698727306873,FINAL historical CHIRPS,11-25
1903,Zacapa,Río Hondo,733.0356745219029,159.04798778744575,2025,564.6082842232331,15.555555555555555,-1.0589721545157733,FINAL historical CHIRPS,11-25
1904,Zacapa,Gualán,958.802550745991,198.06439072139463,2025,745.0469752610938,20.0,-1.079222644243883,FINAL historical CHIRPS,11-25
1905,Zacapa,Teculután,969.1621383841864,221.40891730395057,2025,766.7712192952145,15.555555555555555,-0.9141046420055852,FINAL historical CHIRPS,11-25
1906,Zacapa,Usumatlán,1005.4934446693854,239.9885826753192,2025,823.7228470315839,22.22222222222222,-0.7574135219745814,FINAL historical CHIRPS,11-25
1907,Zacapa,Cabañas,885.045191116118,214.3262086790548,2025,743.9388511913552,26.666666666666668,-0.6583718379307687,FINAL historical CHIRPS,26-50
1908,Zacapa,San Diego,822.5685530813441,194.1117905611285,2025,687.6788884564063,26.666666666666668,-0.694907116332324,FINAL historical CHIRPS,26-50
1909,Zacapa,La Unión,892.0191140925615,199.82655088988824,2025,754.749554392816,33.33333333333333,-0.686943547233551,FINAL historical CHIRPS,26-50
1910,Zacapa,Huité,639.1525254872814,159.9139864194263,2025,540.7305815451173,28.888888888888886,-0.6154680159371468,FINAL historical CHIRPS,26-50
1911,Zacapa,San Jorge,551.7870889948197,137.95445207811346,2025,462.5511678739889,28.888888888888886,-0.6468506074041237,FINAL historical CHIRPS,26-50
2001,Chiquimula,Chiquimula,605.3332446218732,143.1549492925597,2025,518.4277663264188,31.11111111111111,-0.6070728167270649,FINAL historical CHIRPS,26-50
2002,Chiquimula,San José La Arada,618.226868876913,139.19787226693143,2025,551.2278321509303,37.77777777777778,-0.48132227623065,FINAL historical CHIRPS,26-50
2003,Chiquimula,San Juan Ermita,797.6959741772505,185.25282409997573,2025,683.811310816181,31.11111111111111,-0.6147526436606932,FINAL historical CHIRPS,26-50
2004,Chiquimula,Jocotán,764.8060180908973,170.4545949105898,2025,661.5263313554586,31.11111111111111,-0.605907319715335,FINAL historical CHIRPS,26-50
2005,Chiquimula,Camotán,846.339488604652,188.23661778860887,2025,732.4212148769469,33.33333333333333,-0.6051865735052475,FINAL historical CHIRPS,26-50
2006,Chiquimula,Olopa,914.3991210783402,194.42264519807955,2025,831.4408613145048,33.33333333333333,-0.4266903152115678,FINAL historical CHIRPS,26-50
2007,Chiquimula,Esquipulas,1004.3636911115124,194.21787378994628,2025,976.3030867261102,46.666666666666664,-0.1444800307913509,FINAL historical CHIRPS,26-50
2008,Chiquimula,Concepción Las Minas,988.4437197313028,172.86779170666156,2025,1057.3403070568145,71.11111111111111,0.3985507458926871,FINAL historical CHIRPS,51-75
2009,Chiquimula,Quezaltepeque,886.1384305243088,180.2694197080044,2025,843.1627361275208,42.22222222222222,-0.23839703076871743,FINAL historical CHIRPS,26-50
2010,Chiquimula,San Jacinto,715.6017666246838,151.7217424488989,2025,660.4831300256219,35.55555555555556,-0.3632876587719543,FINAL historical CHIRPS,26-50
2011,Chiquimula,Ipala,617.8121034388889,129.79034965885648,2025,593.9232170541696,48.888888888888886,-0.18405749308411068,FINAL historical CHIRPS,26-50
2101,Jalapa,Jalapa,793.4383897951086,167.26644580337955,2025,609.9867688788186,17.77777777777778,-1.0967628327078585,FINAL historical CHIRPS,11-25
2102,Jalapa,San Pedro Pinula,760.9742585157265,177.17944437925806,2025,606.3010447237142,22.22222222222222,-0.8729749341629583,FINAL historical CHIRPS,11-25
2103,Jalapa,San Luis Jilotepeque,609.0976144365395,133.3674210549345,2025,531.422875069897,31.11111111111111,-0.5824116471041904,FINAL historical CHIRPS,26-50
2104,Jalapa,San Manuel Chaparrón,686.0155401913403,141.22811189948516,2025,586.4232049987683,28.888888888888886,-0.7051877551365543,FINAL historical CHIRPS,26-50
2105,Jalapa,San Carlos Alzatate,991.6977951193584,190.00990963035903,2025,780.1306361723409,13.333333333333334,-1.113453289665762,FINAL historical CHIRPS,11-25
2106,Jalapa,Monjas,717.8190514103777,144.22761123679678,2025,583.0150042893978,20.0,-0.9346618581906277,FINAL historical CHIRPS,11-25
2107,Jalapa,Mataquescuintla,927.9820263941452,181.87031910664012,2025,679.957952256205,6.666666666666667,-1.3637413479904366,FINAL historical CHIRPS,1-10
2201,Jutiapa,Jutiapa,846.1911803521257,154.2340843592022,2025,753.827487078732,31.11111111111111,-0.5988539670536378,FINAL historical CHIRPS,26-50
2202,Jutiapa,El Progreso,784.4818125784279,148.43674599349708,2025,712.8204453020458,31.11111111111111,-0.4827737686968806,FINAL historical CHIRPS,26-50
2203,Jutiapa,Santa Catarina Mita,720.3914680775822,138.85851879017798,2025,679.5379400137197,44.44444444444444,-0.2942097353464804,FINAL historical CHIRPS,26-50
2204,Jutiapa,Agua Blanca,646.1143884578172,124.23271475481177,2025,668.1099562274749,60.0,0.1770513331618694,FINAL historical CHIRPS,51-75
2205,Jutiapa,Asunción Mita,828.2578853843715,137.04358512582877,2025,813.937566540466,44.44444444444444,-0.10449463089247907,FINAL historical CHIRPS,26-50
2206,Jutiapa,Yupiltepeque,974.9132260102332,194.5655198343248,2025,917.3857777807286,42.22222222222222,-0.29567134134809686,FINAL historical CHIRPS,26-50
2207,Jutiapa,Atescatempa,987.20448875801,168.99465373614626,2025,967.3611436718417,42.22222222222222,-0.11741995765824678,FINAL historical CHIRPS,26-50
2208,Jutiapa,Jerez,1103.442492567377,181.97122414511912,2025,1115.3718907369835,55.55555555555556,0.06555650886918761,FINAL historical CHIRPS,51-75
2209,Jutiapa,El Adelanto,929.3442217187096,187.01579972366176,2025,868.0522110969318,42.22222222222222,-0.32773707201393704,FINAL historical CHIRPS,26-50
2210,Jutiapa,Zapotitlán,1013.6535803693208,182.0261909854062,2025,995.3112927920617,53.333333333333336,-0.1007672988044322,FINAL historical CHIRPS,51-75
2211,Jutiapa,Comapa,971.6863393752463,172.44817186352384,2025,943.7553912792691,51.11111111111111,-0.16196720321327546,FINAL historical CHIRPS,51-75
2212,Jutiapa,Jalpatagua,974.1767878167824,174.09709034417662,2025,958.4825036693094,51.11111111111111,-0.09014673431041619,FINAL historical CHIRPS,51-75
2213,Jutiapa,Conguaco,1057.2860638812178,196.5643055042153,2025,1115.7055294039753,68.88888888888889,0.29720281804421855,FINAL historical CHIRPS,51-75
2214,Jutiapa,Moyuta,1047.356488048507,208.57601055190463,2025,1107.3295553255246,71.11111111111111,0.2875357866819167,FINAL historical CHIRPS,51-75
2215,Jutiapa,Pasaco,1091.9948910997716,225.2805060991107,2025,1138.590445630247,64.44444444444444,0.2068334954377982,FINAL historical CHIRPS,51-75
2216,Jutiapa,San José Acatempa,914.6867338150578,166.73541926756351,2025,798.7244815875201,26.666666666666668,-0.6954866142835002,FINAL historical CHIRPS,26-50
2217,Jutiapa,Quesada,810.1318499611182,151.46639654813117,2025,719.4422448425759,35.55555555555556,-0.5987440593116907,FINAL historical CHIRPS,26-50
101,Guatemala,Guatemala,805.9353880763103,168.58441163415105,2026,375.6612106864924,0.0,-2.5522773619399994,FINAL,0
102,Guatemala,Santa Catarina Pinula,979.7887848916724,188.28410955681804,2026,483.9375643512376,0.0,-2.633526651333277,FINAL,0
103,Guatemala,San José Pinula,1157.1574856924851,214.54544181718063,2026,636.1784319671231,0.0,-2.428292343629938,FINAL,0
104,Guatemala,San José Del Golfo,564.2120971368274,127.61438389904863,2026,280.92232752826453,0.0,-2.219889019976492,FINAL,0
105,Guatemala,Palencia,813.5525578322723,175.5907257759969,2026,412.8493051921758,0.0,-2.2820297078290928,FINAL,0
106,Guatemala,Chinautla,781.2513278676729,175.818569432629,2026,367.66835335320656,0.0,-2.352328174715044,FINAL,0
107,Guatemala,San Pedro Ayampuc,679.3514012654831,147.4031573174629,2026,337.83690689480534,0.0,-2.316873672082589,FINAL,0
108,Guatemala,Mixco,782.2114395617658,168.7531626939166,2026,363.275977793733,0.0,-2.4825339868023404,FINAL,0
109,Guatemala,San Pedro Sacatepéquez,794.3541452704935,178.34897148315923,2026,368.0538119267777,0.0,-2.3902595557382824,FINAL,0
110,Guatemala,San Juan Sacatepéquez,783.2933334662749,168.60131643179946,2026,371.4920581773558,0.0,-2.4424558716627573,FINAL,0
111,Guatemala,San Raymundo,755.7512996836648,166.0762972765092,2026,359.34374324947936,0.0,-2.386900255695041,FINAL,0
112,Guatemala,Chuarrancho,632.3679121520246,139.41749551678137,2026,328.8127032259811,0.0,-2.177310729911263,FINAL,0
113,Guatemala,Fraijanes,984.886868442841,175.93129984548875,2026,504.4596101413289,0.0,-2.730766263441731,FINAL,0
114,Guatemala,Amatitlán,770.7506099946462,141.7059418775292,2026,365.394291446203,0.0,-2.860545670687377,FINAL,0
115,Guatemala,Villa Nueva,749.2480761473272,147.86884669335356,2026,353.2683504143919,0.0,-2.677911775115873,FINAL,0
116,Guatemala,Villa Canales,958.5304515810556,165.2652985348972,2026,487.80665384166537,0.0,-2.848291818744955,FINAL,0
117,Guatemala,Petapa,824.5842238321788,155.46342950729655,2026,396.8738649209823,0.0,-2.751195958218086,FINAL,0
201,El Progreso,Guastatoya,499.9250215443532,128.82658094937884,2026,250.65890790339657,0.0,-1.934896601338068,FINAL,0
202,El Progreso,Morazán,537.8735509995524,139.03309410033285,2026,292.1090156064878,2.2222222222222223,-1.767669323504441,FINAL,1-10
203,El Progreso,San Agustín Acasaguastlán,850.9877350833432,209.55483649472436,2026,488.1936653593334,2.2222222222222223,-1.7312607801974704,FINAL,1-10
204,El Progreso,San Cristóbal Acasaguastlán,1206.029603749147,288.26095581054057,2026,624.1209168924428,0.0,-2.018687148318358,FINAL,0
205,El Progreso,El Jícaro,831.8877020564397,201.77447027937455,2026,395.989208843476,0.0,-2.160325300863998,FINAL,0
206,El Progreso,Sansare,505.998147835385,119.29226852926068,2026,250.79025128966364,0.0,-2.139349848000607,FINAL,0
207,El Progreso,Sanarate,574.1882496351507,134.01539834303213,2026,291.7203800590315,0.0,-2.107726970695569,FINAL,0
208,El Progreso,San Antonio La Paz,585.7613569216905,134.50533234946002,2026,276.64915621247565,0.0,-2.298140864081928,FINAL,0
301,Sacatepéquez,Antigua Guatemala,686.4445699312046,131.24946982128176,2026,322.2571909654264,0.0,-2.774772191169081,FINAL,0
302,Sacatepéquez,Jocotenango,691.9122278494875,133.00926007348656,2026,319.8923092588499,0.0,-2.796947508655409,FINAL,0
303,Sacatepéquez,Pastores,723.5100863668026,142.33409664696933,2026,316.84529609481814,0.0,-2.857114351739861,FINAL,0
304,Sacatepéquez,Sumpango,791.7566790943899,163.07981547651625,2026,354.0711321346513,0.0,-2.683873204546065,FINAL,0
305,Sacatepéquez,Santo Domingo Xenacoj,832.2260841706184,180.5512098131162,2026,389.0788473376462,0.0,-2.4544130016722803,FINAL,0
306,Sacatepéquez,Santiago Sacatepéquez,775.5974746731882,162.81505442021967,2026,361.76958743849474,0.0,-2.5417053030404606,FINAL,0
307,Sacatepéquez,San Bartolomé Milpas Altas,719.6066482916153,146.39322856487334,2026,341.8040888034924,0.0,-2.580737942538796,FINAL,0
308,Sacatepéquez,San Lucas Sacatepéquez,725.9762011225885,148.85370529187512,2026,340.5414462558425,0.0,-2.589352775001323,FINAL,0
309,Sacatepéquez,Santa Lucía Milpas Altas,669.6792800983123,132.8006168235905,2026,324.51074494216965,0.0,-2.5991485838853987,FINAL,0
310,Sacatepéquez,Magdalena Milpas Altas,630.1849154482805,123.36504196439412,2026,299.9384107805216,0.0,-2.676986117048259,FINAL,0
311,Sacatepéquez,Santa María De Jesús,726.5518227355706,135.44881171951408,2026,352.24300882925337,0.0,-2.763470636283113,FINAL,0
312,Sacatepéquez,Ciudad Vieja,793.8592450768402,147.458611349329,2026,374.00699353724,0.0,-2.84725488527063,FINAL,0
313,Sacatepéquez,San Miguel Dueñas,995.3007053904802,178.0989055862011,2026,470.9237521344822,0.0,-2.944301940149744,FINAL,0
314,Sacatepéquez,Alotenango,1292.4140039749363,225.18995712839185,2026,679.6412929912086,0.0,-2.7211369405535075,FINAL,0
315,Sacatepéquez,San Antonio Aguas Calientes,746.1007177910299,145.22642163423063,2026,334.6225304007186,0.0,-2.833356236144592,FINAL,0
316,Sacatepéquez,Santa Catarina Barahona,813.601703348977,150.8322437110738,2026,371.81721892210624,0.0,-2.928979066791114,FINAL,0
401,Chimaltenango,Chimaltenango,749.512736867835,154.63552760171504,2026,340.28009547309296,0.0,-2.646433505557511,FINAL,0
402,Chimaltenango,San José Poaquil,709.0320780503096,141.40927988794732,2026,332.68570136958704,0.0,-2.6613980141822324,FINAL,0
403,Chimaltenango,San Martín Jilotepeque,739.4113865795837,151.6626684184607,2026,346.17276368886377,0.0,-2.5928504818714773,FINAL,0
404,Chimaltenango,Comalapa,648.3139105815285,127.81696212756934,2026,302.67929816025975,0.0,-2.704137280905673,FINAL,0
405,Chimaltenango,Santa Apolonia,661.7249161806004,134.54131993168744,2026,315.98459542583936,0.0,-2.5697705428362725,FINAL,0
406,Chimaltenango,Tecpán Guatemala,704.4997923126705,140.01891200488507,2026,333.64315559792163,0.0,-2.6486181859619804,FINAL,0
407,Chimaltenango,Patzún,916.9119148679318,173.08210726476085,2026,429.3250317428252,0.0,-2.817084277690548,FINAL,0
408,Chimaltenango,Pochuta,1769.1927153780148,328.2262983753185,2026,896.8129128256749,0.0,-2.657860771274322,FINAL,0
409,Chimaltenango,Patzicía,887.3120102312872,161.5301684122741,2026,419.6740858943718,0.0,-2.895050063610169,FINAL,0
410,Chimaltenango,Santa Cruz Balanyá,639.4036458665408,122.5060484514632,2026,290.8025381654734,0.0,-2.8455828271955323,FINAL,0
411,Chimaltenango,Acatenango,1690.587958278603,301.3902945300818,2026,874.7175901483682,0.0,-2.707022697603166,FINAL,0
412,Chimaltenango,Yepocapa,2115.314626365632,395.8743354680076,2026,1170.2336206344792,0.0,-2.3873257775447,FINAL,0
413,Chimaltenango,San Andrés Itzapa,850.4597466304372,156.30765321516728,2026,402.530928093858,0.0,-2.865687055770565,FINAL,0
414,Chimaltenango,Parramos,798.4335508041568,147.67331471128813,2026,364.8497853642977,0.0,-2.936100989454637,FINAL,0
415,Chimaltenango,Zaragoza,721.3780456783431,141.0502285495799,2026,334.2033243454258,0.0,-2.7449421763738817,FINAL,0
416,Chimaltenango,El Tejar,768.1955765744727,164.3513856963441,2026,340.673241054795,0.0,-2.6012700392412187,FINAL,0
501,Escuintla,Escuintla,1624.0461351283082,277.59480938491146,2026,925.9664483081466,0.0,-2.5147432992963785,FINAL,0
502,Escuintla,Santa Lucía Cotzumalguapa,1838.199956400591,347.2304426541072,2026,966.5525419918952,0.0,-2.510285122888793,FINAL,0
503,Escuintla,La Democracia,1310.040899393983,256.6638791278997,2026,711.4706918762043,0.0,-2.3321170456537117,FINAL,0
504,Escuintla,Siquinalá,2273.242644334534,415.076240489882,2026,1307.739776931391,0.0,-2.3260856036077504,FINAL,0
505,Escuintla,Masagua,1213.328421226009,241.55757094219356,2026,675.6957643139905,0.0,-2.225691601447166,FINAL,0
506,Escuintla,Tiquisate,1099.3330593701887,216.54027105385555,2026,518.0604294920137,0.0,-2.684362714839344,FINAL,0
507,Escuintla,La Gomera,1192.8089121952646,235.2033963522672,2026,570.4316482921026,0.0,-2.6461236255747744,FINAL,0
508,Escuintla,Guanagazapa,1434.777751302957,270.2549364334725,2026,806.1557114484605,0.0,-2.326033515429391,FINAL,0
509,Escuintla,San José,1039.3040527679698,228.0841406046076,2026,565.4674602157846,0.0,-2.077464006467677,FINAL,0
510,Escuintla,Iztapa,1171.443438924166,254.28708795826137,2026,683.2989286869574,0.0,-1.9196590521235293,FINAL,0
511,Escuintla,Palín,1229.6740875837374,204.72369759478815,2026,645.501282715391,0.0,-2.853469391826861,FINAL,0
512,Escuintla,San Vicente Pacaya,1232.4522222820158,199.66916006312087,2026,653.2834454726983,0.0,-2.900642125334861,FINAL,0
513,Escuintla,Nueva Concepción,1106.7321636729432,217.2521432221644,2026,509.1179558438018,0.0,-2.7507862475631115,FINAL,0
514,Escuintla,Sipacate,962.9158757294643,200.26173540828188,2026,450.9527147695404,0.0,-2.556470210927532,FINAL,0
601,Santa Rosa,Cuilapa,1113.9389927404193,201.6435181509653,2026,657.0373069447812,0.0,-2.265888286344853,FINAL,0
602,Santa Rosa,Barberena,1073.9200180336643,187.26832031187345,2026,594.7814309317347,0.0,-2.558567227516007,FINAL,0
603,Santa Rosa,Santa Rosa De Lima,1098.9141519919351,194.4955596021213,2026,610.8149104311834,0.0,-2.5095649615819218,FINAL,0
604,Santa Rosa,Casillas,879.8319224739535,162.46157554480118,2026,509.4305714523187,0.0,-2.2799320379574377,FINAL,0
605,Santa Rosa,San Rafael Las Flores,874.5888859801289,169.53719373055472,2026,521.7320986846535,0.0,-2.0812942548540136,FINAL,0
606,Santa Rosa,Oratorio,1097.179722228,206.10588344535773,2026,667.0776285697353,0.0,-2.0868016306399726,FINAL,0
607,Santa Rosa,San Juan Tecuaco,1321.7291983875978,262.39251357275003,2026,857.0470050003529,2.2222222222222223,-1.7709430313392256,FINAL,1-10
608,Santa Rosa,Chiquimulilla,1136.347722109886,236.27206974165836,2026,709.8673860153586,0.0,-1.8050391506742385,FINAL,0
609,Santa Rosa,Taxisco,1218.8835967082114,249.6019689567457,2026,711.3702784953928,0.0,-2.033290523845055,FINAL,0
610,Santa Rosa,Santa María Ixhuatán,1257.5784654709946,239.9426739466533,2026,782.8986144883045,0.0,-1.9783052475618668,FINAL,0
611,Santa Rosa,Guazacapán,1183.321136964315,245.8841681088363,2026,716.9086621695823,0.0,-1.8968788368199592,FINAL,0
612,Santa Rosa,Santa Cruz Naranjo,977.6221615972704,174.95455960334098,2026,529.1321058729179,0.0,-2.563465946478757,FINAL,0
613,Santa Rosa,Pueblo Nuevo Viñas,1220.0645940798386,219.6366533207205,2026,692.1255222849111,0.0,-2.40369293473077,FINAL,0
614,Santa Rosa,Nueva Santa Rosa,977.5418471262176,176.83722384095813,2026,565.5499129832474,0.0,-2.32978060384788,FINAL,0
701,Sololá,Sololá,796.1153602579475,172.49984365865305,2026,385.1389290759969,0.0,-2.382474224122782,FINAL,0
702,Sololá,San José Chacayá,876.8463517075679,190.8287806304109,2026,417.7604446411133,0.0,-2.405747736530333,FINAL,0
703,Sololá,Santa María Visitación,1620.236644944432,313.89632724194166,2026,808.1067004487878,0.0,-2.587255326086308,FINAL,0
704,Sololá,Santa Lucía Utatlán,947.1030120330583,198.13819272096447,2026,451.91902636515664,0.0,-2.4991849318281774,FINAL,0
705,Sololá,Nahualá,1268.7054003297897,237.9665454153107,2026,640.7076467430601,0.0,-2.6390169781669,FINAL,0
706,Sololá,Santa Catarina Ixtahuacán,1543.316357577862,292.45920878019774,2026,776.0946751605176,0.0,-2.6233459552096434,FINAL,0
707,Sololá,Santa Clara La Laguna,1465.2036463075349,287.3942095803723,2026,733.434886324318,0.0,-2.5462195673729164,FINAL,0
708,Sololá,Concepción,788.8802352552333,169.24181993202586,2026,392.1391731520407,0.0,-2.344225926325653,FINAL,0
709,Sololá,San Andrés Semetabaj,747.6849343704423,150.72352112651757,2026,357.4007553117545,0.0,-2.589404600832558,FINAL,0
710,Sololá,Panajachel,801.8707087544167,165.17576083893948,2026,378.581897261304,0.0,-2.562656950046415,FINAL,0
711,Sololá,Santa Catarina Palopó,755.7059488544892,152.48686043079613,2026,353.8461151123047,0.0,-2.635373517474724,FINAL,0
712,Sololá,San Antonio Palopó,747.2474848891236,151.7801546256108,2026,359.829905201581,0.0,-2.55249166561444,FINAL,0
713,Sololá,San Lucas Tolimán,998.124988336358,195.54731318396853,2026,480.1958409735826,0.0,-2.6486129567810224,FINAL,0
714,Sololá,Santa Cruz La Laguna,882.1788192461042,183.01869125632157,2026,417.24388608295874,0.0,-2.5403685818733908,FINAL,0
715,Sololá,San Pablo La Laguna,1315.3595202734073,265.1779670282575,2026,657.1620407104492,0.0,-2.4820971626681945,FINAL,0
716,Sololá,San Marcos La Laguna,1244.0411190560706,251.48669019868396,2026,646.9889078338819,0.0,-2.374090695418096,FINAL,0
717,Sololá,San Juan La Laguna,1721.7704541836902,334.7343296776085,2026,853.0428054654196,0.0,-2.59527503365121,FINAL,0
718,Sololá,San Pedro La Laguna,1464.0635446251774,288.5893155384523,2026,747.0318694880498,0.0,-2.484609223315437,FINAL,0
719,Sololá,Santiago Atitlán,1207.08484214742,236.3577700964272,2026,625.5078940874005,0.0,-2.460578925849372,FINAL,0
801,Totonicapán,Totonicapán,721.9187731075076,154.79012670116526,2026,354.6776783122936,0.0,-2.372509814558149,FINAL,0
802,Totonicapán,San Cristóbal Totonicapán,554.1177187684923,115.37663651756306,2026,287.98474959256373,0.0,-2.306645237794021,FINAL,0
803,Totonicapán,San Francisco El Alto,559.1981274305095,115.82724135237407,2026,307.8445582849613,0.0,-2.170073000192336,FINAL,0
804,Totonicapán,San Andrés Xecul,549.2034851718106,110.96966396468513,2026,285.28256516057064,0.0,-2.378315934120787,FINAL,0
805,Totonicapán,Momostenango,558.6655103630383,119.92458481448308,2026,325.59833835826555,0.0,-1.9434478123506969,FINAL,0
806,Totonicapán,Santa María Chiquimula,640.7468482743094,140.72309445307488,2026,328.3313035703484,0.0,-2.2200730158626394,FINAL,0
807,Totonicapán,Santa Lucía La Reforma,587.8163376011979,136.76948524516544,2026,314.7880288786272,0.0,-1.9962662594887688,FINAL,0
808,Totonicapán,San Bartolo Aguas Calientes,512.8707543919937,111.10992944588682,2026,322.91190677274034,0.0,-1.7096478106555533,FINAL,0
901,Quetzaltenango,Quetzaltenango,1145.3146144931693,188.44248271678435,2026,634.9287363098599,0.0,-2.7084438223539173,FINAL,0
902,Quetzaltenango,Salcajá,530.2520694853453,110.998076888416,2026,273.1277627483752,0.0,-2.31647532952712,FINAL,0
903,Quetzaltenango,Olintepeque,736.2352090254996,133.1539170239603,2026,397.07074085414,0.0,-2.54716102801789,FINAL,0
904,Quetzaltenango,San Carlos Sija,545.3221676103338,108.79745441103373,2026,361.7138590227779,2.2222222222222223,-1.687615850770634,FINAL,1-10
905,Quetzaltenango,Sibilia,643.9782227050529,118.29922017181416,2026,414.2546032895919,0.0,-1.9418861686646571,FINAL,0
906,Quetzaltenango,Cabricán,544.6003700254953,109.12562566683222,2026,409.94567495682935,4.444444444444445,-1.2339420209124452,FINAL,1-10
907,Quetzaltenango,Cajolá,708.648964604125,122.25432925685584,2026,417.4783517626513,0.0,-2.3816793614705083,FINAL,0
908,Quetzaltenango,San Miguel Sigüilá,986.492573424658,161.14704633742463,2026,579.7399730234918,0.0,-2.5241083199841583,FINAL,0
909,Quetzaltenango,San Juan Ostuncalco,1458.561688766761,211.6562400828516,2026,918.2159020940564,0.0,-2.5529404966335494,FINAL,0
910,Quetzaltenango,San Mateo,1504.6769481178603,240.70331787142277,2026,874.0767825031561,0.0,-2.6198233210543203,FINAL,0
911,Quetzaltenango,Concepción Chiquirichapa,1525.6055127944646,237.32764234552107,2026,911.4473851410232,0.0,-2.5878069726041417,FINAL,0
912,Quetzaltenango,San Martín Sacatepéquez,1762.2051743455766,261.3859745369572,2026,1065.438487778987,0.0,-2.665662102952942,FINAL,0
913,Quetzaltenango,Almolonga,776.4790522113119,150.50365733191862,2026,407.858850495564,0.0,-2.449244146292061,FINAL,0
914,Quetzaltenango,Cantel,776.9591226558856,156.33656089803773,2026,400.49656124204097,0.0,-2.4080263711274323,FINAL,0
915,Quetzaltenango,Huitán,557.6377836239028,111.25669226851754,2026,385.6514743938964,4.444444444444445,-1.5458513615964615,FINAL,1-10
916,Quetzaltenango,Zunil,1488.092460957035,260.0360140540043,2026,798.5623496136836,0.0,-2.6516715919209166,FINAL,0
917,Quetzaltenango,Colomba,1963.914559392073,316.5981828058234,2026,1241.8327260677709,0.0,-2.280751667381397,FINAL,0
918,Quetzaltenango,San Francisco La Unión,618.0943281105618,117.30717318727554,2026,331.6490290886666,0.0,-2.4418395843926644,FINAL,0
919,Quetzaltenango,El Palmar,2052.436727488432,329.6186510198038,2026,1204.554947582592,0.0,-2.5723112975633726,FINAL,0
920,Quetzaltenango,Coatepeque,1470.066877821681,288.8060767489688,2026,911.2051071699336,0.0,-1.9350762177262344,FINAL,0
921,Quetzaltenango,Génova,1611.7093857309733,310.6797081318067,2026,1034.6696776973708,2.2222222222222223,-1.8573459834357504,FINAL,1-10
922,Quetzaltenango,Flores Costa Cuca,1731.2845424469606,332.9876726916117,2026,1106.5470973318995,2.2222222222222223,-1.8761578771525456,FINAL,1-10
923,Quetzaltenango,La Esperanza,1437.055826931695,235.60654688793105,2026,819.9844665527344,0.0,-2.6190756094416923,FINAL,0
924,Quetzaltenango,Palestina De los Altos,856.8915330168301,134.98177777276476,2026,549.4657997348565,0.0,-2.2775350743972997,FINAL,0
1001,Suchitepéquez,Mazatenango,1751.147077615376,331.47145972061446,2026,886.4949964109018,0.0,-2.6085264834965245,FINAL,0
1002,Suchitepéquez,Cuyotenango,1738.263770336757,328.7747823727994,2026,923.4078482323496,0.0,-2.4784623571902733,FINAL,0
1003,Suchitepéquez,San Francisco Zapotitlán,1861.2299438138969,325.16874872535385,2026,947.475076722164,0.0,-2.810094360769936,FINAL,0
1004,Suchitepéquez,San Bernardino,1723.8960394736398,319.5531279483426,2026,843.3869861762824,0.0,-2.7554386932482045,FINAL,0
1005,Suchitepéquez,San José El Ídolo,1619.3346127686227,327.15710558669144,2026,792.1889645195691,0.0,-2.528282693923862,FINAL,0
1006,Suchitepéquez,Santo Domingo Suchitepéquez,1352.597906341348,273.22131149226936,2026,685.509283283536,0.0,-2.441568775928692,FINAL,0
1007,Suchitepéquez,San Lorenzo,1104.0018040192017,232.6083146418275,2026,585.4233694840017,0.0,-2.22940626750042,FINAL,0
1008,Suchitepéquez,Samayac,1746.6888791660697,313.8681426147742,2026,853.1532075158584,0.0,-2.8468504774213144,FINAL,0
1009,Suchitepéquez,San Pablo Jocopilas,1812.852720916473,337.1960968303216,2026,883.2202658122195,0.0,-2.7569490389802707,FINAL,0
1010,Suchitepéquez,San Antonio Suchitepéquez,1711.2380979792338,332.41965185148695,2026,813.7543084257245,0.0,-2.6998517823924337,FINAL,0
1011,Suchitepéquez,San Miguel Panán,1745.6555993277143,340.7127948350453,2026,833.6988562447452,0.0,-2.6766143124284176,FINAL,0
1012,Suchitepéquez,San Gabriel,1767.1736324052554,331.2003191366025,2026,887.5575719534318,0.0,-2.65584303404318,FINAL,0
1013,Suchitepéquez,Chicacao,2060.3438909403435,398.84357474031793,2026,1000.7289471399248,0.0,-2.6567180992957478,FINAL,0
1014,Suchitepéquez,Patulul,1608.9321072333648,305.24718117958776,2026,793.3077560281979,0.0,-2.6720127211438727,FINAL,0
1015,Suchitepéquez,Santa Bárbara,1633.9436003797866,328.517677969249,2026,795.5759598597785,0.0,-2.5519711624117947,FINAL,0
1016,Suchitepéquez,San Juan Bautista,1564.6664893757536,313.9148725966849,2026,778.4620584706773,0.0,-2.504514757143045,FINAL,0
1017,Suchitepéquez,Santo Tomás La Unión,2121.958095368401,396.6460686889938,2026,1072.6798941228371,0.0,-2.645376531056186,FINAL,0
1018,Suchitepéquez,Zunilito,1993.384852056032,349.9310223871798,2026,1017.0361608752812,0.0,-2.7901175623705448,FINAL,0
1019,Suchitepéquez,Pueblo Nuevo,1985.7581929688863,347.40839170400017,2026,1045.6881989820274,0.0,-2.705950738195812,FINAL,0
1020,Suchitepéquez,Río Bravo,1769.7559169716574,356.22842430425106,2026,847.7368777169004,0.0,-2.588280373907698,FINAL,0
1021,Suchitepéquez,San José La Máquina,1244.585003925121,256.5799450245832,2026,663.5411867630777,0.0,-2.2645722256522154,FINAL,0
1101,Retalhuleu,Retalhuleu,1147.3564532371104,231.7696433934576,2026,690.2486504457095,0.0,-1.9722505333254703,FINAL,0
1102,Retalhuleu,San Sebastián,1771.16158802208,291.58789772176715,2026,973.6947762849323,0.0,-2.734910529442101,FINAL,0
1103,Retalhuleu,Santa Cruz Muluá,1554.0333846647304,285.80517530420144,2026,848.7135823890734,0.0,-2.467834256412391,FINAL,0
1104,Retalhuleu,San Martín Zapotitlán,2174.83527236958,364.0777721460596,2026,1195.7858053433526,0.0,-2.689121780918432,FINAL,0
1105,Retalhuleu,San Felipe,2119.9933910459954,350.6397481871449,2026,1176.9540511635323,0.0,-2.689482138742411,FINAL,0
1106,Retalhuleu,San Andrés Villa Seca,1224.0561879484032,247.24728014941272,2026,683.7446818996585,0.0,-2.185308189122371,FINAL,0
1107,Retalhuleu,Champerico,801.5435589001503,174.86334297399617,2026,470.3479691389704,0.0,-1.8940252664072184,FINAL,0
1108,Retalhuleu,Nuevo San Carlos,1985.6321424329813,314.50555570929794,2026,1181.0497241152773,0.0,-2.558245486325816,FINAL,0
1109,Retalhuleu,El Asintal,1807.4721276052312,311.74488134747486,2026,1085.4987958624,0.0,-2.3159107813485167,FINAL,0
1201,San Marcos,San Marcos,979.7020398915536,169.1414295732993,2026,669.4101814938791,0.0,-1.8345112677624973,FINAL,0
1202,San Marcos,San Pedro Sacatepéquez,955.4579343304346,156.03531522301358,2026,636.0630037093622,0.0,-2.046940015884077,FINAL,0
1203,San Marcos,San Antonio Sacatepéquez,903.2722328967008,144.46166888061038,2026,597.6593854273333,0.0,-2.115528983137663,FINAL,0
1204,San Marcos,Comitancillo,647.69303218483,118.35530710005204,2026,502.68382435064143,6.666666666666667,-1.2252024128635364,FINAL,1-10
1205,San Marcos,San Miguel Ixtahuacán,627.0080649971014,121.86376622002628,2026,527.1643776323192,22.22222222222222,-0.819305774486843,FINAL,11-25
1206,San Marcos,Concepción Tutuapa,650.6753892134221,122.19846927649952,2026,550.0280196614357,22.22222222222222,-0.8236385459481558,FINAL,11-25
1207,San Marcos,Tacaná,985.93943125203,161.68547798418888,2026,728.5995494849527,2.2222222222222223,-1.5916078857264,FINAL,1-10
1208,San Marcos,Sibinal,1906.618333400135,331.083281643202,2026,1333.241660178641,2.2222222222222223,-1.731820073716087,FINAL,1-10
1209,San Marcos,Tajumulco,1798.5691032325765,297.0494111595041,2026,1232.078219535883,0.0,-1.9070594399950185,FINAL,0
1210,San Marcos,Tejutla,702.2801155049535,127.39895539367237,2026,554.9566104562756,8.88888888888889,-1.1563949217121694,FINAL,1-10
1211,San Marcos,San Rafael Pie De La Cuesta,1979.0455401370632,362.165139907718,2026,1253.6928095245148,0.0,-2.00282316182439,FINAL,0
1212,San Marcos,Nuevo Progreso,2225.2021584556437,337.1848153526557,2026,1382.245771613722,0.0,-2.499983239044404,FINAL,0
1213,San Marcos,El Tumbador,2352.4240542313696,371.64538335788393,2026,1430.4197662150398,0.0,-2.4808710919152355,FINAL,0
1214,San Marcos,El Rodeo,2244.519080312404,310.6689740567264,2026,1409.019605419996,0.0,-2.689356017700854,FINAL,0
1215,San Marcos,Malacatán,2082.884575975125,330.54856958908454,2026,1350.643900809809,2.2222222222222223,-2.215228691128772,FINAL,1-10
1216,San Marcos,Catarina,1884.003814918656,334.6401908015692,2026,1192.0650546999775,2.2222222222222223,-2.067709675162645,FINAL,1-10
1217,San Marcos,Ayutla,1242.697315943184,242.777266090156,2026,755.3566894609111,0.0,-2.007356925673995,FINAL,0
1218,San Marcos,Ocós,723.1510412383967,173.500497010978,2026,405.14700020458105,2.2222222222222223,-1.832871066724924,FINAL,1-10
1219,San Marcos,San Pablo,2073.318760119843,313.2209882862844,2026,1360.0633764433578,0.0,-2.277163441629169,FINAL,0
1220,San Marcos,El Quetzal,1987.5068616203944,285.08255908545624,2026,1270.1853182900556,0.0,-2.516188803803023,FINAL,0
1221,San Marcos,La Reforma,2058.6994939099272,304.7642938629192,2026,1290.10091948133,0.0,-2.521944302222974,FINAL,0
1222,San Marcos,Pajapita,1593.8752375600538,291.2402869811861,2026,982.0776198360768,0.0,-2.1006627347661517,FINAL,0
1223,San Marcos,Ixchiguán,1069.425492239335,179.00384059355378,2026,821.0960587106335,4.444444444444445,-1.3872855057482167,FINAL,1-10
1224,San Marcos,San José Ojetenam,832.8239734117802,142.06001112946743,2026,669.8633383032304,11.11111111111111,-1.1471253156529353,FINAL,11-25
1225,San Marcos,San Cristóbal Cucho,1513.1297375524675,229.6468442801039,2026,964.5046386551028,0.0,-2.3889947219487944,FINAL,0
1226,San Marcos,Sipacapa,570.1043087384637,115.92610126788148,2026,450.9410386411168,15.555555555555555,-1.0279244173146562,FINAL,11-25
1227,San Marcos,Esquipulas Palo Gordo,1310.3300155819998,231.357394783401,2026,831.1233774528532,0.0,-2.071282997363384,FINAL,0
1228,San Marcos,Río Blanco,645.5579737647502,121.98273394033974,2026,465.2673576289925,2.2222222222222223,-1.478001109763088,FINAL,1-10
1229,San Marcos,San Lorenzo,764.0278615971891,130.31942346786462,2026,554.4566299416737,0.0,-1.6081350429484789,FINAL,0
1230,San Marcos,La Blanca,864.4343147098331,201.31357652603225,2026,496.6093523772576,2.2222222222222223,-1.8271244725763007,FINAL,1-10
1301,Huehuetenango,Huehuetenango,621.5438183170438,128.27658938570903,2026,408.4400870284224,0.0,-1.6612831094834422,FINAL,0
1302,Huehuetenango,Chiantla,891.2763632962749,188.9937336714716,2026,577.6779316472057,0.0,-1.6593059756901696,FINAL,0
1303,Huehuetenango,Malacatancito,564.4264865242717,115.63487380786717,2026,400.2592441733463,4.444444444444445,-1.4197035629899777,FINAL,1-10
1304,Huehuetenango,Cuilco,579.058996104493,110.30683348187851,2026,435.3501435688401,8.88888888888889,-1.3028100617108342,FINAL,1-10
1305,Huehuetenango,Nentón,1094.3303065320538,271.0000385792641,2026,585.2494956294503,2.2222222222222223,-1.8785267100753704,FINAL,1-10
1306,Huehuetenango,San Pedro Necta,995.255704751958,191.9020084750377,2026,753.6438119895344,8.88888888888889,-1.259037853133529,FINAL,1-10
1307,Huehuetenango,Jacaltenango,1277.01494550119,306.47732505888433,2026,787.7311322714573,0.0,-1.5964763890304947,FINAL,0
1308,Huehuetenango,Soloma,1285.0854996900546,287.392388764776,2026,774.9976527043624,0.0,-1.774882936803129,FINAL,0
1309,Huehuetenango,San Ildefonso Ixtahuacán,789.976350091515,149.32956611397412,2026,640.2283894336556,11.11111111111111,-1.0028018198590756,FINAL,11-25
1310,Huehuetenango,Santa Bárbara,660.6991966077069,128.45057001235688,2026,545.8256785595198,17.77777777777778,-0.8943013490491812,FINAL,11-25
1311,Huehuetenango,La Libertad,707.4762505890111,144.48751157881995,2026,505.84247107124384,4.444444444444445,-1.395510084674503,FINAL,1-10
1312,Huehuetenango,La Democracia,889.440295397167,189.6253889318366,2026,613.42801282094,4.444444444444445,-1.4555660723018653,FINAL,1-10
1313,Huehuetenango,San Miguel Acatán,1458.028281529772,336.31842243189243,2026,894.3435115136283,2.2222222222222223,-1.6760448801471617,FINAL,1-10
1314,Huehuetenango,San Rafael La Independencia,1364.76101435838,306.50863227097386,2026,833.6305610506137,0.0,-1.7328401140696486,FINAL,0
1315,Huehuetenango,Todos Santos Cuchumatán,1035.866215851633,217.5794004557392,2026,730.7722541620981,2.2222222222222223,-1.402218964895061,FINAL,1-10
1316,Huehuetenango,San Juan Atitán,733.9792124248064,145.54776689645374,2026,577.0177784000648,11.11111111111111,-1.0784187031629815,FINAL,11-25
1317,Huehuetenango,Santa Eulalia,1958.2550092560657,411.3092192061813,2026,1140.1615614096895,0.0,-1.988998567611201,FINAL,0
1318,Huehuetenango,San Mateo Ixtatán,1836.3222403111456,414.3271573552501,2026,1009.258407068891,2.2222222222222223,-1.9961612908060435,FINAL,1-10
1319,Huehuetenango,Colotenango,845.5555204647374,163.9158683527941,2026,672.7598006373935,11.11111111111111,-1.0541732265691188,FINAL,11-25
1320,Huehuetenango,San Sebastián Huehuetenango,679.2960922901432,135.5268127430976,2026,504.8521900401821,4.444444444444445,-1.287154170596737,FINAL,1-10
1321,Huehuetenango,Tectitán,633.1913006595129,113.84028723366858,2026,471.5000496296615,2.2222222222222223,-1.4203341800953466,FINAL,1-10
1322,Huehuetenango,Concepción Huista,1650.886025728622,369.9124649364017,2026,1133.4596073994785,4.444444444444445,-1.398780704559668,FINAL,1-10
1323,Huehuetenango,San Juan Ixcoy,1306.834229676001,285.3972477363125,2026,796.7665418373474,0.0,-1.7872200656606234,FINAL,0
1324,Huehuetenango,San Antonio Huista,1379.480397281989,299.75077861767915,2026,896.8969459767228,0.0,-1.60994895002686,FINAL,0
1325,Huehuetenango,San Sebastián Coatán,1416.3117525852888,330.84732354899387,2026,816.0918248076423,2.2222222222222223,-1.814190066097852,FINAL,1-10
1326,Huehuetenango,Barillas,2359.364128113009,509.1835103606533,2026,1478.5863678428373,4.444444444444445,-1.729784532194138,FINAL,1-10
1327,Huehuetenango,Aguacatán,803.2914956243511,171.28723259384532,2026,482.8976924802376,0.0,-1.8705060400142508,FINAL,0
1328,Huehuetenango,San Rafael Pétzal,798.0905810944137,152.62095756772143,2026,651.7661146011818,13.333333333333334,-0.958744256523907,FINAL,11-25
1329,Huehuetenango,San Gaspar Ixchil,791.4849631244277,153.85100321925404,2026,663.509699834335,20.0,-0.8318129918705459,FINAL,11-25
1330,Huehuetenango,Santiago Chimaltenango,910.1469603479449,179.10884249663167,2026,704.4641567843643,13.333333333333334,-1.148367666813818,FINAL,11-25
1331,Huehuetenango,Santa Ana Huista,842.3288602462113,209.34050582685984,2026,500.6713235498344,2.2222222222222223,-1.6320660702852847,FINAL,1-10
1332,Huehuetenango,Unión Cantinil,1375.9756716281888,281.7679836932132,2026,982.477875230915,4.444444444444445,-1.396531256814867,FINAL,1-10
1333,Huehuetenango,Petatán,1663.5208422635565,358.28256173783313,2026,1171.7687874900016,4.444444444444445,-1.3725257863188598,FINAL,1-10
1401,Quiché,Santa Cruz Del Quiché,820.171415553308,174.8936226672269,2026,412.5555000418893,0.0,-2.330650536566427,FINAL,0
1402,Quiché,Chiché,867.3887500485131,175.3471138480973,2026,434.2572446014485,0.0,-2.4701376369518413,FINAL,0
1403,Quiché,Chinique,904.056358055046,187.3339124425657,2026,473.8193559724389,0.0,-2.296631701505261,FINAL,0
1404,Quiché,Zacualpa,863.2094519486576,165.91413211915977,2026,460.46391302334433,0.0,-2.4274335994239533,FINAL,0
1405,Quiché,Chajul,1946.8579672617143,379.6405405242444,2026,1249.578122076386,4.444444444444445,-1.8366843652220524,FINAL,1-10
1406,Quiché,Chichicastenango,800.6836977957643,171.47348210335065,2026,376.3216112375678,0.0,-2.474797160195444,FINAL,0
1407,Quiché,Patzité,786.4217378008573,174.33308098671867,2026,380.6401597577933,0.0,-2.3276223637324343,FINAL,0
1408,Quiché,San Antonio Ilotenango,679.9835129173761,146.6798644492502,2026,356.8306457504505,0.0,-2.2031167562111653,FINAL,0
1409,Quiché,San Pedro Jocopilas,680.594217481342,148.58928532011743,2026,360.2893533151519,0.0,-2.1556390386839293,FINAL,0
1410,Quiché,Cunén,1144.9588699796086,240.8065744162574,2026,681.0287710464396,2.2222222222222223,-1.9265674122801195,FINAL,1-10
1411,Quiché,San Juan Cotzal,1317.6585990630545,273.4693459206109,2026,802.1573698093695,2.2222222222222223,-1.8850420968328083,FINAL,1-10
1412,Quiché,Joyabaj,763.871436675013,147.26967914685483,2026,380.4708322875286,0.0,-2.603391319982193,FINAL,0
1413,Quiché,Nebaj,1558.0613824661011,319.1160314421374,2026,966.0115295475752,2.2222222222222223,-1.8552808213456284,FINAL,1-10
1414,Quiché,San Andrés Sajcabajá,1120.7685812384198,225.881473331266,2026,630.538713507427,0.0,-2.1702969283011853,FINAL,0
1415,Quiché,Uspantán,1736.623192633712,319.36561943009195,2026,1139.124112257338,2.2222222222222223,-1.8708935590581453,FINAL,1-10
1416,Quiché,Sacapulas,689.3977154822514,149.54593899636225,2026,370.9133035082243,0.0,-2.129676098939566,FINAL,0
1417,Quiché,San Bartolomé Jocotenango,751.3584663155121,155.93768250796947,2026,398.6353768602759,0.0,-2.261949028498674,FINAL,0
1418,Quiché,Canillá,1047.9020069017663,205.75669744987584,2026,604.6771153116734,0.0,-2.1541213339996705,FINAL,0
1419,Quiché,Chicamán,1199.7535060507382,217.83134144973704,2026,759.7032077680781,2.2222222222222223,-2.0201422593919918,FINAL,1-10
1420,Quiché,Ixcán,1982.9818046337205,404.4784901346387,2026,1447.9893037502263,6.666666666666667,-1.322672314924364,FINAL,1-10
1421,Quiché,Pachalum,723.1904726663884,146.01164386019076,2026,364.3801394395276,0.0,-2.457409037668456,FINAL,0
1501,Baja Verapaz,Salamá,737.0828079383101,174.56128538592358,2026,450.7713206246601,4.444444444444445,-1.640177469366514,FINAL,1-10
1502,Baja Verapaz,San Miguel Chicaj,676.1855551676214,155.39242768672088,2026,449.63546316716287,6.666666666666667,-1.4579223413459703,FINAL,1-10
1503,Baja Verapaz,Rabinal,610.5828072059969,129.6217888424621,2026,400.9843892965546,2.2222222222222223,-1.6169998869879896,FINAL,1-10
1504,Baja Verapaz,Cubulco,746.6781819037498,144.42014781052524,2026,449.14581836412617,0.0,-2.0601859785518077,FINAL,0
1505,Baja Verapaz,Granados,671.5372184931995,142.413719090397,2026,350.23041846305864,0.0,-2.2561506158419444,FINAL,0
1506,Baja Verapaz,El Chol,573.2604236953914,124.70022709498384,2026,327.50759872556483,0.0,-1.9707488165409457,FINAL,0
1507,Baja Verapaz,San Jerónimo,652.67686732031,163.3270425691117,2026,375.97737096282543,2.2222222222222223,-1.6941437988776376,FINAL,1-10
1508,Baja Verapaz,Purulhá,1363.498860191597,298.4793987224034,2026,885.7192657108791,4.444444444444445,-1.600712131308835,FINAL,1-10
1601,Alta Verapaz,Cobán,1553.7122917285308,300.50123724106487,2026,1139.150564624629,6.666666666666667,-1.3795674550628774,FINAL,1-10
1602,Alta Verapaz,Santa Cruz Verapaz,1017.5683610328468,211.22252708299484,2026,617.7046774094159,2.2222222222222223,-1.8930920349528528,FINAL,1-10
1603,Alta Verapaz,San Cristóbal Verapaz,909.8980238578338,174.7231911713619,2026,559.6464925059444,2.2222222222222223,-2.004608140475044,FINAL,1-10
1604,Alta Verapaz,Tactic,1053.1189715268413,217.23433375520173,2026,644.9304911375222,2.2222222222222223,-1.8790237865866124,FINAL,1-10
1605,Alta Verapaz,Tamahú,1231.3018015405569,250.7826709464337,2026,730.6405039073428,2.2222222222222223,-1.996395108736016,FINAL,1-10
1606,Alta Verapaz,Tucurú,1616.9184348434617,329.7523448253469,2026,1033.0021220865085,2.2222222222222223,-1.770772283867228,FINAL,1-10
1607,Alta Verapaz,Panzós,1532.8891794439207,279.67610295255383,2026,1017.629908751948,2.2222222222222223,-1.8423428575139464,FINAL,1-10
1608,Alta Verapaz,Senahú,1835.985203777119,348.0061913597451,2026,1283.444668424216,6.666666666666667,-1.58773191130305,FINAL,1-10
1609,Alta Verapaz,San Pedro Carchá,1588.7189294749076,296.76549226011576,2026,1185.979981599034,8.88888888888889,-1.3570949398755294,FINAL,1-10
1610,Alta Verapaz,San Juan Chamelco,1162.6363032215245,229.56630688764037,2026,705.4490949847712,2.2222222222222223,-1.99152573578892,FINAL,1-10
1611,Alta Verapaz,Lanquín,1693.8883275379517,319.5980298298211,2026,1269.271421394115,8.88888888888889,-1.3285967575267474,FINAL,1-10
1612,Alta Verapaz,Cahabón,1449.866450917251,262.495707447714,2026,1068.8745548783002,4.444444444444445,-1.4514214336813107,FINAL,1-10
1613,Alta Verapaz,Chisec,1950.6273463157247,389.20982122138855,2026,1599.7607451806307,26.666666666666668,-0.901484448758336,FINAL,26-50
1614,Alta Verapaz,Chahal,1581.8659460042195,272.9365136904132,2026,1248.9474170099952,8.88888888888889,-1.2197654483556848,FINAL,1-10
1615,Alta Verapaz,Fray Bartolomé De Las Casas,1306.8423101067767,243.0194306871018,2026,1104.971533046766,24.444444444444443,-0.8306775161527232,FINAL,11-25
1616,Alta Verapaz,Santa Catalina La Tinta,1463.0759920961766,302.5543822008545,2026,951.8540782206594,2.2222222222222223,-1.6896860331579535,FINAL,1-10
1617,Alta Verapaz,Raxruhá,1750.984072689626,349.33955656770536,2026,1510.5497338673042,33.33333333333333,-0.6882539761159948,FINAL,26-50
1701,Petén,Flores,665.0379308412522,150.85208944118935,2026,437.5282167342068,2.2222222222222223,-1.5081641556959773,FINAL,1-10
1702,Petén,San José,688.5870364206187,151.9613147461473,2026,518.1251189972412,13.333333333333334,-1.121745476525625,FINAL,11-25
1703,Petén,San Benito,905.294886934832,183.27453263731115,2026,751.2377436721945,22.22222222222222,-0.8405812910597178,FINAL,11-25
1704,Petén,San Andrés,789.4483967513903,173.46235633155368,2026,635.4240329413736,22.22222222222222,-0.8879411479665162,FINAL,11-25
1705,Petén,La Libertad,1030.7725615507966,218.0788875370228,2026,892.9590479123934,28.88888888888889,-0.6319433999084704,FINAL,26-50
1706,Petén,San Francisco,965.674005497682,185.89970271469133,2026,744.1953835260408,15.555555555555555,-1.1913877146514558,FINAL,11-25
1707,Petén,Santa Ana,781.6277845590836,163.5678827914945,2026,555.3124326665591,6.666666666666667,-1.383617297174509,FINAL,1-10
1708,Petén,Dolores,896.7817009660795,174.08437496061973,2026,653.621195086634,6.666666666666667,-1.3967968459802995,FINAL,1-10
1709,Petén,San Luis,1259.1143412479544,233.53651863093089,2026,1081.022884946702,31.11111111111111,-0.7625850438521742,FINAL,26-50
1710,Petén,Sayaxché,1193.4223172269135,241.9844664272813,2026,924.6849913783436,13.333333333333334,-1.1105561022832344,FINAL,11-25
1711,Petén,Melchor De Mencos,630.6097621075538,143.0652304309987,2026,397.4417604812261,2.2222222222222223,-1.6298020205460484,FINAL,1-10
1712,Petén,Poptún,983.202514507906,184.497946473166,2026,789.3533965858281,13.333333333333334,-1.0506844202207533,FINAL,11-25
1713,Petén,Las Cruces,1095.94075175201,234.39303694558225,2026,874.7663035438181,17.77777777777778,-0.9436050280774374,FINAL,11-25
1714,Petén,El Chal,947.8876539753746,181.1037496662572,2026,703.3142435593115,11.11111111111111,-1.3504602244115294,FINAL,11-25
1801,Izabal,Puerto Barrios,1145.199280220312,228.702909938302,2026,1077.1364821756451,35.55555555555556,-0.2976035506632966,FINAL,26-50
1802,Izabal,Livingston,1671.6612861785595,250.51176402965345,2026,1621.094905140444,46.66666666666666,-0.2018523211234504,FINAL,26-50
1803,Izabal,El Estor,1464.6517962082726,233.09537852113172,2026,1120.88979527865,6.666666666666667,-1.474769697754682,FINAL,1-10
1804,Izabal,Morales,870.1686351759024,157.6859387489477,2026,785.6657364153336,26.666666666666668,-0.5358936848205984,FINAL,26-50
1805,Izabal,Los Amates,1031.3838760251824,195.18899505996208,2026,786.897146356507,8.88888888888889,-1.252564108922068,FINAL,1-10
1901,Zacapa,Zacapa,662.144907771426,155.59196709103114,2026,311.8926965924995,0.0,-2.251094434547555,FINAL,0
1902,Zacapa,Estanzuela,526.3289604192655,130.8599930107165,2026,242.1936870797009,0.0,-2.1712921329309256,FINAL,0
1903,Zacapa,Río Hondo,733.0356745219029,159.04798778744575,2026,374.3052466891352,2.2222222222222223,-2.2554854847467847,FINAL,1-10
1904,Zacapa,Gualán,958.802550745991,198.06439072139463,2026,619.5297459834705,2.2222222222222223,-1.712941955526752,FINAL,1-10
1905,Zacapa,Teculután,969.1621383841864,221.40891730395057,2026,510.77335164667534,2.2222222222222223,-2.0703266712073485,FINAL,1-10
1906,Zacapa,Usumatlán,1005.4934446693854,239.9885826753192,2026,486.1098574666835,0.0,-2.164201235795357,FINAL,0
1907,Zacapa,Cabañas,885.045191116118,214.3262086790548,2026,387.94706052660376,0.0,-2.3193529790558625,FINAL,0
1908,Zacapa,San Diego,822.5685530813441,194.1117905611285,2026,355.05426468120794,0.0,-2.408479603679249,FINAL,0
1909,Zacapa,La Unión,892.0191140925615,199.82655088988824,2026,469.967604295715,2.2222222222222223,-2.1120892489878003,FINAL,1-10
1910,Zacapa,Huité,639.1525254872814,159.9139864194263,2026,282.3197492107083,0.0,-2.2314044210033224,FINAL,0
1911,Zacapa,San Jorge,551.7870889948197,137.95445207811346,2026,245.15489353290647,0.0,-2.2227060514748005,FINAL,0
2001,Chiquimula,Chiquimula,605.3332446218732,143.1549492925597,2026,244.89069176772335,0.0,-2.517849048428836,FINAL,0
2002,Chiquimula,San José La Arada,618.226868876913,139.19787226693143,2026,255.6553693785634,0.0,-2.6047201267780014,FINAL,0
2003,Chiquimula,San Juan Ermita,797.6959741772505,185.25282409997573,2026,331.2889650747935,0.0,-2.5176782668141686,FINAL,0
2004,Chiquimula,Jocotán,764.8060180908973,170.4545949105898,2026,336.128863164823,0.0,-2.5149052458863457,FINAL,0
2005,Chiquimula,Camotán,846.339488604652,188.23661778860887,2026,398.0213956351036,0.0,-2.381673120970613,FINAL,0
2006,Chiquimula,Olopa,914.3991210783402,194.42264519807955,2026,410.7333417153176,0.0,-2.5905715810515964,FINAL,0
2007,Chiquimula,Esquipulas,1004.3636911115124,194.21787378994628,2026,509.1229021396841,0.0,-2.549923852566985,FINAL,0
2008,Chiquimula,Concepción Las Minas,988.4437197313028,172.86779170666156,2026,529.0920663805923,0.0,-2.657242559852803,FINAL,0
2009,Chiquimula,Quezaltepeque,886.1384305243088,180.2694197080044,2026,390.3551281946055,0.0,-2.7502351931501186,FINAL,0
2010,Chiquimula,San Jacinto,715.6017666246838,151.7217424488989,2026,293.1822998145703,0.0,-2.784172261614961,FINAL,0
2011,Chiquimula,Ipala,617.8121034388889,129.79034965885648,2026,278.59664216635264,0.0,-2.6135645844559083,FINAL,0
2101,Jalapa,Jalapa,793.4383897951086,167.26644580337955,2026,428.9001533796928,0.0,-2.179386515116892,FINAL,0
2102,Jalapa,San Pedro Pinula,760.9742585157265,177.17944437925806,2026,347.863922815772,0.0,-2.331592906543262,FINAL,0
2103,Jalapa,San Luis Jilotepeque,609.0976144365395,133.3674210549345,2026,268.74454656867204,0.0,-2.5519955711498303,FINAL,0
2104,Jalapa,San Manuel Chaparrón,686.0155401913403,141.22811189948516,2026,340.7425101132955,0.0,-2.4447896770282,FINAL,0
2105,Jalapa,San Carlos Alzatate,991.6977951193584,190.00990963035903,2026,601.96179880853,0.0,-2.0511351069479047,FINAL,0
2106,Jalapa,Monjas,717.8190514103777,144.22761123679678,2026,382.1338749096285,0.0,-2.327468184643316,FINAL,0
2107,Jalapa,Mataquescuintla,927.9820263941452,181.87031910664012,2026,525.6260295300139,0.0,-2.2123235877109164,FINAL,0
2201,Jutiapa,Jutiapa,846.1911803521257,154.2340843592022,2026,513.0654793880857,2.2222222222222223,-2.159870837552416,FINAL,1-10
2202,Jutiapa,El Progreso,784.4818125784279,148.43674599349708,2026,470.555370053667,2.2222222222222223,-2.1148836187672413,FINAL,1-10
2203,Jutiapa,Santa Catarina Mita,720.3914680775822,138.85851879017798,2026,406.6467496072989,2.2222222222222223,-2.259456036286596,FINAL,1-10
2204,Jutiapa,Agua Blanca,646.1143884578172,124.23271475481177,2026,338.29990514669373,2.2222222222222223,-2.477724840181046,FINAL,1-10
2205,Jutiapa,Asunción Mita,828.2578853843715,137.04358512582877,2026,526.5526818649676,2.2222222222222223,-2.2015273698684146,FINAL,1-10
2206,Jutiapa,Yupiltepeque,974.9132260102332,194.5655198343248,2026,606.7802622394812,2.2222222222222223,-1.892077096107379,FINAL,1-10
2207,Jutiapa,Atescatempa,987.20448875801,168.99465373614626,2026,649.2401534054491,2.2222222222222223,-1.9998522313033016,FINAL,1-10
2208,Jutiapa,Jerez,1103.442492567377,181.97122414511912,2026,724.2627041624858,2.2222222222222223,-2.08373488822882,FINAL,1-10
2209,Jutiapa,El Adelanto,929.3442217187096,187.01579972366176,2026,573.4405331152726,2.2222222222222223,-1.903067490176377,FINAL,1-10
2210,Jutiapa,Zapotitlán,1013.6535803693208,182.0261909854062,2026,649.1473131468057,2.2222222222222223,-2.0024935161761377,FINAL,1-10
2211,Jutiapa,Comapa,971.6863393752463,172.44817186352384,2026,604.752113017416,2.2222222222222223,-2.1277942374954457,FINAL,1-10
2212,Jutiapa,Jalpatagua,974.1767878167824,174.09709034417662,2026,592.512206401429,2.2222222222222223,-2.192251350443776,FINAL,1-10
2213,Jutiapa,Conguaco,1057.2860638812178,196.5643055042153,2026,655.1005215924154,2.2222222222222223,-2.0460761747008926,FINAL,1-10
2214,Jutiapa,Moyuta,1047.356488048507,208.57601055190463,2026,663.1141239628269,2.2222222222222223,-1.8422174394310815,FINAL,1-10
2215,Jutiapa,Pasaco,1091.9948910997716,225.2805060991107,2026,704.0235780125855,2.2222222222222223,-1.7221699285267968,FINAL,1-10
2216,Jutiapa,San José Acatempa,914.6867338150578,166.73541926756351,2026,519.995589725986,0.0,-2.367170369816286,FINAL,0
2217,Jutiapa,Quesada,810.1318499611182,151.46639654813117,2026,458.19186356228033,0.0,-2.3235515891275766,FINAL,0
