municipality_id,department,municipality,year,rain_may_aug_mm,reference_start,reference_end,reference_n,historical_mean_mm,historical_sd_mm,rainfall_z_score_common,focal_data_status
101,Guatemala,Guatemala,2015,560.1430032031847,1981,2025,45,805.9353880763103,168.58441163415105,-1.4579781279334738,FINAL
102,Guatemala,Santa Catarina Pinula,2015,722.6155934268032,1981,2025,45,979.7887848916724,188.28410955681804,-1.3658783636611813,FINAL
103,Guatemala,San José Pinula,2015,856.805358831504,1981,2025,45,1157.1574856924851,214.54544181718063,-1.3999464370672505,FINAL
104,Guatemala,San José Del Golfo,2015,336.16631795193257,1981,2025,45,564.2120971368274,127.61438389904865,-1.7869911856119136,FINAL
105,Guatemala,Palencia,2015,518.8578817440826,1981,2025,45,813.5525578322723,175.5907257759969,-1.6783043340462926,FINAL
106,Guatemala,Chinautla,2015,514.3566933733922,1981,2025,45,781.2513278676729,175.818569432629,-1.5180116375395185,FINAL
107,Guatemala,San Pedro Ayampuc,2015,435.2565456910141,1981,2025,45,679.3514012654831,147.4031573174629,-1.6559676198031548,FINAL
108,Guatemala,Mixco,2015,556.5026496687739,1981,2025,45,782.2114395617658,168.7531626939166,-1.33750850229919,FINAL
109,Guatemala,San Pedro Sacatepéquez,2015,564.5842227483873,1981,2025,45,794.3541452704935,178.34897148315923,-1.2883164988916262,FINAL
110,Guatemala,San Juan Sacatepéquez,2015,541.3000011378946,1981,2025,45,783.2933334662749,168.60131643179946,-1.4352991865651803,FINAL
111,Guatemala,San Raymundo,2015,501.629279252631,1981,2025,45,755.7512996836648,166.0762972765092,-1.5301522529005607,FINAL
112,Guatemala,Chuarrancho,2015,385.40646054621106,1981,2025,45,632.3679121520246,139.41749551678137,-1.771380634047377,FINAL
113,Guatemala,Fraijanes,2015,775.679730883418,1981,2025,45,984.886868442841,175.93129984548875,-1.1891410894090972,FINAL
114,Guatemala,Amatitlán,2015,589.9172431839966,1981,2025,45,770.7506099946462,141.7059418775292,-1.2761170379639881,FINAL
115,Guatemala,Villa Nueva,2015,567.5639752146405,1981,2025,45,749.2480761473272,147.86884669335356,-1.2286841007792415,FINAL
116,Guatemala,Villa Canales,2015,738.3167862361064,1981,2025,45,958.5304515810557,165.2652985348972,-1.332485810978941,FINAL
117,Guatemala,Petapa,2015,629.2511968970549,1981,2025,45,824.5842238321788,155.46342950729655,-1.2564564383674306,FINAL
201,El Progreso,Guastatoya,2015,255.0012366539197,1981,2025,45,499.92502154435317,128.82658094937884,-1.9011898249995,FINAL
202,El Progreso,Morazán,2015,264.74158390845076,1981,2025,45,537.8735509995524,139.03309410033285,-1.964510456006947,FINAL
203,El Progreso,San Agustín Acasaguastlán,2015,449.03125982454816,1981,2025,45,850.9877350833432,209.55483649472433,-1.9181445867937033,FINAL
204,El Progreso,San Cristóbal Acasaguastlán,2015,640.560918983903,1981,2025,45,1206.029603749147,288.26095581054057,-1.9616554839181837,FINAL
205,El Progreso,El Jícaro,2015,441.0793525178318,1981,2025,45,831.8877020564397,201.77447027937458,-1.9368572693933936,FINAL
206,El Progreso,Sansare,2015,271.26989149628923,1981,2025,45,505.998147835385,119.29226852926067,-1.96767367435485,FINAL
207,El Progreso,Sanarate,2015,299.16941322795986,1981,2025,45,574.1882496351507,134.01539834303213,-2.0521435581845573,FINAL
208,El Progreso,San Antonio La Paz,2015,329.2859187354839,1981,2025,45,585.7613569216905,134.50533234946002,-1.9068049846518689,FINAL
301,Sacatepéquez,Antigua Guatemala,2015,542.4406483345621,1981,2025,45,686.4445699312046,131.24946982128176,-1.0971771679743016,FINAL
302,Sacatepéquez,Jocotenango,2015,531.6596537635406,1981,2025,45,691.9122278494875,133.00926007348656,-1.2048226867618737,FINAL
303,Sacatepéquez,Pastores,2015,545.2958810046972,1981,2025,45,723.5100863668026,142.33409664696933,-1.2520837210505462,FINAL
304,Sacatepéquez,Sumpango,2015,575.1359839928052,1981,2025,45,791.7566790943899,163.07981547651625,-1.328310891624589,FINAL
305,Sacatepéquez,Santo Domingo Xenacoj,2015,601.9541325107539,1981,2025,45,832.2260841706184,180.5512098131162,-1.2753830445014072,FINAL
306,Sacatepéquez,Santiago Sacatepéquez,2015,566.2081961709275,1981,2025,45,775.5974746731882,162.81505442021967,-1.2860560053730332,FINAL
307,Sacatepéquez,San Bartolomé Milpas Altas,2015,534.246596165131,1981,2025,45,719.6066482916153,146.39322856487334,-1.266179139182951,FINAL
308,Sacatepéquez,San Lucas Sacatepéquez,2015,532.7040194142899,1981,2025,45,725.9762011225885,148.85370529187512,-1.2984035656306097,FINAL
309,Sacatepéquez,Santa Lucía Milpas Altas,2015,507.0772469090165,1981,2025,45,669.6792800983123,132.8006168235905,-1.224407213449113,FINAL
310,Sacatepéquez,Magdalena Milpas Altas,2015,494.76421833467623,1981,2025,45,630.1849154482805,123.36504196439411,-1.0977234308621218,FINAL
311,Sacatepéquez,Santa María De Jesús,2015,578.9877353646792,1981,2025,45,726.5518227355706,135.44881171951408,-1.0894454185132716,FINAL
312,Sacatepéquez,Ciudad Vieja,2015,644.412867596229,1981,2025,45,793.8592450768402,147.458611349329,-1.0134801630986012,FINAL
313,Sacatepéquez,San Miguel Dueñas,2015,791.3681634528239,1981,2025,45,995.3007053904802,178.0989055862011,-1.1450521903344968,FINAL
314,Sacatepéquez,Alotenango,2015,1060.437617652961,1981,2025,45,1292.4140039749363,225.18995712839185,-1.0301364646990636,FINAL
315,Sacatepéquez,San Antonio Aguas Calientes,2015,586.8753098976283,1981,2025,45,746.1007177910299,145.22642163423063,-1.0963942105137656,FINAL
316,Sacatepéquez,Santa Catarina Barahona,2015,647.2026712698494,1981,2025,45,813.601703348977,150.8322437110738,-1.1032059723110184,FINAL
401,Chimaltenango,Chimaltenango,2015,549.1445209519978,1981,2025,45,749.512736867835,154.63552760171504,-1.2957450271836166,FINAL
402,Chimaltenango,San José Poaquil,2015,509.9079730114167,1981,2025,45,709.0320780503096,141.40927988794732,-1.4081402945880126,FINAL
403,Chimaltenango,San Martín Jilotepeque,2015,515.9878791497588,1981,2025,45,739.4113865795837,151.6626684184607,-1.473160862588577,FINAL
404,Chimaltenango,Comalapa,2015,477.77402209734396,1981,2025,45,648.3139105815285,127.81696212756934,-1.3342508352997393,FINAL
405,Chimaltenango,Santa Apolonia,2015,479.096773046493,1981,2025,45,661.7249161806004,134.54131993168744,-1.357413047730138,FINAL
406,Chimaltenango,Tecpán Guatemala,2015,500.8414770228038,1981,2025,45,704.4997923126705,140.01891200488507,-1.4545057690689762,FINAL
407,Chimaltenango,Patzún,2015,677.5959032101191,1981,2025,45,916.9119148679318,173.08210726476085,-1.382673318691082,FINAL
408,Chimaltenango,Pochuta,2015,1294.8144324828706,1981,2025,45,1769.1927153780148,328.22629837531855,-1.4452781061214799,FINAL
409,Chimaltenango,Patzicía,2015,694.0209928987405,1981,2025,45,887.3120102312872,161.53016841227407,-1.1966248734367029,FINAL
410,Chimaltenango,Santa Cruz Balanyá,2015,489.9611139171352,1981,2025,45,639.4036458665408,122.50604845146319,-1.21987880466665,FINAL
411,Chimaltenango,Acatenango,2015,1318.927151340957,1981,2025,45,1690.587958278603,301.3902945300818,-1.233154529800397,FINAL
412,Chimaltenango,Yepocapa,2015,1635.2090492914097,1981,2025,45,2115.3146263656317,395.8743354680076,-1.2127726757195192,FINAL
413,Chimaltenango,San Andrés Itzapa,2015,670.3126087363288,1981,2025,45,850.4597466304372,156.30765321516728,-1.152516426346217,FINAL
414,Chimaltenango,Parramos,2015,631.1706547441181,1981,2025,45,798.4335508041568,147.67331471128813,-1.1326548495714988,FINAL
415,Chimaltenango,Zaragoza,2015,544.743005182267,1981,2025,45,721.3780456783431,141.0502285495799,-1.2522846812260782,FINAL
416,Chimaltenango,El Tejar,2015,551.3589894301539,1981,2025,45,768.1955765744727,164.3513856963441,-1.319347483598018,FINAL
501,Escuintla,Escuintla,2015,1292.2218966394296,1981,2025,45,1624.0461351283082,277.59480938491146,-1.195354622170809,FINAL
502,Escuintla,Santa Lucía Cotzumalguapa,2015,1299.1096520448816,1981,2025,45,1838.199956400591,347.2304426541072,-1.5525433203237968,FINAL
503,Escuintla,La Democracia,2015,961.5171113027894,1981,2025,45,1310.040899393983,256.6638791278997,-1.357899636191186,FINAL
504,Escuintla,Siquinalá,2015,1734.90968535213,1981,2025,45,2273.242644334534,415.076240489882,-1.2969495877361026,FINAL
505,Escuintla,Masagua,2015,894.8550252979348,1981,2025,45,1213.3284212260087,241.55757094219354,-1.318416122027849,FINAL
506,Escuintla,Tiquisate,2015,679.8157645553117,1981,2025,45,1099.3330593701887,216.54027105385555,-1.937363857416338,FINAL
507,Escuintla,La Gomera,2015,801.470453701641,1981,2025,45,1192.8089121952646,235.2033963522672,-1.6638299640346645,FINAL
508,Escuintla,Guanagazapa,2015,1084.260503510303,1981,2025,45,1434.777751302957,270.2549364334725,-1.2969874016674605,FINAL
509,Escuintla,San José,2015,695.4064113865899,1981,2025,45,1039.3040527679698,228.08414060460757,-1.507766565749696,FINAL
510,Escuintla,Iztapa,2015,777.2199974092945,1981,2025,45,1171.443438924166,254.28708795826137,-1.5503085299383321,FINAL
511,Escuintla,Palín,2015,982.0416455843224,1981,2025,45,1229.6740875837374,204.72369759478818,-1.2095934418376744,FINAL
512,Escuintla,San Vicente Pacaya,2015,963.6598706074734,1981,2025,45,1232.4522222820158,199.66916006312087,-1.3461886231682938,FINAL
513,Escuintla,Nueva Concepción,2015,693.570067093062,1981,2025,45,1106.7321636729432,217.25214322216442,-1.9017630411009439,FINAL
514,Escuintla,Sipacate,2015,602.009625160934,1981,2025,45,962.9158757294643,200.26173540828188,-1.8021727906868272,FINAL
601,Santa Rosa,Cuilapa,2015,816.3004974202478,1981,2025,45,1113.9389927404193,201.64351815096526,-1.476062796609893,FINAL
602,Santa Rosa,Barberena,2015,843.5849568576331,1981,2025,45,1073.9200180336643,187.26832031187345,-1.2299734455482654,FINAL
603,Santa Rosa,Santa Rosa De Lima,2015,864.9705629784619,1981,2025,45,1098.9141519919353,194.4955596021213,-1.2028222623285119,FINAL
604,Santa Rosa,Casillas,2015,631.5147560323459,1981,2025,45,879.8319224739535,162.46157554480118,-1.5284670581883557,FINAL
605,Santa Rosa,San Rafael Las Flores,2015,629.0788082382984,1981,2025,45,874.5888859801289,169.53719373055472,-1.4481192730606325,FINAL
606,Santa Rosa,Oratorio,2015,681.8341421904771,1981,2025,45,1097.179722228,206.10588344535773,-2.0152048699164777,FINAL
607,Santa Rosa,San Juan Tecuaco,2015,854.1667152283965,1981,2025,45,1321.7291983875978,262.39251357275003,-1.7819200585902637,FINAL
608,Santa Rosa,Chiquimulilla,2015,733.8870608036128,1981,2025,45,1136.347722109886,236.27206974165833,-1.7033780664228606,FINAL
609,Santa Rosa,Taxisco,2015,834.5367661656044,1981,2025,45,1218.8835967082114,249.6019689567457,-1.5398389369645222,FINAL
610,Santa Rosa,Santa María Ixhuatán,2015,846.39629119311,1981,2025,45,1257.5784654709946,239.94267394665326,-1.7136683838461486,FINAL
611,Santa Rosa,Guazacapán,2015,788.8066134993821,1981,2025,45,1183.321136964315,245.8841681088363,-1.6044730594053862,FINAL
612,Santa Rosa,Santa Cruz Naranjo,2015,764.8736300153475,1981,2025,45,977.6221615972705,174.95455960334098,-1.216021646216417,FINAL
613,Santa Rosa,Pueblo Nuevo Viñas,2015,931.3435192581919,1981,2025,45,1220.0645940798386,219.63665332072054,-1.3145395837007532,FINAL
614,Santa Rosa,Nueva Santa Rosa,2015,738.9388582317688,1981,2025,45,977.5418471262175,176.83722384095813,-1.3492803365259836,FINAL
701,Sololá,Sololá,2015,535.6100138376323,1981,2025,45,796.1153602579475,172.49984365865305,-1.510177289991112,FINAL
702,Sololá,San José Chacayá,2015,606.8363634271925,1981,2025,45,876.8463517075679,190.8287806304109,-1.4149332579099758,FINAL
703,Sololá,Santa María Visitación,2015,1138.1816286570993,1981,2025,45,1620.2366449444319,313.89632724194166,-1.5357141019231466,FINAL
704,Sololá,Santa Lucía Utatlán,2015,642.7375696313721,1981,2025,45,947.1030120330585,198.13819272096447,-1.5361270748558828,FINAL
705,Sololá,Nahualá,2015,883.029777704903,1981,2025,45,1268.7054003297897,237.9665454153107,-1.6207136257400674,FINAL
706,Sololá,Santa Catarina Ixtahuacán,2015,1074.3649927839808,1981,2025,45,1543.316357577862,292.45920878019774,-1.6034761454419744,FINAL
707,Sololá,Santa Clara La Laguna,2015,1026.2423378614426,1981,2025,45,1465.2036463075349,287.3942095803723,-1.5273839688246498,FINAL
708,Sololá,Concepción,2015,543.454168171477,1981,2025,45,788.8802352552333,169.24181993202586,-1.4501502476298647,FINAL
709,Sololá,San Andrés Semetabaj,2015,516.3149660278102,1981,2025,45,747.6849343704423,150.72352112651757,-1.5350621231069819,FINAL
710,Sololá,Panajachel,2015,552.3144729676487,1981,2025,45,801.8707087544167,165.17576083893948,-1.5108526488345144,FINAL
711,Sololá,Santa Catarina Palopó,2015,520.044878842953,1981,2025,45,755.7059488544892,152.48686043079613,-1.5454516497077948,FINAL
712,Sololá,San Antonio Palopó,2015,527.01170817023,1981,2025,45,747.2474848891236,151.7801546256108,-1.4510182656101462,FINAL
713,Sololá,San Lucas Tolimán,2015,711.9611192176296,1981,2025,45,998.124988336358,195.54731318396853,-1.463399647171367,FINAL
714,Sololá,Santa Cruz La Laguna,2015,601.3483618337327,1981,2025,45,882.1788192461042,183.01869125632155,-1.5344359392181564,FINAL
715,Sololá,San Pablo La Laguna,2015,900.8233103752136,1981,2025,45,1315.3595202734073,265.1779670282575,-1.5632377551714938,FINAL
716,Sololá,San Marcos La Laguna,2015,851.2201998883712,1981,2025,45,1244.0411190560706,251.48669019868393,-1.5619948668351238,FINAL
717,Sololá,San Juan La Laguna,2015,1202.5950094394602,1981,2025,45,1721.7704541836902,334.7343296776085,-1.551007466859648,FINAL
718,Sololá,San Pedro La Laguna,2015,1034.9595115063325,1981,2025,45,1464.0635446251774,288.5893155384523,-1.48690200923835,FINAL
719,Sololá,Santiago Atitlán,2015,853.2058499693368,1981,2025,45,1207.08484214742,236.35777009642717,-1.4972175106987629,FINAL
801,Totonicapán,Totonicapán,2015,486.7125943423869,1981,2025,45,721.9187731075076,154.79012670116526,-1.5195166757580414,FINAL
802,Totonicapán,San Cristóbal Totonicapán,2015,396.68496507587105,1981,2025,45,554.1177187684923,115.37663651756306,-1.3645115548905453,FINAL
803,Totonicapán,San Francisco El Alto,2015,406.61879193677396,1981,2025,45,559.1981274305095,115.82724135237407,-1.3173009536638525,FINAL
804,Totonicapán,San Andrés Xecul,2015,397.78623957607476,1981,2025,45,549.2034851718106,110.96966396468513,-1.3644922421673973,FINAL
805,Totonicapán,Momostenango,2015,394.1418625289378,1981,2025,45,558.6655103630383,119.92458481448307,-1.3718925780615356,FINAL
806,Totonicapán,Santa María Chiquimula,2015,426.65642433602585,1981,2025,45,640.7468482743094,140.72309445307488,-1.5213595520362404,FINAL
807,Totonicapán,Santa Lucía La Reforma,2015,366.03674637866845,1981,2025,45,587.8163376011979,136.76948524516544,-1.6215575486372533,FINAL
808,Totonicapán,San Bartolo Aguas Calientes,2015,372.9991002769577,1981,2025,45,512.8707543919937,111.10992944588682,-1.2588582749767372,FINAL
901,Quetzaltenango,Quetzaltenango,2015,851.9803794970205,1981,2025,45,1145.3146144931693,188.44248271678433,-1.5566247629894014,FINAL
902,Quetzaltenango,Salcajá,2015,385.7589373327074,1981,2025,45,530.2520694853453,110.99807688841601,-1.3017624827671,FINAL
903,Quetzaltenango,Olintepeque,2015,549.0379269166309,1981,2025,45,736.2352090254996,133.1539170239603,-1.4058713877353195,FINAL
904,Quetzaltenango,San Carlos Sija,2015,420.9216120960462,1981,2025,45,545.3221676103338,108.79745441103371,-1.1434142111846282,FINAL
905,Quetzaltenango,Sibilia,2015,519.2944885868937,1981,2025,45,643.9782227050529,118.29922017181417,-1.053969197236231,FINAL
906,Quetzaltenango,Cabricán,2015,437.9617187651031,1981,2025,45,544.6003700254953,109.12562566683222,-0.9772099871937235,FINAL
907,Quetzaltenango,Cajolá,2015,556.529635161129,1981,2025,45,708.648964604125,122.25432925685584,-1.2442858291209786,FINAL
908,Quetzaltenango,San Miguel Sigüilá,2015,778.0007978403833,1981,2025,45,986.492573424658,161.14704633742463,-1.2937983060993579,FINAL
909,Quetzaltenango,San Juan Ostuncalco,2015,1186.432975436117,1981,2025,45,1458.5616887667613,211.65624008285158,-1.2857107979623996,FINAL
910,Quetzaltenango,San Mateo,2015,1149.5189101745402,1981,2025,45,1504.6769481178605,240.70331787142274,-1.4755012148733082,FINAL
911,Quetzaltenango,Concepción Chiquirichapa,2015,1202.4063136249083,1981,2025,45,1525.6055127944646,237.32764234552107,-1.3618270336121083,FINAL
912,Quetzaltenango,San Martín Sacatepéquez,2015,1390.8396248457243,1981,2025,45,1762.2051743455766,261.3859745369572,-1.4207554562088607,FINAL
913,Quetzaltenango,Almolonga,2015,565.3662107945883,1981,2025,45,776.4790522113119,150.50365733191862,-1.4027090448117046,FINAL
914,Quetzaltenango,Cantel,2015,556.5153935664558,1981,2025,45,776.9591226558856,156.33656089803773,-1.41005870810477,FINAL
915,Quetzaltenango,Huitán,2015,452.45445737519,1981,2025,45,557.6377836239028,111.25669226851754,-0.945411229689027,FINAL
916,Quetzaltenango,Zunil,2015,1072.8510793999985,1981,2025,45,1488.092460957035,260.0360140540043,-1.5968610466041027,FINAL
917,Quetzaltenango,Colomba,2015,1634.83503991204,1981,2025,45,1963.914559392073,316.5981828058234,-1.0394232732594826,FINAL
918,Quetzaltenango,San Francisco La Unión,2015,456.6925921986256,1981,2025,45,618.0943281105618,117.30717318727554,-1.375889739106284,FINAL
919,Quetzaltenango,El Palmar,2015,1554.5056123176646,1981,2025,45,2052.436727488432,329.6186510198038,-1.5106278532183282,FINAL
920,Quetzaltenango,Coatepeque,2015,1306.7511755392702,1981,2025,45,1470.066877821681,288.8060767489688,-0.565485685484261,FINAL
921,Quetzaltenango,Génova,2015,1382.085433975827,1981,2025,45,1611.7093857309733,310.6797081318067,-0.7391018651843448,FINAL
922,Quetzaltenango,Flores Costa Cuca,2015,1529.3580572909714,1981,2025,45,1731.2845424469606,332.98767269161175,-0.606408289903868,FINAL
923,Quetzaltenango,La Esperanza,2015,1111.8955570459366,1981,2025,45,1437.055826931695,235.60654688793105,-1.3800986185686286,FINAL
924,Quetzaltenango,Palestina De los Altos,2015,688.7688051001203,1981,2025,45,856.8915330168301,134.98177777276476,-1.2455216599661043,FINAL
1001,Suchitepéquez,Mazatenango,2015,1243.263957591482,1981,2025,45,1751.147077615376,331.47145972061446,-1.532207691280482,FINAL
1002,Suchitepéquez,Cuyotenango,2015,1258.9130197082661,1981,2025,45,1738.263770336757,328.7747823727994,-1.4579912339047727,FINAL
1003,Suchitepéquez,San Francisco Zapotitlán,2015,1341.5241816749144,1981,2025,45,1861.2299438138969,325.16874872535385,-1.598264790746972,FINAL
1004,Suchitepéquez,San Bernardino,2015,1188.9565153497947,1981,2025,45,1723.8960394736398,319.5531279483426,-1.674023745467204,FINAL
1005,Suchitepéquez,San José El Ídolo,2015,1082.668029696562,1981,2025,45,1619.3346127686227,327.15710558669144,-1.6403940917305024,FINAL
1006,Suchitepéquez,Santo Domingo Suchitepéquez,2015,883.9583954361473,1981,2025,45,1352.5979063413479,273.22131149226936,-1.7152377621848158,FINAL
1007,Suchitepéquez,San Lorenzo,2015,699.9191435686027,1981,2025,45,1104.0018040192015,232.6083146418275,-1.7371806380731019,FINAL
1008,Suchitepéquez,Samayac,2015,1211.9129450006976,1981,2025,45,1746.6888791660695,313.8681426147742,-1.7038235537708861,FINAL
1009,Suchitepéquez,San Pablo Jocopilas,2015,1262.8157386410408,1981,2025,45,1812.852720916473,337.1960968303216,-1.6312080342739343,FINAL
1010,Suchitepéquez,San Antonio Suchitepéquez,2015,1176.557237483835,1981,2025,45,1711.2380979792338,332.41965185148695,-1.6084514183122807,FINAL
1011,Suchitepéquez,San Miguel Panán,2015,1200.1265442993201,1981,2025,45,1745.6555993277145,340.7127948350453,-1.601140501026708,FINAL
1012,Suchitepéquez,San Gabriel,2015,1268.542101403511,1981,2025,45,1767.1736324052554,331.2003191366025,-1.5055285342164342,FINAL
1013,Suchitepéquez,Chicacao,2015,1419.138669224522,1981,2025,45,2060.3438909403435,398.84357474031793,-1.6076609034840346,FINAL
1014,Suchitepéquez,Patulul,2015,1100.4855160891943,1981,2025,45,1608.9321072333648,305.24718117958776,-1.6656880799991183,FINAL
1015,Suchitepéquez,Santa Bárbara,2015,1138.994420603718,1981,2025,45,1633.9436003797866,328.517677969249,-1.5066135339675646,FINAL
1016,Suchitepéquez,San Juan Bautista,2015,1100.2639284972013,1981,2025,45,1564.6664893757536,313.9148725966849,-1.4793901194838024,FINAL
1017,Suchitepéquez,Santo Tomás La Unión,2015,1472.111895468767,1981,2025,45,2121.9580953684012,396.6460686889938,-1.6383528066911768,FINAL
1018,Suchitepéquez,Zunilito,2015,1416.6009612096968,1981,2025,45,1993.3848520560318,349.9310223871798,-1.6482788148121226,FINAL
1019,Suchitepéquez,Pueblo Nuevo,2015,1427.7672651892158,1981,2025,45,1985.7581929688865,347.40839170400017,-1.606152704149679,FINAL
1020,Suchitepéquez,Río Bravo,2015,1178.9718593127823,1981,2025,45,1769.7559169716574,356.22842430425106,-1.6584416552742363,FINAL
1021,Suchitepéquez,San José La Máquina,2015,815.0965259294777,1981,2025,45,1244.585003925121,256.5799450245832,-1.6738973030588717,FINAL
1101,Retalhuleu,Retalhuleu,2015,889.2043947941675,1981,2025,45,1147.3564532371104,231.7696433934576,-1.1138303302503594,FINAL
1102,Retalhuleu,San Sebastián,2015,1377.4173712042793,1981,2025,45,1771.16158802208,291.58789772176715,-1.3503448527672124,FINAL
1103,Retalhuleu,Santa Cruz Muluá,2015,1164.1413628802627,1981,2025,45,1554.0333846647304,285.80517530420144,-1.3641881095031947,FINAL
1104,Retalhuleu,San Martín Zapotitlán,2015,1630.0807543220128,1981,2025,45,2174.8352723695793,364.0777721460596,-1.496258656046224,FINAL
1105,Retalhuleu,San Felipe,2015,1602.828903004761,1981,2025,45,2119.9933910459954,350.6397481871449,-1.474916893235992,FINAL
1106,Retalhuleu,San Andrés Villa Seca,2015,834.3121698593866,1981,2025,45,1224.0561879484032,247.24728014941272,-1.576332883635737,FINAL
1107,Retalhuleu,Champerico,2015,582.9200256779184,1981,2025,45,801.5435589001503,174.86334297399617,-1.250253652389245,FINAL
1108,Retalhuleu,Nuevo San Carlos,2015,1579.0467994814235,1981,2025,45,1985.6321424329813,314.50555570929794,-1.292776345507138,FINAL
1109,Retalhuleu,El Asintal,2015,1477.2010651157457,1981,2025,45,1807.4721276052312,311.74488134747486,-1.0594273787653987,FINAL
1201,San Marcos,San Marcos,2015,816.0591015249149,1981,2025,45,979.7020398915536,169.1414295732993,-0.9674917539686644,FINAL
1202,San Marcos,San Pedro Sacatepéquez,2015,783.5366803696138,1981,2025,45,955.4579343304346,156.03531522301358,-1.1018098929405962,FINAL
1203,San Marcos,San Antonio Sacatepéquez,2015,732.9824547800262,1981,2025,45,903.2722328967008,144.46166888061038,-1.178788667168242,FINAL
1204,San Marcos,Comitancillo,2015,533.3598138251958,1981,2025,45,647.69303218483,118.35530710005204,-0.9660168281510372,FINAL
1205,San Marcos,San Miguel Ixtahuacán,2015,510.22887614550183,1981,2025,45,627.0080649971014,121.86376622002629,-0.9582765449801836,FINAL
1206,San Marcos,Concepción Tutuapa,2015,532.2758133737298,1981,2025,45,650.6753892134221,122.19846927649952,-0.9689121029150426,FINAL
1207,San Marcos,Tacaná,2015,804.6047608082639,1981,2025,45,985.93943125203,161.68547798418888,-1.1215272559079095,FINAL
1208,San Marcos,Sibinal,2015,1582.2218138453745,1981,2025,45,1906.618333400135,331.083281643202,-0.979803383441005,FINAL
1209,San Marcos,Tajumulco,2015,1501.7574833122233,1981,2025,45,1798.5691032325765,297.0494111595041,-0.9991994892761353,FINAL
1210,San Marcos,Tejutla,2015,593.9221583260239,1981,2025,45,702.2801155049535,127.39895539367237,-0.8505403897865204,FINAL
1211,San Marcos,San Rafael Pie De La Cuesta,2015,1612.3978883726359,1981,2025,45,1979.0455401370632,362.165139907718,-1.0123769832122758,FINAL
1212,San Marcos,Nuevo Progreso,2015,1906.7626073190627,1981,2025,45,2225.2021584556433,337.1848153526557,-0.9444065587696475,FINAL
1213,San Marcos,El Tumbador,2015,1976.5219575000258,1981,2025,45,2352.4240542313696,371.64538335788393,-1.0114536963569942,FINAL
1214,San Marcos,El Rodeo,2015,1891.7944817981984,1981,2025,45,2244.5190803124037,310.6689740567264,-1.135371176298409,FINAL
1215,San Marcos,Malacatán,2015,1781.055749676443,1981,2025,45,2082.884575975125,330.54856958908454,-0.9131149067560477,FINAL
1216,San Marcos,Catarina,2015,1674.0895320810655,1981,2025,45,1884.003814918656,334.6401908015692,-0.6272835379838246,FINAL
1217,San Marcos,Ayutla,2015,1097.959132843396,1981,2025,45,1242.697315943184,242.77726609015602,-0.5961768390868986,FINAL
1218,San Marcos,Ocós,2015,601.8043666677055,1981,2025,45,723.1510412383967,173.500497010978,-0.6994024608644964,FINAL
1219,San Marcos,San Pablo,2015,1726.5437672593646,1981,2025,45,2073.318760119843,313.2209882862844,-1.1071256583339986,FINAL
1220,San Marcos,El Quetzal,2015,1685.4850995573636,1981,2025,45,1987.5068616203944,285.08255908545624,-1.0594185874853776,FINAL
1221,San Marcos,La Reforma,2015,1730.1566543435001,1981,2025,45,2058.6994939099272,304.7642938629192,-1.0780227414508188,FINAL
1222,San Marcos,Pajapita,2015,1450.2652908090972,1981,2025,45,1593.8752375600538,291.2402869811861,-0.49309780676130743,FINAL
1223,San Marcos,Ixchiguán,2015,939.4416782280915,1981,2025,45,1069.425492239335,179.00384059355378,-0.7261509785501462,FINAL
1224,San Marcos,San José Ojetenam,2015,714.6764124175698,1981,2025,45,832.8239734117802,142.06001112946743,-0.8316736008596799,FINAL
1225,San Marcos,San Cristóbal Cucho,2015,1237.3225183476982,1981,2025,45,1513.1297375524675,229.6468442801039,-1.2010059187591662,FINAL
1226,San Marcos,Sipacapa,2015,446.31277383907434,1981,2025,45,570.1043087384637,115.92610126788149,-1.0678486858911305,FINAL
1227,San Marcos,Esquipulas Palo Gordo,2015,1078.7595812379905,1981,2025,45,1310.3300155819998,231.357394783401,-1.0009208245139851,FINAL
1228,San Marcos,Río Blanco,2015,531.0645182685812,1981,2025,45,645.5579737647502,121.98273394033974,-0.9386037826645721,FINAL
1229,San Marcos,San Lorenzo,2015,637.1768618570762,1981,2025,45,764.0278615971891,130.31942346786462,-0.9733852127683255,FINAL
1230,San Marcos,La Blanca,2015,710.5314575724905,1981,2025,45,864.4343147098331,201.31357652603222,-0.7644931841814512,FINAL
1301,Huehuetenango,Huehuetenango,2015,440.6187377046198,1981,2025,45,621.5438183170438,128.27658938570903,-1.4104294593334459,FINAL
1302,Huehuetenango,Chiantla,2015,605.6652776574463,1981,2025,45,891.2763632962749,188.99373367147157,-1.511219870047688,FINAL
1303,Huehuetenango,Malacatancito,2015,418.5662369518404,1981,2025,45,564.4264865242717,115.63487380786717,-1.2613863341502414,FINAL
1304,Huehuetenango,Cuilco,2015,430.82220385373984,1981,2025,45,579.058996104493,110.30683348187851,-1.3438586492930724,FINAL
1305,Huehuetenango,Nentón,2015,579.6792564561173,1981,2025,45,1094.3303065320538,271.0000385792641,-1.8990810952427504,FINAL
1306,Huehuetenango,San Pedro Necta,2015,735.9994402308974,1981,2025,45,995.2557047519581,191.90200847503772,-1.3509825487563059,FINAL
1307,Huehuetenango,Jacaltenango,2015,794.5891050373291,1981,2025,45,1277.0149455011901,306.47732505888433,-1.5740996185318807,FINAL
1308,Huehuetenango,Soloma,2015,777.723085359216,1981,2025,45,1285.0854996900546,287.392388764776,-1.7653996214426642,FINAL
1309,Huehuetenango,San Ildefonso Ixtahuacán,2015,612.2129711697471,1981,2025,45,789.976350091515,149.32956611397412,-1.1904097999326668,FINAL
1310,Huehuetenango,Santa Bárbara,2015,519.850945108522,1981,2025,45,660.6991966077069,128.45057001235688,-1.0965171387377681,FINAL
1311,Huehuetenango,La Libertad,2015,499.3824814941609,1981,2025,45,707.4762505890111,144.48751157881995,-1.4402197589328136,FINAL
1312,Huehuetenango,La Democracia,2015,606.2274593108317,1981,2025,45,889.440295397167,189.6253889318366,-1.4935385903843286,FINAL
1313,Huehuetenango,San Miguel Acatán,2015,884.4498297785124,1981,2025,45,1458.028281529772,336.31842243189243,-1.7054624828570444,FINAL
1314,Huehuetenango,San Rafael La Independencia,2015,839.8047889163363,1981,2025,45,1364.76101435838,306.50863227097386,-1.7126963816730216,FINAL
1315,Huehuetenango,Todos Santos Cuchumatán,2015,738.6735505694554,1981,2025,45,1035.8662158516327,217.5794004557392,-1.3659044222921888,FINAL
1316,Huehuetenango,San Juan Atitán,2015,562.2928487671622,1981,2025,45,733.9792124248064,145.54776689645374,-1.179587755405317,FINAL
1317,Huehuetenango,Santa Eulalia,2015,1141.2840000054587,1981,2025,45,1958.2550092560657,411.30921920618124,-1.9862696266019642,FINAL
1318,Huehuetenango,San Mateo Ixtatán,2015,980.938344055047,1981,2025,45,1836.3222403111456,414.32715735525005,-2.0645132260125547,FINAL
1319,Huehuetenango,Colotenango,2015,641.8076366972666,1981,2025,45,845.5555204647374,163.9158683527941,-1.2430028026874536,FINAL
1320,Huehuetenango,San Sebastián Huehuetenango,2015,510.43866148142257,1981,2025,45,679.2960922901432,135.5268127430976,-1.245933755771295,FINAL
1321,Huehuetenango,Tectitán,2015,495.3073512920815,1981,2025,45,633.1913006595129,113.84028723366858,-1.2112052131809083,FINAL
1322,Huehuetenango,Concepción Huista,2015,1138.3083385695509,1981,2025,45,1650.886025728622,369.91246493640165,-1.385672924666644,FINAL
1323,Huehuetenango,San Juan Ixcoy,2015,805.1368336360675,1981,2025,45,1306.834229676001,285.3972477363125,-1.7578915004235343,FINAL
1324,Huehuetenango,San Antonio Huista,2015,952.4513829970956,1981,2025,45,1379.480397281989,299.75077861767915,-1.4246135281254864,FINAL
1325,Huehuetenango,San Sebastián Coatán,2015,798.4827606631909,1981,2025,45,1416.3117525852888,330.84732354899387,-1.867414205726848,FINAL
1326,Huehuetenango,Barillas,2015,1301.8752668508707,1981,2025,45,2359.364128113009,509.1835103606533,-2.0768324970168845,FINAL
1327,Huehuetenango,Aguacatán,2015,519.9192198438371,1981,2025,45,803.2914956243511,171.28723259384532,-1.6543689304178535,FINAL
1328,Huehuetenango,San Rafael Pétzal,2015,604.6790650568628,1981,2025,45,798.0905810944137,152.62095756772143,-1.26726708520178,FINAL
1329,Huehuetenango,San Gaspar Ixchil,2015,620.4825264697996,1981,2025,45,791.4849631244277,153.85100321925404,-1.1114808033518733,FINAL
1330,Huehuetenango,Santiago Chimaltenango,2015,689.3746518025108,1981,2025,45,910.1469603479447,179.10884249663167,-1.2326153497953949,FINAL
1331,Huehuetenango,Santa Ana Huista,2015,499.1758709767385,1981,2025,45,842.3288602462113,209.34050582685984,-1.6392097072378617,FINAL
1332,Huehuetenango,Unión Cantinil,2015,1014.8854655963178,1981,2025,45,1375.9756716281888,281.7679836932132,-1.2815160945504132,FINAL
1333,Huehuetenango,Petatán,2015,1216.654105644464,1981,2025,45,1663.5208422635565,358.28256173783313,-1.2472466827623034,FINAL
1401,Quiché,Santa Cruz Del Quiché,2015,529.1457376460411,1981,2025,45,820.171415553308,174.8936226672269,-1.6640153795716521,FINAL
1402,Quiché,Chiché,2015,585.1834627000076,1981,2025,45,867.3887500485131,175.3471138480973,-1.609409366115824,FINAL
1403,Quiché,Chinique,2015,592.9641807776335,1981,2025,45,904.0563580550461,187.33391244256566,-1.660629264724238,FINAL
1404,Quiché,Zacualpa,2015,574.2440836608536,1981,2025,45,863.2094519486576,165.91413211915975,-1.7416561482554647,FINAL
1405,Quiché,Chajul,2015,1153.2974962066191,1981,2025,45,1946.8579672617145,379.6405405242444,-2.090294334633678,FINAL
1406,Quiché,Chichicastenango,2015,535.5908274160333,1981,2025,45,800.6836977957643,171.47348210335065,-1.5459700656218898,FINAL
1407,Quiché,Patzité,2015,506.15095170809263,1981,2025,45,786.4217378008573,174.33308098671867,-1.6076741402517671,FINAL
1408,Quiché,San Antonio Ilotenango,2015,433.10060836960133,1981,2025,45,679.9835129173761,146.6798644492502,-1.6831410737579036,FINAL
1409,Quiché,San Pedro Jocopilas,2015,422.9701137984742,1981,2025,45,680.594217481342,148.58928532011745,-1.7338000053492963,FINAL
1410,Quiché,Cunén,2015,660.3054267220365,1981,2025,45,1144.9588699796086,240.8065744162574,-2.0126254627076827,FINAL
1411,Quiché,San Juan Cotzal,2015,764.2290233892599,1981,2025,45,1317.6585990630545,273.4693459206109,-2.023735325108274,FINAL
1412,Quiché,Joyabaj,2015,520.4822364910649,1981,2025,45,763.871436675013,147.26967914685483,-1.6526769230022191,FINAL
1413,Quiché,Nebaj,2015,937.9408350992653,1981,2025,45,1558.0613824661013,319.1160314421374,-1.9432447331599423,FINAL
1414,Quiché,San Andrés Sajcabajá,2015,675.2149360391049,1981,2025,45,1120.7685812384198,225.88147333126602,-1.9725107979346717,FINAL
1415,Quiché,Uspantán,2015,1073.68402515968,1981,2025,45,1736.623192633712,319.36561943009195,-2.07580004590678,FINAL
1416,Quiché,Sacapulas,2015,407.9572205558229,1981,2025,45,689.3977154822514,149.54593899636225,-1.8819668177901818,FINAL
1417,Quiché,San Bartolomé Jocotenango,2015,466.7436696447304,1981,2025,45,751.3584663155121,155.93768250796947,-1.825182932651548,FINAL
1418,Quiché,Canillá,2015,665.8004168906742,1981,2025,45,1047.9020069017665,205.75669744987582,-1.8570554190790105,FINAL
1419,Quiché,Chicamán,2015,723.411493115136,1981,2025,45,1199.7535060507382,217.83134144973704,-2.1867469105473725,FINAL
1420,Quiché,Ixcán,2015,1222.8908085392268,1981,2025,45,1982.9818046337205,404.4784901346387,-1.8791876815043544,FINAL
1421,Quiché,Pachalum,2015,471.2302607733846,1981,2025,45,723.1904726663884,146.01164386019076,-1.7256172537462902,FINAL
1501,Baja Verapaz,Salamá,2015,397.89402600815225,1981,2025,45,737.0828079383101,174.56128538592358,-1.9430928294339294,FINAL
1502,Baja Verapaz,San Miguel Chicaj,2015,386.2304776886439,1981,2025,45,676.1855551676214,155.39242768672088,-1.8659537134173734,FINAL
1503,Baja Verapaz,Rabinal,2015,354.63171390662006,1981,2025,45,610.5828072059969,129.6217888424621,-1.9745992983513834,FINAL
1504,Baja Verapaz,Cubulco,2015,456.7653403224518,1981,2025,45,746.6781819037498,144.42014781052524,-2.0074265673904077,FINAL
1505,Baja Verapaz,Granados,2015,411.87391538613787,1981,2025,45,671.5372184931995,142.413719090397,-1.8233025916712458,FINAL
1506,Baja Verapaz,El Chol,2015,342.3463144812622,1981,2025,45,573.2604236953914,124.70022709498384,-1.8517537184454567,FINAL
1507,Baja Verapaz,San Jerónimo,2015,325.4527446340128,1981,2025,45,652.67686732031,163.3270425691117,-2.003490160227646,FINAL
1508,Baja Verapaz,Purulhá,2015,765.0915990723228,1981,2025,45,1363.498860191597,298.4793987224034,-2.004852809542861,FINAL
1601,Alta Verapaz,Cobán,2015,1005.5347972731349,1981,2025,45,1553.7122917285308,300.50123724106487,-1.8242104408230533,FINAL
1602,Alta Verapaz,Santa Cruz Verapaz,2015,590.552258045718,1981,2025,45,1017.5683610328467,211.22252708299484,-2.0216409153146007,FINAL
1603,Alta Verapaz,San Cristóbal Verapaz,2015,518.3417172951528,1981,2025,45,909.8980238578338,174.7231911713619,-2.24100935850386,FINAL
1604,Alta Verapaz,Tactic,2015,605.4839823613318,1981,2025,45,1053.1189715268413,217.23433375520173,-2.0606088431211935,FINAL
1605,Alta Verapaz,Tamahú,2015,713.1555355849342,1981,2025,45,1231.3018015405569,250.7826709464337,-2.0661167057523557,FINAL
1606,Alta Verapaz,Tucurú,2015,918.360753076993,1981,2025,45,1616.9184348434617,329.7523448253469,-2.1184312794999514,FINAL
1607,Alta Verapaz,Panzós,2015,986.2464121823411,1981,2025,45,1532.8891794439207,279.67610295255383,-1.9545565798816777,FINAL
1608,Alta Verapaz,Senahú,2015,1229.6036768154233,1981,2025,45,1835.985203777119,348.0061913597451,-1.7424446518966088,FINAL
1609,Alta Verapaz,San Pedro Carchá,2015,970.29427378451,1981,2025,45,1588.7189294749076,296.76549226011576,-2.083883307929706,FINAL
1610,Alta Verapaz,San Juan Chamelco,2015,677.4867092521811,1981,2025,45,1162.6363032215243,229.56630688764034,-2.113331004653032,FINAL
1611,Alta Verapaz,Lanquín,2015,1049.835835968394,1981,2025,45,1693.8883275379517,319.5980298298211,-2.015195437570443,FINAL
1612,Alta Verapaz,Cahabón,2015,1004.0136595236687,1981,2025,45,1449.866450917251,262.495707447714,-1.698514599452606,FINAL
1613,Alta Verapaz,Chisec,2015,1360.008852210438,1981,2025,45,1950.6273463157247,389.20982122138855,-1.5174809624583803,FINAL
1614,Alta Verapaz,Chahal,2015,1187.2711231723606,1981,2025,45,1581.8659460042195,272.93651369041316,-1.4457384887660742,FINAL
1615,Alta Verapaz,Fray Bartolomé De Las Casas,2015,968.2002170644462,1981,2025,45,1306.8423101067767,243.0194306871018,-1.3934774354662494,FINAL
1616,Alta Verapaz,Santa Catalina La Tinta,2015,853.9715750539303,1981,2025,45,1463.0759920961766,302.5543822008545,-2.0132063948684924,FINAL
1617,Alta Verapaz,Raxruhá,2015,1211.342737308082,1981,2025,45,1750.984072689626,349.33955656770536,-1.5447472959649111,FINAL
1701,Petén,Flores,2015,454.4759369610043,1981,2025,45,665.0379308412522,150.85208944118935,-1.395817549894374,FINAL
1702,Petén,San José,2015,484.46859978402694,1981,2025,45,688.5870364206187,151.9613147461473,-1.3432263137336853,FINAL
1703,Petén,San Benito,2015,704.9946466184493,1981,2025,45,905.2948869348319,183.27453263731115,-1.0928972914789215,FINAL
1704,Petén,San Andrés,2015,526.5081301990084,1981,2025,45,789.4483967513903,173.46235633155368,-1.515834744281931,FINAL
1705,Petén,La Libertad,2015,704.0409941724765,1981,2025,45,1030.7725615507966,218.0788875370228,-1.4982264953220266,FINAL
1706,Petén,San Francisco,2015,723.3740564911512,1981,2025,45,965.674005497682,185.89970271469133,-1.3033907288082078,FINAL
1707,Petén,Santa Ana,2015,529.8955218641581,1981,2025,45,781.6277845590836,163.5678827914945,-1.5390078932293638,FINAL
1708,Petén,Dolores,2015,597.0839571562545,1981,2025,45,896.7817009660795,174.08437496061973,-1.7215660157760895,FINAL
1709,Petén,San Luis,2015,991.4569653292152,1981,2025,45,1259.1143412479544,233.53651863093086,-1.146105018126656,FINAL
1710,Petén,Sayaxché,2015,839.4605171963209,1981,2025,45,1193.4223172269135,241.98446642728132,-1.4627459574433532,FINAL
1711,Petén,Melchor De Mencos,2015,411.4461979024153,1981,2025,45,630.6097621075538,143.0652304309987,-1.5319135442265446,FINAL
1712,Petén,Poptún,2015,723.1491787704906,1981,2025,45,983.2025145079061,184.497946473166,-1.4095188629930824,FINAL
1713,Petén,Las Cruces,2015,727.7803155561533,1981,2025,45,1095.94075175201,234.39303694558225,-1.570696983977944,FINAL
1714,Petén,El Chal,2015,676.3702065218612,1981,2025,45,947.8876539753746,181.1037496662572,-1.4992370282441585,FINAL
1801,Izabal,Puerto Barrios,2015,623.0322856002032,1981,2025,45,1145.199280220312,228.70290993830196,-2.283167252926409,FINAL
1802,Izabal,Livingston,2015,1312.9531496796262,1981,2025,45,1671.6612861785597,250.51176402965342,-1.4319013635482314,FINAL
1803,Izabal,El Estor,2015,1034.6601806140545,1981,2025,45,1464.6517962082726,233.09537852113175,-1.8447024489386703,FINAL
1804,Izabal,Morales,2015,461.13901663292165,1981,2025,45,870.1686351759024,157.6859387489477,-2.593951127083044,FINAL
1805,Izabal,Los Amates,2015,567.0543460108456,1981,2025,45,1031.3838760251824,195.18899505996208,-2.3788714618449402,FINAL
1901,Zacapa,Zacapa,2015,323.92810421672147,1981,2025,45,662.144907771426,155.59196709103114,-2.173742063154368,FINAL
1902,Zacapa,Estanzuela,2015,247.45669780911078,1981,2025,45,526.3289604192655,130.8599930107165,-2.1310734946112757,FINAL
1903,Zacapa,Río Hondo,2015,371.24840440782486,1981,2025,45,733.0356745219029,159.04798778744575,-2.2747051072257283,FINAL
1904,Zacapa,Gualán,2015,524.552506405862,1981,2025,45,958.802550745991,198.06439072139466,-2.192469038773166,FINAL
1905,Zacapa,Teculután,2015,498.75692427511007,1981,2025,45,969.1621383841864,221.40891730395057,-2.124599224986513,FINAL
1906,Zacapa,Usumatlán,2015,510.5652214601139,1981,2025,45,1005.4934446693854,239.98858267531918,-2.062299038112411,FINAL
1907,Zacapa,Cabañas,2015,455.35726590089797,1981,2025,45,885.045191116118,214.32620867905482,-2.004831456980891,FINAL
1908,Zacapa,San Diego,2015,432.7393800261934,1981,2025,45,822.5685530813441,194.11179056112846,-2.008271480718675,FINAL
1909,Zacapa,La Unión,2015,461.0348288255968,1981,2025,45,892.0191140925615,199.82655088988824,-2.156791894508818,FINAL
1910,Zacapa,Huité,2015,326.062210051799,1981,2025,45,639.1525254872814,159.9139864194263,-1.957866991160495,FINAL
1911,Zacapa,San Jorge,2015,276.4257357249376,1981,2025,45,551.7870889948197,137.95445207811346,-1.996030929933056,FINAL
2001,Chiquimula,Chiquimula,2015,314.62555675131864,1981,2025,45,605.3332446218732,143.15494929255973,-2.0307204836938433,FINAL
2002,Chiquimula,San José La Arada,2015,327.955632578151,1981,2025,45,618.226868876913,139.19787226693143,-2.085313744897812,FINAL
2003,Chiquimula,San Juan Ermita,2015,387.2068039377431,1981,2025,45,797.6959741772505,185.25282409997575,-2.215832186277376,FINAL
2004,Chiquimula,Jocotán,2015,389.57241037309126,1981,2025,45,764.8060180908973,170.4545949105898,-2.2013698599009954,FINAL
2005,Chiquimula,Camotán,2015,433.63979980141335,1981,2025,45,846.339488604652,188.23661778860887,-2.1924516794426445,FINAL
2006,Chiquimula,Olopa,2015,471.9290657465238,1981,2025,45,914.3991210783402,194.42264519807955,-2.2758154271639697,FINAL
2007,Chiquimula,Esquipulas,2015,551.4979478191862,1981,2025,45,1004.3636911115124,194.21787378994628,-2.331740814865047,FINAL
2008,Chiquimula,Concepción Las Minas,2015,537.6962696731048,1981,2025,45,988.4437197313028,172.86779170666156,-2.6074692434497515,FINAL
2009,Chiquimula,Quezaltepeque,2015,455.60048968369307,1981,2025,45,886.1384305243088,180.26941970800442,-2.388302694588963,FINAL
2010,Chiquimula,San Jacinto,2015,366.7139361768908,1981,2025,45,715.6017666246838,151.7217424488989,-2.2995242792265005,FINAL
2011,Chiquimula,Ipala,2015,314.3637746736403,1981,2025,45,617.8121034388889,129.79034965885648,-2.3379883755829165,FINAL
2101,Jalapa,Jalapa,2015,455.19804270597996,1981,2025,45,793.4383897951086,167.26644580337955,-2.0221649683806135,FINAL
2102,Jalapa,San Pedro Pinula,2015,392.5603271168905,1981,2025,45,760.9742585157265,177.17944437925806,-2.0793265984638416,FINAL
2103,Jalapa,San Luis Jilotepeque,2015,316.0052273802255,1981,2025,45,609.0976144365395,133.3674210549345,-2.1976310611538947,FINAL
2104,Jalapa,San Manuel Chaparrón,2015,364.330415739444,1981,2025,45,686.0155401913403,141.22811189948516,-2.2777697734913143,FINAL
2105,Jalapa,San Carlos Alzatate,2015,654.2125559620257,1981,2025,45,991.6977951193583,190.00990963035906,-1.7761454642753562,FINAL
2106,Jalapa,Monjas,2015,418.591619932017,1981,2025,45,717.8190514103777,144.22761123679678,-2.074688951112704,FINAL
2107,Jalapa,Mataquescuintla,2015,638.6374622234597,1981,2025,45,927.9820263941452,181.87031910664015,-1.5909388931188249,FINAL
2201,Jutiapa,Jutiapa,2015,507.2110358962643,1981,2025,45,846.1911803521257,154.2340843592022,-2.1978290068905673,FINAL
2202,Jutiapa,El Progreso,2015,445.6547139350067,1981,2025,45,784.4818125784279,148.43674599349708,-2.282636259476242,FINAL
2203,Jutiapa,Santa Catarina Mita,2015,393.30610710110153,1981,2025,45,720.3914680775822,138.85851879017798,-2.355529670244594,FINAL
2204,Jutiapa,Agua Blanca,2015,319.04090953638394,1981,2025,45,646.1143884578172,124.23271475481177,-2.632748383281748,FINAL
2205,Jutiapa,Asunción Mita,2015,442.92456843380893,1981,2025,45,828.2578853843715,137.04358512582877,-2.8117574171513584,FINAL
2206,Jutiapa,Yupiltepeque,2015,534.0518304278041,1981,2025,45,974.9132260102331,194.5655198343248,-2.265876276319815,FINAL
2207,Jutiapa,Atescatempa,2015,553.5764307394702,1981,2025,45,987.20448875801,168.99465373614626,-2.5659276694963937,FINAL
2208,Jutiapa,Jerez,2015,619.9776532243176,1981,2025,45,1103.442492567377,181.97122414511912,-2.656820283615304,FINAL
2209,Jutiapa,El Adelanto,2015,514.254470523166,1981,2025,45,929.3442217187096,187.01579972366176,-2.2195437594518133,FINAL
2210,Jutiapa,Zapotitlán,2015,570.9806212805753,1981,2025,45,1013.6535803693209,182.0261909854062,-2.4319190369930697,FINAL
2211,Jutiapa,Comapa,2015,557.3978257751679,1981,2025,45,971.6863393752463,172.44817186352384,-2.402394349114631,FINAL
2212,Jutiapa,Jalpatagua,2015,573.6548799224132,1981,2025,45,974.1767878167823,174.09709034417662,-2.300566351238656,FINAL
2213,Jutiapa,Conguaco,2015,616.0255811514627,1981,2025,45,1057.2860638812178,196.5643055042153,-2.2448657786461252,FINAL
2214,Jutiapa,Moyuta,2015,625.9515956011514,1981,2025,45,1047.356488048507,208.57601055190463,-2.0203900311080494,FINAL
2215,Jutiapa,Pasaco,2015,678.7853045570117,1981,2025,45,1091.9948910997716,225.2805060991107,-1.8342003651260042,FINAL
2216,Jutiapa,San José Acatempa,2015,618.4994089838714,1981,2025,45,914.6867338150578,166.73541926756351,-1.7763911599123936,FINAL
2217,Jutiapa,Quesada,2015,513.3290292781295,1981,2025,45,810.1318499611182,151.46639654813117,-1.9595291592526547,FINAL
101,Guatemala,Guatemala,2019,563.606126013443,1981,2025,45,805.9353880763103,168.58441163415105,-1.4374357611945265,FINAL
102,Guatemala,Santa Catarina Pinula,2019,709.5617154278053,1981,2025,45,979.7887848916724,188.28410955681804,-1.4352091108481002,FINAL
103,Guatemala,San José Pinula,2019,867.9834148104624,1981,2025,45,1157.1574856924851,214.54544181718063,-1.3478453255997627,FINAL
104,Guatemala,San José Del Golfo,2019,373.47856195227666,1981,2025,45,564.2120971368274,127.61438389904865,-1.4946084395582986,FINAL
105,Guatemala,Palencia,2019,578.1272212371517,1981,2025,45,813.5525578322723,175.5907257759969,-1.340761794534954,FINAL
106,Guatemala,Chinautla,2019,513.2265317717445,1981,2025,45,781.2513278676729,175.818569432629,-1.5244396366143307,FINAL
107,Guatemala,San Pedro Ayampuc,2019,450.74213583645763,1981,2025,45,679.3514012654831,147.4031573174629,-1.550911592325452,FINAL
108,Guatemala,Mixco,2019,555.4690103835918,1981,2025,45,782.2114395617658,168.7531626939166,-1.3436336573403247,FINAL
109,Guatemala,San Pedro Sacatepéquez,2019,542.9970884655618,1981,2025,45,794.3541452704935,178.34897148315923,-1.4093552360556583,FINAL
110,Guatemala,San Juan Sacatepéquez,2019,539.1648678278531,1981,2025,45,783.2933334662749,168.60131643179946,-1.4479629863220773,FINAL
111,Guatemala,San Raymundo,2019,500.4328897701482,1981,2025,45,755.7512996836648,166.0762972765092,-1.5373561074066064,FINAL
112,Guatemala,Chuarrancho,2019,418.3073348204781,1981,2025,45,632.3679121520246,139.41749551678137,-1.535392502483883,FINAL
113,Guatemala,Fraijanes,2019,718.3425082110622,1981,2025,45,984.886868442841,175.93129984548875,-1.51504797876143,FINAL
114,Guatemala,Amatitlán,2019,550.0776041194734,1981,2025,45,770.7506099946462,141.7059418775292,-1.5572600764045,FINAL
115,Guatemala,Villa Nueva,2019,549.9850183912553,1981,2025,45,749.2480761473272,147.86884669335356,-1.347566185927576,FINAL
116,Guatemala,Villa Canales,2019,688.3347275241284,1981,2025,45,958.5304515810557,165.2652985348972,-1.6349211023261068,FINAL
117,Guatemala,Petapa,2019,594.0700307586701,1981,2025,45,824.5842238321788,155.46342950729655,-1.4827551006951751,FINAL
201,El Progreso,Guastatoya,2019,325.4206352042034,1981,2025,45,499.92502154435317,128.82658094937884,-1.3545681726096541,FINAL
202,El Progreso,Morazán,2019,324.6888869960277,1981,2025,45,537.8735509995524,139.03309410033285,-1.5333375509120197,FINAL
203,El Progreso,San Agustín Acasaguastlán,2019,525.7810995145968,1981,2025,45,850.9877350833432,209.55483649472433,-1.5518927694944118,FINAL
204,El Progreso,San Cristóbal Acasaguastlán,2019,774.3788980341658,1981,2025,45,1206.029603749147,288.26095581054057,-1.4974303561203883,FINAL
205,El Progreso,El Jícaro,2019,558.0393496097148,1981,2025,45,831.8877020564397,201.77447027937458,-1.3572002050980863,FINAL
206,El Progreso,Sansare,2019,330.7690427169187,1981,2025,45,505.998147835385,119.29226852926067,-1.4689057998380266,FINAL
207,El Progreso,Sanarate,2019,395.81646927542016,1981,2025,45,574.1882496351507,134.01539834303213,-1.3309797423663339,FINAL
208,El Progreso,San Antonio La Paz,2019,394.46921004675124,1981,2025,45,585.7613569216905,134.50533234946002,-1.4221900614166043,FINAL
301,Sacatepéquez,Antigua Guatemala,2019,496.75010365314444,1981,2025,45,686.4445699312046,131.24946982128176,-1.4452970098573432,FINAL
302,Sacatepéquez,Jocotenango,2019,495.7138861136304,1981,2025,45,691.9122278494875,133.00926007348656,-1.475072800400958,FINAL
303,Sacatepéquez,Pastores,2019,514.2230347958948,1981,2025,45,723.5100863668026,142.33409664696933,-1.4703929451985185,FINAL
304,Sacatepéquez,Sumpango,2019,552.3314181913897,1981,2025,45,791.7566790943899,163.07981547651625,-1.4681477300143122,FINAL
305,Sacatepéquez,Santo Domingo Xenacoj,2019,575.1943395398738,1981,2025,45,832.2260841706184,180.5512098131162,-1.423594695913649,FINAL
306,Sacatepéquez,Santiago Sacatepéquez,2019,553.7325768797263,1981,2025,45,775.5974746731882,162.81505442021967,-1.3626804878917207,FINAL
307,Sacatepéquez,San Bartolomé Milpas Altas,2019,522.1606628738306,1981,2025,45,719.6066482916153,146.39322856487334,-1.3487371468844112,FINAL
308,Sacatepéquez,San Lucas Sacatepéquez,2019,530.0120381454927,1981,2025,45,725.9762011225885,148.85370529187512,-1.316488310404135,FINAL
309,Sacatepéquez,Santa Lucía Milpas Altas,2019,487.557519950493,1981,2025,45,669.6792800983123,132.8006168235905,-1.3713924265106843,FINAL
310,Sacatepéquez,Magdalena Milpas Altas,2019,461.46250231163634,1981,2025,45,630.1849154482805,123.36504196439411,-1.36766794263598,FINAL
311,Sacatepéquez,Santa María De Jesús,2019,517.8621806778468,1981,2025,45,726.5518227355706,135.44881171951408,-1.540727005341885,FINAL
312,Sacatepéquez,Ciudad Vieja,2019,576.0506192813418,1981,2025,45,793.8592450768402,147.458611349329,-1.4770831204934545,FINAL
313,Sacatepéquez,San Miguel Dueñas,2019,743.0161799875464,1981,2025,45,995.3007053904802,178.0989055862011,-1.4165416939119053,FINAL
314,Sacatepéquez,Alotenango,2019,1007.9240199792357,1981,2025,45,1292.4140039749363,225.18995712839185,-1.2633333547530228,FINAL
315,Sacatepéquez,San Antonio Aguas Calientes,2019,534.7226007473392,1981,2025,45,746.1007177910299,145.22642163423063,-1.4555073013922397,FINAL
316,Sacatepéquez,Santa Catarina Barahona,2019,589.8460609088035,1981,2025,45,813.601703348977,150.8322437110738,-1.4834735394428524,FINAL
401,Chimaltenango,Chimaltenango,2019,522.0492782427232,1981,2025,45,749.512736867835,154.63552760171504,-1.470965063157899,FINAL
402,Chimaltenango,San José Poaquil,2019,515.1116118170193,1981,2025,45,709.0320780503096,141.40927988794732,-1.3713418694088029,FINAL
403,Chimaltenango,San Martín Jilotepeque,2019,517.7308197919041,1981,2025,45,739.4113865795837,151.6626684184607,-1.4616686433079809,FINAL
404,Chimaltenango,Comalapa,2019,467.47793863734677,1981,2025,45,648.3139105815285,127.81696212756934,-1.414804177271058,FINAL
405,Chimaltenango,Santa Apolonia,2019,500.1581701046866,1981,2025,45,661.7249161806004,134.54131993168744,-1.200870826582855,FINAL
406,Chimaltenango,Tecpán Guatemala,2019,534.1329941188889,1981,2025,45,704.4997923126705,140.01891200488507,-1.216741336969093,FINAL
407,Chimaltenango,Patzún,2019,714.2012940066758,1981,2025,45,916.9119148679318,173.08210726476085,-1.1711818400221634,FINAL
408,Chimaltenango,Pochuta,2019,1438.4536674607136,1981,2025,45,1769.1927153780148,328.22629837531855,-1.0076555399564886,FINAL
409,Chimaltenango,Patzicía,2019,682.6406790831979,1981,2025,45,887.3120102312872,161.53016841227407,-1.2670780521054485,FINAL
410,Chimaltenango,Santa Cruz Balanyá,2019,478.0040453315795,1981,2025,45,639.4036458665408,122.50604845146319,-1.317482708610161,FINAL
411,Chimaltenango,Acatenango,2019,1352.107025367466,1981,2025,45,1690.587958278603,301.3902945300818,-1.1230651386398687,FINAL
412,Chimaltenango,Yepocapa,2019,1756.952002783839,1981,2025,45,2115.3146263656317,395.8743354680076,-0.9052433852730869,FINAL
413,Chimaltenango,San Andrés Itzapa,2019,625.5691067050223,1981,2025,45,850.4597466304372,156.30765321516728,-1.4387692176264644,FINAL
414,Chimaltenango,Parramos,2019,574.9877205341155,1981,2025,45,798.4335508041568,147.67331471128813,-1.5131090590530443,FINAL
415,Chimaltenango,Zaragoza,2019,517.2109626744531,1981,2025,45,721.3780456783431,141.0502285495799,-1.4474778602157616,FINAL
416,Chimaltenango,El Tejar,2019,531.8501793193598,1981,2025,45,768.1955765744727,164.3513856963441,-1.4380493127802716,FINAL
501,Escuintla,Escuintla,2019,1293.9422175290438,1981,2025,45,1624.0461351283082,277.59480938491146,-1.1891573849334627,FINAL
502,Escuintla,Santa Lucía Cotzumalguapa,2019,1480.780340603786,1981,2025,45,1838.199956400591,347.2304426541072,-1.029344123933418,FINAL
503,Escuintla,La Democracia,2019,1053.2021127110638,1981,2025,45,1310.040899393983,256.6638791278997,-1.0006814654076521,FINAL
504,Escuintla,Siquinalá,2019,1871.784267616058,1981,2025,45,2273.242644334534,415.076240489882,-0.9671918976732224,FINAL
505,Escuintla,Masagua,2019,1000.0774520142437,1981,2025,45,1213.3284212260087,241.55757094219354,-0.8828163339281031,FINAL
506,Escuintla,Tiquisate,2019,881.4481598884208,1981,2025,45,1099.3330593701887,216.54027105385555,-1.006209599818862,FINAL
507,Escuintla,La Gomera,2019,931.5595904226304,1981,2025,45,1192.8089121952646,235.2033963522672,-1.1107378797428489,FINAL
508,Escuintla,Guanagazapa,2019,1169.9942179523928,1981,2025,45,1434.777751302957,270.2549364334725,-0.979754659969902,FINAL
509,Escuintla,San José,2019,867.0840511971786,1981,2025,45,1039.3040527679698,228.08414060460757,-0.7550722339320427,FINAL
510,Escuintla,Iztapa,2019,948.2578174586387,1981,2025,45,1171.443438924166,254.28708795826137,-0.8776915228277772,FINAL
511,Escuintla,Palín,2019,905.7293673863519,1981,2025,45,1229.6740875837374,204.72369759478818,-1.582350866085727,FINAL
512,Escuintla,San Vicente Pacaya,2019,917.5773698431759,1981,2025,45,1232.4522222820158,199.66916006312087,-1.57698290682096,FINAL
513,Escuintla,Nueva Concepción,2019,864.5787057829531,1981,2025,45,1106.7321636729432,217.25214322216442,-1.1146194200825967,FINAL
514,Escuintla,Sipacate,2019,761.2166991101631,1981,2025,45,962.9158757294643,200.26173540828188,-1.0071778126165183,FINAL
601,Santa Rosa,Cuilapa,2019,852.5285540729468,1981,2025,45,1113.9389927404193,201.64351815096526,-1.2963989175777089,FINAL
602,Santa Rosa,Barberena,2019,820.4275036836852,1981,2025,45,1073.9200180336643,187.26832031187345,-1.353632658891888,FINAL
603,Santa Rosa,Santa Rosa De Lima,2019,831.8241456128359,1981,2025,45,1098.9141519919353,194.4955596021213,-1.3732447513222632,FINAL
604,Santa Rosa,Casillas,2019,650.8550953460416,1981,2025,45,879.8319224739535,162.46157554480118,-1.4094214361768769,FINAL
605,Santa Rosa,San Rafael Las Flores,2019,646.2179610729262,1981,2025,45,874.5888859801289,169.53719373055472,-1.3470255103440747,FINAL
606,Santa Rosa,Oratorio,2019,847.4193511095547,1981,2025,45,1097.179722228,206.10588344535773,-1.211806120928426,FINAL
607,Santa Rosa,San Juan Tecuaco,2019,1036.5077381250164,1981,2025,45,1321.7291983875978,262.39251357275003,-1.0870030412796126,FINAL
608,Santa Rosa,Chiquimulilla,2019,915.7318033359857,1981,2025,45,1136.347722109886,236.27206974165833,-0.9337367680196965,FINAL
609,Santa Rosa,Taxisco,2019,957.3269055671516,1981,2025,45,1218.8835967082114,249.6019689567457,-1.0478951437533963,FINAL
610,Santa Rosa,Santa María Ixhuatán,2019,958.0791009154663,1981,2025,45,1257.5784654709946,239.94267394665326,-1.2482121651362292,FINAL
611,Santa Rosa,Guazacapán,2019,904.2287871029005,1981,2025,45,1183.321136964315,245.8841681088363,-1.1350562014951657,FINAL
612,Santa Rosa,Santa Cruz Naranjo,2019,731.5110359409737,1981,2025,45,977.6221615972705,174.95455960334098,-1.4067145561355066,FINAL
613,Santa Rosa,Pueblo Nuevo Viñas,2019,955.4300662275405,1981,2025,45,1220.0645940798386,219.63665332072054,-1.2048741585306812,FINAL
614,Santa Rosa,Nueva Santa Rosa,2019,745.9678296923795,1981,2025,45,977.5418471262175,176.83722384095813,-1.309532079298578,FINAL
701,Sololá,Sololá,2019,625.4700168446366,1981,2025,45,796.1153602579475,172.49984365865305,-0.9892492641963673,FINAL
702,Sololá,San José Chacayá,2019,691.703563963264,1981,2025,45,876.8463517075679,190.8287806304109,-0.9702036932410142,FINAL
703,Sololá,Santa María Visitación,2019,1352.2119269564273,1981,2025,45,1620.2366449444319,313.89632724194166,-0.8538638229475661,FINAL
704,Sololá,Santa Lucía Utatlán,2019,748.0399666907117,1981,2025,45,947.1030120330585,198.13819272096447,-1.0046677150360646,FINAL
705,Sololá,Nahualá,2019,1083.4917609599536,1981,2025,45,1268.7054003297897,237.9665454153107,-0.7783179734218199,FINAL
706,Sololá,Santa Catarina Ixtahuacán,2019,1318.3001883792258,1981,2025,45,1543.316357577862,292.45920878019774,-0.7693933459546166,FINAL
707,Sololá,Santa Clara La Laguna,2019,1201.459804482724,1981,2025,45,1465.2036463075349,287.3942095803723,-0.9177075704131494,FINAL
708,Sololá,Concepción,2019,613.2885775173243,1981,2025,45,788.8802352552333,169.24181993202586,-1.0375193188564948,FINAL
709,Sololá,San Andrés Semetabaj,2019,570.5465699621179,1981,2025,45,747.6849343704423,150.72352112651757,-1.1752536238828586,FINAL
710,Sololá,Panajachel,2019,619.7459401824065,1981,2025,45,801.8707087544167,165.17576083893948,-1.1026119549683653,FINAL
711,Sololá,Santa Catarina Palopó,2019,573.4690650017483,1981,2025,45,755.7059488544892,152.48686043079613,-1.1950989307399793,FINAL
712,Sololá,San Antonio Palopó,2019,571.5736820330762,1981,2025,45,747.2474848891236,151.7801546256108,-1.1574227427121413,FINAL
713,Sololá,San Lucas Tolimán,2019,802.4901914186767,1981,2025,45,998.124988336358,195.54731318396853,-1.0004473788582844,FINAL
714,Sololá,Santa Cruz La Laguna,2019,683.6364192540713,1981,2025,45,882.1788192461042,183.01869125632155,-1.0848203461031756,FINAL
715,Sololá,San Pablo La Laguna,2019,1053.8355026245117,1981,2025,45,1315.3595202734073,265.1779670282575,-0.9862207655473405,FINAL
716,Sololá,San Marcos La Laguna,2019,992.688858288875,1981,2025,45,1244.0411190560706,251.48669019868393,-0.9994654610493214,FINAL
717,Sololá,San Juan La Laguna,2019,1443.4114342051407,1981,2025,45,1721.7704541836902,334.7343296776085,-0.8315819302031088,FINAL
718,Sololá,San Pedro La Laguna,2019,1203.6515180348092,1981,2025,45,1464.0635446251774,288.5893155384523,-0.9023619814354157,FINAL
719,Sololá,Santiago Atitlán,2019,998.1488885201775,1981,2025,45,1207.08484214742,236.35777009642717,-0.8839817431938144,FINAL
801,Totonicapán,Totonicapán,2019,559.8014771570074,1981,2025,45,721.9187731075076,154.79012670116526,-1.0473361538328645,FINAL
802,Totonicapán,San Cristóbal Totonicapán,2019,429.74274752696454,1981,2025,45,554.1177187684923,115.37663651756306,-1.077990960696752,FINAL
803,Totonicapán,San Francisco El Alto,2019,434.34324775762747,1981,2025,45,559.1981274305095,115.82724135237407,-1.0779405450315767,FINAL
804,Totonicapán,San Andrés Xecul,2019,432.2190284858042,1981,2025,45,549.2034851718106,110.96966396468513,-1.054202135127988,FINAL
805,Totonicapán,Momostenango,2019,429.9026412197829,1981,2025,45,558.6655103630383,119.92458481448307,-1.0736986860737912,FINAL
806,Totonicapán,Santa María Chiquimula,2019,475.46720534228007,1981,2025,45,640.7468482743094,140.72309445307488,-1.1745026185957204,FINAL
807,Totonicapán,Santa Lucía La Reforma,2019,435.5935806188785,1981,2025,45,587.8163376011979,136.76948524516544,-1.1129877158596693,FINAL
808,Totonicapán,San Bartolo Aguas Calientes,2019,407.9995710230697,1981,2025,45,512.8707543919937,111.10992944588682,-0.9438506881601325,FINAL
901,Quetzaltenango,Quetzaltenango,2019,988.4986198943917,1981,2025,45,1145.3146144931693,188.44248271678433,-0.8321690116684617,FINAL
902,Quetzaltenango,Salcajá,2019,432.2149288393094,1981,2025,45,530.2520694853453,110.99807688841601,-0.8832327855967317,FINAL
903,Quetzaltenango,Olintepeque,2019,601.0048456529405,1981,2025,45,736.2352090254996,133.1539170239603,-1.01559433169529,FINAL
904,Quetzaltenango,San Carlos Sija,2019,434.28612535348634,1981,2025,45,545.3221676103338,108.79745441103371,-1.020575737345439,FINAL
905,Quetzaltenango,Sibilia,2019,519.9937932862475,1981,2025,45,643.9782227050529,118.29922017181417,-1.0480578759414825,FINAL
906,Quetzaltenango,Cabricán,2019,433.6536219326826,1981,2025,45,544.6003700254953,109.12562566683222,-1.016688311428706,FINAL
907,Quetzaltenango,Cajolá,2019,567.2114644349845,1981,2025,45,708.648964604125,122.25432925685584,-1.1569119967275838,FINAL
908,Quetzaltenango,San Miguel Sigüilá,2019,808.9469177665637,1981,2025,45,986.492573424658,161.14704633742463,-1.101761774065239,FINAL
909,Quetzaltenango,San Juan Ostuncalco,2019,1218.587112499752,1981,2025,45,1458.5616887667613,211.65624008285158,-1.1337940056625435,FINAL
910,Quetzaltenango,San Mateo,2019,1287.0053276895658,1981,2025,45,1504.6769481178605,240.70331787142274,-0.9043149980365834,FINAL
911,Quetzaltenango,Concepción Chiquirichapa,2019,1291.6079517281885,1981,2025,45,1525.6055127944646,237.32764234552107,-0.9859684221933291,FINAL
912,Quetzaltenango,San Martín Sacatepéquez,2019,1521.3899007303598,1981,2025,45,1762.2051743455766,261.3859745369572,-0.9213014357094665,FINAL
913,Quetzaltenango,Almolonga,2019,659.8604802940715,1981,2025,45,776.4790522113119,150.50365733191862,-0.7748554020853556,FINAL
914,Quetzaltenango,Cantel,2019,655.9786672949773,1981,2025,45,776.9591226558856,156.33656089803773,-0.7738462114425776,FINAL
915,Quetzaltenango,Huitán,2019,456.33787204439903,1981,2025,45,557.6377836239028,111.25669226851754,-0.9105062312567848,FINAL
916,Quetzaltenango,Zunil,2019,1327.4655026350372,1981,2025,45,1488.092460957035,260.0360140540043,-0.6177104310199079,FINAL
917,Quetzaltenango,Colomba,2019,1736.129358304481,1981,2025,45,1963.914559392073,316.5981828058234,-0.7194772852732944,FINAL
918,Quetzaltenango,San Francisco La Unión,2019,489.82760929665614,1981,2025,45,618.0943281105618,117.30717318727554,-1.093426048287207,FINAL
919,Quetzaltenango,El Palmar,2019,1855.8317189273369,1981,2025,45,2052.436727488432,329.6186510198038,-0.5964620265049354,FINAL
920,Quetzaltenango,Coatepeque,2019,1259.1192741008774,1981,2025,45,1470.066877821681,288.8060767489688,-0.7304126218374548,FINAL
921,Quetzaltenango,Génova,2019,1412.8386594564074,1981,2025,45,1611.7093857309733,310.6797081318067,-0.640114951409039,FINAL
922,Quetzaltenango,Flores Costa Cuca,2019,1515.6686522506097,1981,2025,45,1731.2845424469606,332.98767269161175,-0.6475191362295208,FINAL
923,Quetzaltenango,La Esperanza,2019,1216.1083641052246,1981,2025,45,1437.055826931695,235.60654688793105,-0.9377815079627928,FINAL
924,Quetzaltenango,Palestina De los Altos,2019,693.9725601863538,1981,2025,45,856.8915330168301,134.98177777276476,-1.2069701223282332,FINAL
1001,Suchitepéquez,Mazatenango,2019,1579.3239268145173,1981,2025,45,1751.147077615376,331.47145972061446,-0.5183648418650654,FINAL
1002,Suchitepéquez,Cuyotenango,2019,1552.2504536636154,1981,2025,45,1738.263770336757,328.7747823727994,-0.5657773243150388,FINAL
1003,Suchitepéquez,San Francisco Zapotitlán,2019,1663.2355166533446,1981,2025,45,1861.2299438138969,325.16874872535385,-0.6088974661208406,FINAL
1004,Suchitepéquez,San Bernardino,2019,1536.1640272669258,1981,2025,45,1723.8960394736398,319.5531279483426,-0.5874829434843205,FINAL
1005,Suchitepéquez,San José El Ídolo,2019,1403.9725002104224,1981,2025,45,1619.3346127686227,327.15710558669144,-0.6582834634509652,FINAL
1006,Suchitepéquez,Santo Domingo Suchitepéquez,2019,1145.2606833628488,1981,2025,45,1352.5979063413479,273.22131149226936,-0.7588618246727271,FINAL
1007,Suchitepéquez,San Lorenzo,2019,919.0844682245325,1981,2025,45,1104.0018040192015,232.6083146418275,-0.7949730261336806,FINAL
1008,Suchitepéquez,Samayac,2019,1542.9694026597897,1981,2025,45,1746.6888791660695,313.8681426147742,-0.6490607004875761,FINAL
1009,Suchitepéquez,San Pablo Jocopilas,2019,1593.6519980235928,1981,2025,45,1812.852720916473,337.1960968303216,-0.650068980493516,FINAL
1010,Suchitepéquez,San Antonio Suchitepéquez,2019,1507.4199915805016,1981,2025,45,1711.2380979792338,332.41965185148695,-0.6131349493434605,FINAL
1011,Suchitepéquez,San Miguel Panán,2019,1527.4274414264821,1981,2025,45,1745.6555993277145,340.7127948350453,-0.6405047336331665,FINAL
1012,Suchitepéquez,San Gabriel,2019,1609.468729951974,1981,2025,45,1767.1736324052554,331.2003191366025,-0.4761616862701045,FINAL
1013,Suchitepéquez,Chicacao,2019,1769.755238856797,1981,2025,45,2060.3438909403435,398.84357474031793,-0.728577995202117,FINAL
1014,Suchitepéquez,Patulul,2019,1306.1634221519726,1981,2025,45,1608.9321072333648,305.24718117958776,-0.9918803636822536,FINAL
1015,Suchitepéquez,Santa Bárbara,2019,1372.6778948332833,1981,2025,45,1633.9436003797866,328.517677969249,-0.7952865951127269,FINAL
1016,Suchitepéquez,San Juan Bautista,2019,1288.7745718120855,1981,2025,45,1564.6664893757536,313.9148725966849,-0.8788749487448836,FINAL
1017,Suchitepéquez,Santo Tomás La Unión,2019,1855.9277436997102,1981,2025,45,2121.9580953684012,396.6460686889938,-0.6706995799756251,FINAL
1018,Suchitepéquez,Zunilito,2019,1775.3191097263143,1981,2025,45,1993.3848520560318,349.9310223871798,-0.6231677913038517,FINAL
1019,Suchitepéquez,Pueblo Nuevo,2019,1789.370500525384,1981,2025,45,1985.7581929688865,347.40839170400017,-0.5652934619116207,FINAL
1020,Suchitepéquez,Río Bravo,2019,1496.2209770347731,1981,2025,45,1769.7559169716574,356.22842430425106,-0.7678638796753087,FINAL
1021,Suchitepéquez,San José La Máquina,2019,1055.2021950167098,1981,2025,45,1244.585003925121,256.5799450245832,-0.7381044878245117,FINAL
1101,Retalhuleu,Retalhuleu,2019,955.3094376650535,1981,2025,45,1147.3564532371104,231.7696433934576,-0.8286116022797402,FINAL
1102,Retalhuleu,San Sebastián,2019,1563.347413245096,1981,2025,45,1771.16158802208,291.58789772176715,-0.7126982169036383,FINAL
1103,Retalhuleu,Santa Cruz Muluá,2019,1365.471405783914,1981,2025,45,1554.0333846647304,285.80517530420144,-0.6597570484163466,FINAL
1104,Retalhuleu,San Martín Zapotitlán,2019,1967.5578466987615,1981,2025,45,2174.8352723695793,364.0777721460596,-0.5693218359610894,FINAL
1105,Retalhuleu,San Felipe,2019,1909.3754781324335,1981,2025,45,2119.9933910459954,350.6397481871449,-0.6006675341357763,FINAL
1106,Retalhuleu,San Andrés Villa Seca,2019,1047.8878935260934,1981,2025,45,1224.0561879484032,247.24728014941272,-0.7125186344450402,FINAL
1107,Retalhuleu,Champerico,2019,640.8294298284944,1981,2025,45,801.5435589001503,174.86334297399617,-0.9190841621708877,FINAL
1108,Retalhuleu,Nuevo San Carlos,2019,1757.4179884742025,1981,2025,45,1985.6321424329813,314.50555570929794,-0.7256283706788328,FINAL
1109,Retalhuleu,El Asintal,2019,1582.1597509542416,1981,2025,45,1807.4721276052312,311.74488134747486,-0.722746034119654,FINAL
1201,San Marcos,San Marcos,2019,754.006576528209,1981,2025,45,979.7020398915536,169.1414295732993,-1.334359440692423,FINAL
1202,San Marcos,San Pedro Sacatepéquez,2019,770.0498853481778,1981,2025,45,955.4579343304346,156.03531522301358,-1.1882441402272441,FINAL
1203,San Marcos,San Antonio Sacatepéquez,2019,734.9341969023151,1981,2025,45,903.2722328967008,144.46166888061038,-1.165278217390025,FINAL
1204,San Marcos,Comitancillo,2019,502.9587025734679,1981,2025,45,647.69303218483,118.35530710005204,-1.222879929575194,FINAL
1205,San Marcos,San Miguel Ixtahuacán,2019,488.41034452140383,1981,2025,45,627.0080649971014,121.86376622002629,-1.137316897177279,FINAL
1206,San Marcos,Concepción Tutuapa,2019,501.23340680489133,1981,2025,45,650.6753892134221,122.19846927649952,-1.2229447986814561,FINAL
1207,San Marcos,Tacaná,2019,784.366014644367,1981,2025,45,985.93943125203,161.68547798418888,-1.2467008114815028,FINAL
1208,San Marcos,Sibinal,2019,1474.6344850579999,1981,2025,45,1906.618333400135,331.083281643202,-1.3047588697265315,FINAL
1209,San Marcos,Tajumulco,2019,1377.4603615253009,1981,2025,45,1798.5691032325765,297.0494111595041,-1.4176387021388723,FINAL
1210,San Marcos,Tejutla,2019,523.6113470526114,1981,2025,45,702.2801155049535,127.39895539367237,-1.4024351133825401,FINAL
1211,San Marcos,San Rafael Pie De La Cuesta,2019,1509.7418859135937,1981,2025,45,1979.0455401370632,362.165139907718,-1.295827793760192,FINAL
1212,San Marcos,Nuevo Progreso,2019,1872.4054974530143,1981,2025,45,2225.2021584556433,337.1848153526557,-1.0463005596312074,FINAL
1213,San Marcos,El Tumbador,2019,1934.3597235173447,1981,2025,45,2352.4240542313696,371.64538335788393,-1.1249011811655973,FINAL
1214,San Marcos,El Rodeo,2019,1874.0689545177877,1981,2025,45,2244.5190803124037,310.6689740567264,-1.1924271708154992,FINAL
1215,San Marcos,Malacatán,2019,1765.7312926572476,1981,2025,45,2082.884575975125,330.54856958908454,-0.9594755884502556,FINAL
1216,San Marcos,Catarina,2019,1645.2301661465208,1981,2025,45,1884.003814918656,334.6401908015692,-0.713523525671548,FINAL
1217,San Marcos,Ayutla,2019,1053.01720770525,1981,2025,45,1242.697315943184,242.77726609015602,-0.7812927103623278,FINAL
1218,San Marcos,Ocós,2019,590.998852837273,1981,2025,45,723.1510412383967,173.500497010978,-0.7616819010769862,FINAL
1219,San Marcos,San Pablo,2019,1640.487373329775,1981,2025,45,2073.318760119843,313.2209882862844,-1.381872233908091,FINAL
1220,San Marcos,El Quetzal,2019,1732.6238684804962,1981,2025,45,1987.5068616203944,285.08255908545624,-0.8940672974087291,FINAL
1221,San Marcos,La Reforma,2019,1742.379431781114,1981,2025,45,2058.6994939099272,304.7642938629192,-1.037917067381561,FINAL
1222,San Marcos,Pajapita,2019,1375.8681658391315,1981,2025,45,1593.8752375600538,291.2402869811861,-0.7485470982762953,FINAL
1223,San Marcos,Ixchiguán,2019,801.2184666364876,1981,2025,45,1069.425492239335,179.00384059355378,-1.4983311235865513,FINAL
1224,San Marcos,San José Ojetenam,2019,636.9494399583025,1981,2025,45,832.8239734117802,142.06001112946743,-1.3788154167816167,FINAL
1225,San Marcos,San Cristóbal Cucho,2019,1246.7157723735531,1981,2025,45,1513.1297375524675,229.6468442801039,-1.1601028788968033,FINAL
1226,San Marcos,Sipacapa,2019,443.4628194223286,1981,2025,45,570.1043087384637,115.92610126788149,-1.0924329200331904,FINAL
1227,San Marcos,Esquipulas Palo Gordo,2019,1023.1014882785394,1981,2025,45,1310.3300155819998,231.357394783401,-1.2414927457683662,FINAL
1228,San Marcos,Río Blanco,2019,524.7471117954016,1981,2025,45,645.5579737647502,121.98273394033974,-0.9903931324283624,FINAL
1229,San Marcos,San Lorenzo,2019,615.5446699047095,1981,2025,45,764.0278615971891,130.31942346786462,-1.1393788258209567,FINAL
1230,San Marcos,La Blanca,2019,700.0447675353314,1981,2025,45,864.4343147098331,201.31357652603222,-0.8165845046881086,FINAL
1301,Huehuetenango,Huehuetenango,2019,490.96082010141873,1981,2025,45,621.5438183170438,128.27658938570903,-1.0179799668899912,FINAL
1302,Huehuetenango,Chiantla,2019,693.378959899432,1981,2025,45,891.2763632962749,188.99373367147157,-1.0471109255973992,FINAL
1303,Huehuetenango,Malacatancito,2019,450.75561326238744,1981,2025,45,564.4264865242717,115.63487380786717,-0.9830154997250553,FINAL
1304,Huehuetenango,Cuilco,2019,436.7859240448762,1981,2025,45,579.058996104493,110.30683348187851,-1.289793819373754,FINAL
1305,Huehuetenango,Nentón,2019,671.8162435670821,1981,2025,45,1094.3303065320538,271.0000385792641,-1.559092261314906,FINAL
1306,Huehuetenango,San Pedro Necta,2019,741.4402570904447,1981,2025,45,995.2557047519581,191.90200847503772,-1.3226304908347497,FINAL
1307,Huehuetenango,Jacaltenango,2019,829.6754291295697,1981,2025,45,1277.0149455011901,306.47732505888433,-1.4596170084872409,FINAL
1308,Huehuetenango,Soloma,2019,873.5726864403733,1981,2025,45,1285.0854996900546,287.392388764776,-1.4318848700843463,FINAL
1309,Huehuetenango,San Ildefonso Ixtahuacán,2019,599.7683665261903,1981,2025,45,789.976350091515,149.32956611397412,-1.2737463083509566,FINAL
1310,Huehuetenango,Santa Bárbara,2019,528.8663807128569,1981,2025,45,660.6991966077069,128.45057001235688,-1.0263311083957647,FINAL
1311,Huehuetenango,La Libertad,2019,518.3443131827149,1981,2025,45,707.4762505890111,144.48751157881995,-1.3089846682224995,FINAL
1312,Huehuetenango,La Democracia,2019,634.6674316521869,1981,2025,45,889.440295397167,189.6253889318366,-1.3435588197346382,FINAL
1313,Huehuetenango,San Miguel Acatán,2019,929.5105180124558,1981,2025,45,1458.028281529772,336.31842243189243,-1.571480264731397,FINAL
1314,Huehuetenango,San Rafael La Independencia,2019,881.004652049647,1981,2025,45,1364.76101435838,306.50863227097386,-1.5782797330192657,FINAL
1315,Huehuetenango,Todos Santos Cuchumatán,2019,757.7849289048706,1981,2025,45,1035.8662158516327,217.5794004557392,-1.278068081648797,FINAL
1316,Huehuetenango,San Juan Atitán,2019,596.1994463119645,1981,2025,45,733.9792124248064,145.54776689645374,-0.9466291998204399,FINAL
1317,Huehuetenango,Santa Eulalia,2019,1320.5578215045527,1981,2025,45,1958.2550092560657,411.30921920618124,-1.5504082037894897,FINAL
1318,Huehuetenango,San Mateo Ixtatán,2019,1124.9622842609836,1981,2025,45,1836.3222403111456,414.32715735525005,-1.716904005498804,FINAL
1319,Huehuetenango,Colotenango,2019,638.4191913126094,1981,2025,45,845.5555204647374,163.9158683527941,-1.2636746596510777,FINAL
1320,Huehuetenango,San Sebastián Huehuetenango,2019,548.1130199831573,1981,2025,45,679.2960922901432,135.5268127430976,-0.9679492172198748,FINAL
1321,Huehuetenango,Tectitán,2019,491.11230642591903,1981,2025,45,633.1913006595129,113.84028723366858,-1.2480554791816583,FINAL
1322,Huehuetenango,Concepción Huista,2019,1123.7653703215356,1981,2025,45,1650.886025728622,369.91246493640165,-1.4249875453580976,FINAL
1323,Huehuetenango,San Juan Ixcoy,2019,942.5702885445253,1981,2025,45,1306.834229676001,285.3972477363125,-1.2763400629147996,FINAL
1324,Huehuetenango,San Antonio Huista,2019,945.0687213088072,1981,2025,45,1379.480397281989,299.75077861767915,-1.4492428609410142,FINAL
1325,Huehuetenango,San Sebastián Coatán,2019,856.8425999863506,1981,2025,45,1416.3117525852888,330.84732354899387,-1.6910191280906302,FINAL
1326,Huehuetenango,Barillas,2019,1591.5011030128517,1981,2025,45,2359.364128113009,509.1835103606533,-1.5080280674373803,FINAL
1327,Huehuetenango,Aguacatán,2019,611.019992729894,1981,2025,45,803.2914956243511,171.28723259384532,-1.1225092494218145,FINAL
1328,Huehuetenango,San Rafael Pétzal,2019,609.0775333688632,1981,2025,45,798.0905810944137,152.62095756772143,-1.2384475286867533,FINAL
1329,Huehuetenango,San Gaspar Ixchil,2019,608.7725013759647,1981,2025,45,791.4849631244277,153.85100321925404,-1.1875935673170643,FINAL
1330,Huehuetenango,Santiago Chimaltenango,2019,700.6245272996251,1981,2025,45,910.1469603479447,179.10884249663167,-1.1698050756609624,FINAL
1331,Huehuetenango,Santa Ana Huista,2019,556.5980597196847,1981,2025,45,842.3288602462113,209.34050582685984,-1.3649092868957107,FINAL
1332,Huehuetenango,Unión Cantinil,2019,980.5019994573748,1981,2025,45,1375.9756716281888,281.7679836932132,-1.4035436779836656,FINAL
1333,Huehuetenango,Petatán,2019,1157.826330253392,1981,2025,45,1663.5208422635565,358.28256173783313,-1.41144048305705,FINAL
1401,Quiché,Santa Cruz Del Quiché,2019,592.6098944587426,1981,2025,45,820.171415553308,174.8936226672269,-1.3011424752036302,FINAL
1402,Quiché,Chiché,2019,628.9977442510792,1981,2025,45,867.3887500485131,175.3471138480973,-1.3595376654100582,FINAL
1403,Quiché,Chinique,2019,657.6627851088575,1981,2025,45,904.0563580550461,187.33391244256566,-1.315264117070794,FINAL
1404,Quiché,Zacualpa,2019,659.2691826097106,1981,2025,45,863.2094519486576,165.91413211915975,-1.2291916712222974,FINAL
1405,Quiché,Chajul,2019,1377.8702746868832,1981,2025,45,1946.8579672617145,379.6405405242444,-1.4987537732116756,FINAL
1406,Quiché,Chichicastenango,2019,604.1100256587209,1981,2025,45,800.6836977957643,171.47348210335065,-1.1463794268700058,FINAL
1407,Quiché,Patzité,2019,571.7937786771852,1981,2025,45,786.4217378008573,174.33308098671867,-1.2311373028508756,FINAL
1408,Quiché,San Antonio Ilotenango,2019,510.91246592963057,1981,2025,45,679.9835129173761,146.6798644492502,-1.152653417171942,FINAL
1409,Quiché,San Pedro Jocopilas,2019,495.047366785747,1981,2025,45,680.594217481342,148.58928532011745,-1.248722949947952,FINAL
1410,Quiché,Cunén,2019,823.1492273981972,1981,2025,45,1144.9588699796086,240.8065744162574,-1.3363822950495212,FINAL
1411,Quiché,San Juan Cotzal,2019,943.8713370322162,1981,2025,45,1317.6585990630545,273.4693459206109,-1.3668342269679834,FINAL
1412,Quiché,Joyabaj,2019,544.1046592484541,1981,2025,45,763.871436675013,147.26967914685483,-1.492274436256571,FINAL
1413,Quiché,Nebaj,2019,1108.9787780849856,1981,2025,45,1558.0613824661013,319.1160314421374,-1.4072705854094456,FINAL
1414,Quiché,San Andrés Sajcabajá,2019,855.015143491888,1981,2025,45,1120.7685812384198,225.88147333126602,-1.1765171965068226,FINAL
1415,Quiché,Uspantán,2019,1313.0608403131243,1981,2025,45,1736.623192633712,319.36561943009195,-1.3262615840629146,FINAL
1416,Quiché,Sacapulas,2019,500.26542683090037,1981,2025,45,689.3977154822514,149.54593899636225,-1.2647102951819493,FINAL
1417,Quiché,San Bartolomé Jocotenango,2019,556.2491221732712,1981,2025,45,751.3584663155121,155.93768250796947,-1.251200742529116,FINAL
1418,Quiché,Canillá,2019,820.6183150184111,1981,2025,45,1047.9020069017665,205.75669744987582,-1.1046235417864043,FINAL
1419,Quiché,Chicamán,2019,914.6543241134394,1981,2025,45,1199.7535060507382,217.83134144973704,-1.3088069881949624,FINAL
1420,Quiché,Ixcán,2019,1357.3787121822986,1981,2025,45,1982.9818046337205,404.4784901346387,-1.5466906342613607,FINAL
1421,Quiché,Pachalum,2019,481.01898747425463,1981,2025,45,723.1904726663884,146.01164386019076,-1.6585765271160022,FINAL
1501,Baja Verapaz,Salamá,2019,471.89564587012165,1981,2025,45,737.0828079383101,174.56128538592358,-1.5191636649667615,FINAL
1502,Baja Verapaz,San Miguel Chicaj,2019,435.97088934236444,1981,2025,45,676.1855551676214,155.39242768672088,-1.5458582467708275,FINAL
1503,Baja Verapaz,Rabinal,2019,406.8213959725877,1981,2025,45,610.5828072059969,129.6217888424621,-1.5719688260208617,FINAL
1504,Baja Verapaz,Cubulco,2019,557.6326789212193,1981,2025,45,746.6781819037498,144.42014781052524,-1.3089967421342923,FINAL
1505,Baja Verapaz,Granados,2019,429.88833031078514,1981,2025,45,671.5372184931995,142.413719090397,-1.6968090555168207,FINAL
1506,Baja Verapaz,El Chol,2019,363.7550774100416,1981,2025,45,573.2604236953914,124.70022709498384,-1.6800718905328864,FINAL
1507,Baja Verapaz,San Jerónimo,2019,392.0312979318948,1981,2025,45,652.67686732031,163.3270425691117,-1.5958506643388413,FINAL
1508,Baja Verapaz,Purulhá,2019,899.0611136126353,1981,2025,45,1363.498860191597,298.4793987224034,-1.5560127384567188,FINAL
1601,Alta Verapaz,Cobán,2019,1018.6449462102179,1981,2025,45,1553.7122917285308,300.50123724106487,-1.7805828369654162,FINAL
1602,Alta Verapaz,Santa Cruz Verapaz,2019,662.8169028892034,1981,2025,45,1017.5683610328467,211.22252708299484,-1.6795152630867454,FINAL
1603,Alta Verapaz,San Cristóbal Verapaz,2019,651.3252943865759,1981,2025,45,909.8980238578338,174.7231911713619,-1.479899306656204,FINAL
1604,Alta Verapaz,Tactic,2019,668.1497043900692,1981,2025,45,1053.1189715268413,217.23433375520173,-1.772138227332832,FINAL
1605,Alta Verapaz,Tamahú,2019,795.1653711305065,1981,2025,45,1231.3018015405569,250.7826709464337,-1.7391011458810388,FINAL
1606,Alta Verapaz,Tucurú,2019,1068.1566117939385,1981,2025,45,1616.9184348434617,329.7523448253469,-1.664163520475266,FINAL
1607,Alta Verapaz,Panzós,2019,1025.6058657627093,1981,2025,45,1532.8891794439207,279.67610295255383,-1.8138243072103677,FINAL
1608,Alta Verapaz,Senahú,2019,1240.8251541684256,1981,2025,45,1835.985203777119,348.0061913597451,-1.7101996009992178,FINAL
1609,Alta Verapaz,San Pedro Carchá,2019,1030.030684287017,1981,2025,45,1588.7189294749076,296.76549226011576,-1.8825916751068845,FINAL
1610,Alta Verapaz,San Juan Chamelco,2019,773.2608538112881,1981,2025,45,1162.6363032215243,229.56630688764034,-1.6961350064354752,FINAL
1611,Alta Verapaz,Lanquín,2019,1134.744729248646,1981,2025,45,1693.8883275379517,319.5980298298211,-1.74952141784803,FINAL
1612,Alta Verapaz,Cahabón,2019,922.3519696918835,1981,2025,45,1449.866450917251,262.495707447714,-2.009611838435271,FINAL
1613,Alta Verapaz,Chisec,2019,1124.432199968113,1981,2025,45,1950.6273463157247,389.20982122138855,-2.1227499957604077,FINAL
1614,Alta Verapaz,Chahal,2019,1081.3768962544063,1981,2025,45,1581.8659460042195,272.93651369041316,-1.833719655104515,FINAL
1615,Alta Verapaz,Fray Bartolomé De Las Casas,2019,816.1234442932224,1981,2025,45,1306.8423101067767,243.0194306871018,-2.0192577376472274,FINAL
1616,Alta Verapaz,Santa Catalina La Tinta,2019,965.4752504839319,1981,2025,45,1463.0759920961766,302.5543822008545,-1.6446654581321063,FINAL
1617,Alta Verapaz,Raxruhá,2019,1004.6869410482649,1981,2025,45,1750.984072689626,349.33955656770536,-2.136308693392188,FINAL
1701,Petén,Flores,2019,390.0660275200432,1981,2025,45,665.0379308412522,150.85208944118935,-1.8227914796527136,FINAL
1702,Petén,San José,2019,485.7706359754575,1981,2025,45,688.5870364206187,151.9613147461473,-1.334658105478804,FINAL
1703,Petén,San Benito,2019,579.7562431512292,1981,2025,45,905.2948869348319,183.27453263731115,-1.7762350234869964,FINAL
1704,Petén,San Andrés,2019,614.6031039156647,1981,2025,45,789.4483967513903,173.46235633155368,-1.007972545360381,FINAL
1705,Petén,La Libertad,2019,686.4816657164113,1981,2025,45,1030.7725615507966,218.0788875370228,-1.5787447364703553,FINAL
1706,Petén,San Francisco,2019,582.3211118092228,1981,2025,45,965.674005497682,185.89970271469133,-2.0621490410708625,FINAL
1707,Petén,Santa Ana,2019,453.2519966777435,1981,2025,45,781.6277845590836,163.5678827914945,-2.0075810866851644,FINAL
1708,Petén,Dolores,2019,543.4043636530852,1981,2025,45,896.7817009660795,174.08437496061973,-2.0299199017311755,FINAL
1709,Petén,San Luis,2019,789.9817400566108,1981,2025,45,1259.1143412479544,233.53651863093086,-2.008819023001438,FINAL
1710,Petén,Sayaxché,2019,667.8643289035446,1981,2025,45,1193.4223172269135,241.98446642728132,-2.17186663294069,FINAL
1711,Petén,Melchor De Mencos,2019,316.9074603224133,1981,2025,45,630.6097621075538,143.0652304309987,-2.1927221648480213,FINAL
1712,Petén,Poptún,2019,593.9745927657743,1981,2025,45,983.2025145079061,184.497946473166,-2.10965991319986,FINAL
1713,Petén,Las Cruces,2019,688.723723884136,1981,2025,45,1095.94075175201,234.39303694558225,-1.737325618433006,FINAL
1714,Petén,El Chal,2019,536.6803615880951,1981,2025,45,947.8876539753746,181.1037496662572,-2.270562001863922,FINAL
1801,Izabal,Puerto Barrios,2019,743.8541491622993,1981,2025,45,1145.199280220312,228.70290993830196,-1.7548754896310022,FINAL
1802,Izabal,Livingston,2019,1290.4183904502202,1981,2025,45,1671.6612861785597,250.51176402965342,-1.5218562577492822,FINAL
1803,Izabal,El Estor,2019,1012.9479509078508,1981,2025,45,1464.6517962082726,233.09537852113175,-1.9378498542795932,FINAL
1804,Izabal,Morales,2019,630.3223948959248,1981,2025,45,870.1686351759024,157.6859387489477,-1.5210375901800448,FINAL
1805,Izabal,Los Amates,2019,754.8285708441817,1981,2025,45,1031.3838760251824,195.18899505996208,-1.4168591067136898,FINAL
1901,Zacapa,Zacapa,2019,506.5603205892914,1981,2025,45,662.144907771426,155.59196709103114,-0.9999525688309332,FINAL
1902,Zacapa,Estanzuela,2019,399.8551979309605,1981,2025,45,526.3289604192655,130.8599930107165,-0.9664815011716201,FINAL
1903,Zacapa,Río Hondo,2019,510.12871189272084,1981,2025,45,733.0356745219029,159.04798778744575,-1.4015075935891657,FINAL
1904,Zacapa,Gualán,2019,688.2601413432441,1981,2025,45,958.802550745991,198.06439072139466,-1.3659315963731347,FINAL
1905,Zacapa,Teculután,2019,642.3047764320712,1981,2025,45,969.1621383841864,221.40891730395057,-1.4762610554813598,FINAL
1906,Zacapa,Usumatlán,2019,668.981380916048,1981,2025,45,1005.4934446693854,239.98858267531918,-1.4022003047061826,FINAL
1907,Zacapa,Cabañas,2019,643.7848433292494,1981,2025,45,885.045191116118,214.32620867905482,-1.1256689010355545,FINAL
1908,Zacapa,San Diego,2019,619.8668312335508,1981,2025,45,822.5685530813441,194.11179056112846,-1.04425249626431,FINAL
1909,Zacapa,La Unión,2019,690.0438201008747,1981,2025,45,892.0191140925615,199.82655088988824,-1.0107530410359864,FINAL
1910,Zacapa,Huité,2019,480.55649071288167,1981,2025,45,639.1525254872814,159.9139864194263,-0.9917583716438049,FINAL
1911,Zacapa,San Jorge,2019,430.66245898467986,1981,2025,45,551.7870889948197,137.95445207811346,-0.8780045021059258,FINAL
2001,Chiquimula,Chiquimula,2019,475.22582916660315,1981,2025,45,605.3332446218732,143.15494929255973,-0.9088572633934925,FINAL
2002,Chiquimula,San José La Arada,2019,512.5259792783157,1981,2025,45,618.226868876913,139.19787226693143,-0.7593570783603721,FINAL
2003,Chiquimula,San Juan Ermita,2019,645.8294431834648,1981,2025,45,797.6959741772505,185.25282409997575,-0.8197798426642476,FINAL
2004,Chiquimula,Jocotán,2019,612.5079061340069,1981,2025,45,764.8060180908973,170.4545949105898,-0.8934819975769897,FINAL
2005,Chiquimula,Camotán,2019,673.1480397781136,1981,2025,45,846.339488604652,188.23661778860887,-0.9200731019351068,FINAL
2006,Chiquimula,Olopa,2019,747.478345455276,1981,2025,45,914.3991210783402,194.42264519807955,-0.858545955143259,FINAL
2007,Chiquimula,Esquipulas,2019,836.9158656546634,1981,2025,45,1004.3636911115124,194.21787378994628,-0.8621648573804791,FINAL
2008,Chiquimula,Concepción Las Minas,2019,838.8391716292382,1981,2025,45,988.4437197313028,172.86779170666156,-0.8654275421989992,FINAL
2009,Chiquimula,Quezaltepeque,2019,726.176621562921,1981,2025,45,886.1384305243088,180.26941970800442,-0.8873485542943979,FINAL
2010,Chiquimula,San Jacinto,2019,580.5150973189529,1981,2025,45,715.6017666246838,151.7217424488989,-0.8903580141206798,FINAL
2011,Chiquimula,Ipala,2019,506.362375192821,1981,2025,45,617.8121034388889,129.79034965885648,-0.8586904075611522,FINAL
2101,Jalapa,Jalapa,2019,565.6902247478375,1981,2025,45,793.4383897951086,167.26644580337955,-1.3615890739675747,FINAL
2102,Jalapa,San Pedro Pinula,2019,559.760344661927,1981,2025,45,760.9742585157265,177.17944437925806,-1.1356504393539861,FINAL
2103,Jalapa,San Luis Jilotepeque,2019,487.4529944688878,1981,2025,45,609.0976144365395,133.3674210549345,-0.912101463801612,FINAL
2104,Jalapa,San Manuel Chaparrón,2019,541.8232067958921,1981,2025,45,686.0155401913403,141.22811189948516,-1.0209888913481524,FINAL
2105,Jalapa,San Carlos Alzatate,2019,722.8312102124253,1981,2025,45,991.6977951193583,190.00990963035906,-1.4150134876121983,FINAL
2106,Jalapa,Monjas,2019,553.8458814607387,1981,2025,45,717.8190514103777,144.22761123679678,-1.1369055380139619,FINAL
2107,Jalapa,Mataquescuintla,2019,684.602262869538,1981,2025,45,927.9820263941452,181.87031910664015,-1.3382049623055914,FINAL
2201,Jutiapa,Jutiapa,2019,659.2821336103808,1981,2025,45,846.1911803521257,154.2340843592022,-1.2118530577615036,FINAL
2202,Jutiapa,El Progreso,2019,631.2029264112076,1981,2025,45,784.4818125784279,148.43674599349708,-1.0326208995037884,FINAL
2203,Jutiapa,Santa Catarina Mita,2019,598.9236991159906,1981,2025,45,720.3914680775822,138.85851879017798,-0.8747592154942636,FINAL
2204,Jutiapa,Agua Blanca,2019,540.7782755301564,1981,2025,45,646.1143884578172,124.23271475481177,-0.8478935128766549,FINAL
2205,Jutiapa,Asunción Mita,2019,708.6133492862003,1981,2025,45,828.2578853843715,137.04358512582877,-0.873040033127546,FINAL
2206,Jutiapa,Yupiltepeque,2019,766.8049120525053,1981,2025,45,974.9132260102331,194.5655198343248,-1.0696053141118471,FINAL
2207,Jutiapa,Atescatempa,2019,815.6320166239921,1981,2025,45,987.20448875801,168.99465373614626,-1.0152538458518132,FINAL
2208,Jutiapa,Jerez,2019,889.2479566087748,1981,2025,45,1103.442492567377,181.97122414511912,-1.1770791616359386,FINAL
2209,Jutiapa,El Adelanto,2019,707.5338766804454,1981,2025,45,929.3442217187096,187.01579972366176,-1.1860513676706224,FINAL
2210,Jutiapa,Zapotitlán,2019,791.2513332455641,1981,2025,45,1013.6535803693209,182.0261909854062,-1.2218145417413464,FINAL
2211,Jutiapa,Comapa,2019,749.0148905557644,1981,2025,45,971.6863393752463,172.44817186352384,-1.2912369346292927,FINAL
2212,Jutiapa,Jalpatagua,2019,750.3572853104201,1981,2025,45,974.1767878167823,174.09709034417662,-1.2856016264481396,FINAL
2213,Jutiapa,Conguaco,2019,856.9832034829811,1981,2025,45,1057.2860638812178,196.5643055042153,-1.0190195004348908,FINAL
2214,Jutiapa,Moyuta,2019,885.5703490598223,1981,2025,45,1047.356488048507,208.57601055190463,-0.7756699275270859,FINAL
2215,Jutiapa,Pasaco,2019,908.9474120058297,1981,2025,45,1091.9948910997716,225.2805060991107,-0.8125313737239711,FINAL
2216,Jutiapa,San José Acatempa,2019,690.2285742224637,1981,2025,45,914.6867338150578,166.73541926756351,-1.3461936316746337,FINAL
2217,Jutiapa,Quesada,2019,614.4659263135924,1981,2025,45,810.1318499611182,151.46639654813117,-1.2918107785402384,FINAL
101,Guatemala,Guatemala,2025,587.4325699411584,1981,2025,45,805.9353880763103,168.58441163415105,-1.2961033349235753,FINAL
102,Guatemala,Santa Catarina Pinula,2025,775.7659771398643,1981,2025,45,979.7887848916724,188.28410955681804,-1.0835901565566832,FINAL
103,Guatemala,San José Pinula,2025,917.6777362253637,1981,2025,45,1157.1574856924851,214.54544181718063,-1.116219237466662,FINAL
104,Guatemala,San José Del Golfo,2025,406.87716595774566,1981,2025,45,564.2120971368274,127.61438389904865,-1.2328933962768964,FINAL
105,Guatemala,Palencia,2025,590.6512718802151,1981,2025,45,813.5525578322723,175.5907257759969,-1.2694365546185793,FINAL
106,Guatemala,Chinautla,2025,537.889008478687,1981,2025,45,781.2513278676729,175.818569432629,-1.3841673275713842,FINAL
107,Guatemala,San Pedro Ayampuc,2025,482.3573395867047,1981,2025,45,679.3514012654831,147.4031573174629,-1.3364304080306184,FINAL
108,Guatemala,Mixco,2025,560.4117289976438,1981,2025,45,782.2114395617658,168.7531626939166,-1.3143440219038793,FINAL
109,Guatemala,San Pedro Sacatepéquez,2025,560.8319747910709,1981,2025,45,794.3541452704935,178.34897148315923,-1.309355296738973,FINAL
110,Guatemala,San Juan Sacatepéquez,2025,529.6655264791084,1981,2025,45,783.2933334662749,168.60131643179946,-1.5043050217805443,FINAL
111,Guatemala,San Raymundo,2025,523.8224189010805,1981,2025,45,755.7512996836648,166.0762972765092,-1.3965200608755968,FINAL
112,Guatemala,Chuarrancho,2025,440.1915317486849,1981,2025,45,632.3679121520246,139.41749551678137,-1.3784237027856223,FINAL
113,Guatemala,Fraijanes,2025,791.3898320361965,1981,2025,45,984.886868442841,175.93129984548875,-1.0998442947706453,FINAL
114,Guatemala,Amatitlán,2025,596.6384001454311,1981,2025,45,770.7506099946462,141.7059418775292,-1.2286867264866943,FINAL
115,Guatemala,Villa Nueva,2025,562.8396779997653,1981,2025,45,749.2480761473272,147.86884669335356,-1.2606333403961054,FINAL
116,Guatemala,Villa Canales,2025,786.2202595408995,1981,2025,45,958.5304515810557,165.2652985348972,-1.0426277843425875,FINAL
117,Guatemala,Petapa,2025,643.5178178486171,1981,2025,45,824.5842238321788,155.46342950729655,-1.1646880977565435,FINAL
201,El Progreso,Guastatoya,2025,386.4969621855385,1981,2025,45,499.92502154435317,128.82658094937884,-0.8804709286151522,FINAL
202,El Progreso,Morazán,2025,387.99211221311043,1981,2025,45,537.8735509995524,139.03309410033285,-1.0780270679891544,FINAL
203,El Progreso,San Agustín Acasaguastlán,2025,661.3961690736368,1981,2025,45,850.9877350833432,209.55483649472433,-0.9047348616765497,FINAL
204,El Progreso,San Cristóbal Acasaguastlán,2025,1000.8695590051695,1981,2025,45,1206.029603749147,288.26095581054057,-0.7117163827029663,FINAL
205,El Progreso,El Jícaro,2025,695.3431185639258,1981,2025,45,831.8877020564397,201.77447027937458,-0.6767188302041177,FINAL
206,El Progreso,Sansare,2025,349.30747117047974,1981,2025,45,505.998147835385,119.29226852926067,-1.313502363537259,FINAL
207,El Progreso,Sanarate,2025,418.0142629245203,1981,2025,45,574.1882496351507,134.01539834303213,-1.165343599627858,FINAL
208,El Progreso,San Antonio La Paz,2025,395.6027204373227,1981,2025,45,585.7613569216905,134.50533234946002,-1.4137628089741026,FINAL
301,Sacatepéquez,Antigua Guatemala,2025,489.28855104196333,1981,2025,45,686.4445699312046,131.24946982128176,-1.502147164157709,FINAL
302,Sacatepéquez,Jocotenango,2025,488.4300879939808,1981,2025,45,691.9122278494875,133.00926007348656,-1.5298343870425597,FINAL
303,Sacatepéquez,Pastores,2025,498.4557345611861,1981,2025,45,723.5100863668026,142.33409664696933,-1.5811696361400875,FINAL
304,Sacatepéquez,Sumpango,2025,549.7594358629478,1981,2025,45,791.7566790943899,163.07981547651625,-1.4839190400377298,FINAL
305,Sacatepéquez,Santo Domingo Xenacoj,2025,584.5061101429234,1981,2025,45,832.2260841706184,180.5512098131162,-1.3720205712501368,FINAL
306,Sacatepéquez,Santiago Sacatepéquez,2025,559.0551268945323,1981,2025,45,775.5974746731882,162.81505442021967,-1.3299897147088626,FINAL
307,Sacatepéquez,San Bartolomé Milpas Altas,2025,521.4503421831907,1981,2025,45,719.6066482916153,146.39322856487334,-1.353589288596178,FINAL
308,Sacatepéquez,San Lucas Sacatepéquez,2025,529.2564131313727,1981,2025,45,725.9762011225885,148.85370529187512,-1.3215646033498725,FINAL
309,Sacatepéquez,Santa Lucía Milpas Altas,2025,482.88015178495044,1981,2025,45,669.6792800983123,132.8006168235905,-1.4066134087426858,FINAL
310,Sacatepéquez,Magdalena Milpas Altas,2025,458.41519036636083,1981,2025,45,630.1849154482805,123.36504196439411,-1.392369526624052,FINAL
311,Sacatepéquez,Santa María De Jesús,2025,537.1997562973033,1981,2025,45,726.5518227355706,135.44881171951408,-1.3979603367091578,FINAL
312,Sacatepéquez,Ciudad Vieja,2025,567.7905414715907,1981,2025,45,793.8592450768402,147.458611349329,-1.533099366232966,FINAL
313,Sacatepéquez,San Miguel Dueñas,2025,751.8098251668098,1981,2025,45,995.3007053904802,178.0989055862011,-1.3671666281285435,FINAL
314,Sacatepéquez,Alotenango,2025,1007.7766656201384,1981,2025,45,1292.4140039749363,225.18995712839185,-1.2639877105732218,FINAL
315,Sacatepéquez,San Antonio Aguas Calientes,2025,510.6470652398459,1981,2025,45,746.1007177910299,145.22642163423063,-1.6212866081917305,FINAL
316,Sacatepéquez,Santa Catarina Barahona,2025,585.4619430638816,1981,2025,45,813.601703348977,150.8322437110738,-1.5125397240798713,FINAL
401,Chimaltenango,Chimaltenango,2025,510.0538270405754,1981,2025,45,749.512736867835,154.63552760171504,-1.5485374773901812,FINAL
402,Chimaltenango,San José Poaquil,2025,517.7632526387029,1981,2025,45,709.0320780503096,141.40927988794732,-1.3525903361021856,FINAL
403,Chimaltenango,San Martín Jilotepeque,2025,513.9959777666918,1981,2025,45,739.4113865795837,151.6626684184607,-1.4862946245343382,FINAL
404,Chimaltenango,Comalapa,2025,468.47712757929037,1981,2025,45,648.3139105815285,127.81696212756934,-1.4069868349926025,FINAL
405,Chimaltenango,Santa Apolonia,2025,489.56107530022194,1981,2025,45,661.7249161806004,134.54131993168744,-1.279635438152336,FINAL
406,Chimaltenango,Tecpán Guatemala,2025,521.1133066703421,1981,2025,45,704.4997923126705,140.01891200488507,-1.309726543482428,FINAL
407,Chimaltenango,Patzún,2025,728.3709906223733,1981,2025,45,916.9119148679318,173.08210726476085,-1.0893149339645527,FINAL
408,Chimaltenango,Pochuta,2025,1552.4754124895815,1981,2025,45,1769.1927153780148,328.22629837531855,-0.6602679430659835,FINAL
409,Chimaltenango,Patzicía,2025,699.3888399928187,1981,2025,45,887.3120102312872,161.53016841227407,-1.1633936377682186,FINAL
410,Chimaltenango,Santa Cruz Balanyá,2025,479.64204279895523,1981,2025,45,639.4036458665408,122.50604845146319,-1.3041119608954088,FINAL
411,Chimaltenango,Acatenango,2025,1419.3149821943448,1981,2025,45,1690.587958278603,301.3902945300818,-0.9000720361855663,FINAL
412,Chimaltenango,Yepocapa,2025,1913.0345375695401,1981,2025,45,2115.3146263656317,395.8743354680076,-0.5109704536843833,FINAL
413,Chimaltenango,San Andrés Itzapa,2025,645.4937748103719,1981,2025,45,850.4597466304372,156.30765321516728,-1.3112983760169235,FINAL
414,Chimaltenango,Parramos,2025,584.0941456487594,1981,2025,45,798.4335508041568,147.67331471128813,-1.4514430421938194,FINAL
415,Chimaltenango,Zaragoza,2025,513.9359624638981,1981,2025,45,721.3780456783431,141.0502285495799,-1.470696540853374,FINAL
416,Chimaltenango,El Tejar,2025,518.2551200642613,1981,2025,45,768.1955765744727,164.3513856963441,-1.52076878117719,FINAL
501,Escuintla,Escuintla,2025,1386.9501555652287,1981,2025,45,1624.0461351283082,277.59480938491146,-0.8541081156684147,FINAL
502,Escuintla,Santa Lucía Cotzumalguapa,2025,1608.31387246986,1981,2025,45,1838.199956400591,347.2304426541072,-0.6620562476422366,FINAL
503,Escuintla,La Democracia,2025,1117.6852673600577,1981,2025,45,1310.040899393983,256.6638791278997,-0.7494456667900333,FINAL
504,Escuintla,Siquinalá,2025,2033.8672917679694,1981,2025,45,2273.242644334534,415.076240489882,-0.5767021313579609,FINAL
505,Escuintla,Masagua,2025,1025.2530768718345,1981,2025,45,1213.3284212260087,241.55757094219354,-0.7785942854971908,FINAL
506,Escuintla,Tiquisate,2025,899.2248901103876,1981,2025,45,1099.3330593701887,216.54027105385555,-0.9241152617289944,FINAL
507,Escuintla,La Gomera,2025,981.2593625458127,1981,2025,45,1192.8089121952646,235.2033963522672,-0.8994323761065568,FINAL
508,Escuintla,Guanagazapa,2025,1240.5356532234773,1981,2025,45,1434.777751302957,270.2549364334725,-0.7187365405526849,FINAL
509,Escuintla,San José,2025,854.1067524287386,1981,2025,45,1039.3040527679698,228.08414060460757,-0.8119692138537493,FINAL
510,Escuintla,Iztapa,2025,984.5524553150094,1981,2025,45,1171.443438924166,254.28708795826137,-0.7349605719651516,FINAL
511,Escuintla,Palín,2025,974.6686366004288,1981,2025,45,1229.6740875837374,204.72369759478818,-1.2456078801783057,FINAL
512,Escuintla,San Vicente Pacaya,2025,1023.4666125150455,1981,2025,45,1232.4522222820158,199.66916006312087,-1.0466594325378251,FINAL
513,Escuintla,Nueva Concepción,2025,892.2240838689377,1981,2025,45,1106.7321636729432,217.25214322216442,-0.9873692227958701,FINAL
514,Escuintla,Sipacate,2025,773.0419700126355,1981,2025,45,962.9158757294643,200.26173540828188,-0.948128734277295,FINAL
601,Santa Rosa,Cuilapa,2025,979.3616037914938,1981,2025,45,1113.9389927404193,201.64351815096526,-0.66740250409721,FINAL
602,Santa Rosa,Barberena,2025,907.5601101638177,1981,2025,45,1073.9200180336643,187.26832031187345,-0.8883505100744943,FINAL
603,Santa Rosa,Santa Rosa De Lima,2025,891.8422017429904,1981,2025,45,1098.9141519919353,194.4955596021213,-1.0646615823649195,FINAL
604,Santa Rosa,Casillas,2025,720.9648243203312,1981,2025,45,879.8319224739535,162.46157554480118,-0.9778749074719658,FINAL
605,Santa Rosa,San Rafael Las Flores,2025,698.4713608080125,1981,2025,45,874.5888859801289,169.53719373055472,-1.038813497479614,FINAL
606,Santa Rosa,Oratorio,2025,1044.551719611331,1981,2025,45,1097.179722228,206.10588344535773,-0.25534449447495533,FINAL
607,Santa Rosa,San Juan Tecuaco,2025,1276.4966554657685,1981,2025,45,1321.7291983875978,262.39251357275003,-0.17238503608940892,FINAL
608,Santa Rosa,Chiquimulilla,2025,1117.0933130474318,1981,2025,45,1136.347722109886,236.27206974165833,-0.08149253140037725,FINAL
609,Santa Rosa,Taxisco,2025,1090.4582874940252,1981,2025,45,1218.8835967082114,249.6019689567457,-0.5145204172505603,FINAL
610,Santa Rosa,Santa María Ixhuatán,2025,1151.1434618943929,1981,2025,45,1257.5784654709946,239.94267394665326,-0.4435851356739717,FINAL
611,Santa Rosa,Guazacapán,2025,1113.200461534711,1981,2025,45,1183.321136964315,245.8841681088363,-0.2851776751993498,FINAL
612,Santa Rosa,Santa Cruz Naranjo,2025,804.3843253844476,1981,2025,45,977.6221615972705,174.95455960334098,-0.9901876041732766,FINAL
613,Santa Rosa,Pueblo Nuevo Viñas,2025,1064.8450338524212,1981,2025,45,1220.0645940798386,219.63665332072054,-0.7067106417832761,FINAL
614,Santa Rosa,Nueva Santa Rosa,2025,818.911867094705,1981,2025,45,977.5418471262175,176.83722384095813,-0.8970395292689015,FINAL
701,Sololá,Sololá,2025,574.7179322747152,1981,2025,45,796.1153602579475,172.49984365865305,-1.2834645138655256,FINAL
702,Sololá,San José Chacayá,2025,633.3790901167799,1981,2025,45,876.8463517075679,190.8287806304109,-1.2758414154640807,FINAL
703,Sololá,Santa María Visitación,2025,1271.4083583614276,1981,2025,45,1620.2366449444319,313.89632724194166,-1.1112850209111815,FINAL
704,Sololá,Santa Lucía Utatlán,2025,684.9384052727257,1981,2025,45,947.1030120330585,198.13819272096447,-1.3231401940237533,FINAL
705,Sololá,Nahualá,2025,1016.14422524341,1981,2025,45,1268.7054003297897,237.9665454153107,-1.0613305943724052,FINAL
706,Sololá,Santa Catarina Ixtahuacán,2025,1233.7803414076989,1981,2025,45,1543.316357577862,292.45920878019774,-1.058390390445184,FINAL
707,Sololá,Santa Clara La Laguna,2025,1136.548384113388,1981,2025,45,1465.2036463075349,287.3942095803723,-1.1435695335477367,FINAL
708,Sololá,Concepción,2025,590.2066225793716,1981,2025,45,788.8802352552333,169.24181993202586,-1.1739037830936632,FINAL
709,Sololá,San Andrés Semetabaj,2025,559.0182184569759,1981,2025,45,747.6849343704423,150.72352112651757,-1.2517403687450963,FINAL
710,Sololá,Panajachel,2025,595.3771382487109,1981,2025,45,801.8707087544167,165.17576083893948,-1.2501445094420038,FINAL
711,Sololá,Santa Catarina Palopó,2025,559.9817532713716,1981,2025,45,755.7059488544892,152.48686043079613,-1.2835479400006666,FINAL
712,Sololá,San Antonio Palopó,2025,580.9713874896784,1981,2025,45,747.2474848891236,151.7801546256108,-1.095506180037772,FINAL
713,Sololá,San Lucas Tolimán,2025,831.3638446672146,1981,2025,45,998.124988336358,195.54731318396853,-0.8527917921953576,FINAL
714,Sololá,Santa Cruz La Laguna,2025,646.2151863113163,1981,2025,45,882.1788192461042,183.01869125632155,-1.2892870739869726,FINAL
715,Sololá,San Pablo La Laguna,2025,1020.2973967045547,1981,2025,45,1315.3595202734073,265.1779670282575,-1.1126947192313705,FINAL
716,Sololá,San Marcos La Laguna,2025,958.2140065439028,1981,2025,45,1244.0411190560706,251.48669019868393,-1.1365496610828734,FINAL
717,Sololá,San Juan La Laguna,2025,1380.5354990840124,1981,2025,45,1721.7704541836902,334.7343296776085,-1.019420253155182,FINAL
718,Sololá,San Pedro La Laguna,2025,1191.9721956824812,1981,2025,45,1464.0635446251774,288.5893155384523,-0.9428323721376376,FINAL
719,Sololá,Santiago Atitlán,2025,1005.2218107774623,1981,2025,45,1207.08484214742,236.35777009642717,-0.8540570986416199,FINAL
801,Totonicapán,Totonicapán,2025,492.12022123927886,1981,2025,45,721.9187731075076,154.79012670116526,-1.4845814572648632,FINAL
802,Totonicapán,San Cristóbal Totonicapán,2025,376.33247289383377,1981,2025,45,554.1177187684923,115.37663651756306,-1.5409120185922165,FINAL
803,Totonicapán,San Francisco El Alto,2025,372.58176566638394,1981,2025,45,559.1981274305095,115.82724135237407,-1.6111612396637691,FINAL
804,Totonicapán,San Andrés Xecul,2025,375.7328236719154,1981,2025,45,549.2034851718106,110.96966396468513,-1.563225978183554,FINAL
805,Totonicapán,Momostenango,2025,365.2761009616449,1981,2025,45,558.6655103630383,119.92458481448307,-1.6125918609645926,FINAL
806,Totonicapán,Santa María Chiquimula,2025,426.66235807795,1981,2025,45,640.7468482743094,140.72309445307488,-1.5213173859515108,FINAL
807,Totonicapán,Santa Lucía La Reforma,2025,377.26799188259093,1981,2025,45,587.8163376011979,136.76948524516544,-1.5394394834578022,FINAL
808,Totonicapán,San Bartolo Aguas Calientes,2025,331.27014056778734,1981,2025,45,512.8707543919937,111.10992944588682,-1.6344229064842508,FINAL
901,Quetzaltenango,Quetzaltenango,2025,895.1890378344988,1981,2025,45,1145.3146144931693,188.44248271678433,-1.327331146632108,FINAL
902,Quetzaltenango,Salcajá,2025,362.725275199641,1981,2025,45,530.2520694853453,110.99807688841601,-1.5092765476839332,FINAL
903,Quetzaltenango,Olintepeque,2025,512.982000491766,1981,2025,45,736.2352090254996,133.1539170239603,-1.6766552086752382,FINAL
904,Quetzaltenango,San Carlos Sija,2025,355.4527759196294,1981,2025,45,545.3221676103338,108.79745441103371,-1.745163916918343,FINAL
905,Quetzaltenango,Sibilia,2025,449.9944388438211,1981,2025,45,643.9782227050529,118.29922017181417,-1.6397722958739342,FINAL
906,Quetzaltenango,Cabricán,2025,368.17896918323555,1981,2025,45,544.6003700254953,109.12562566683222,-1.6166816892384746,FINAL
907,Quetzaltenango,Cajolá,2025,501.04731682598646,1981,2025,45,708.648964604125,122.25432925685584,-1.6981128524452362,FINAL
908,Quetzaltenango,San Miguel Sigüilá,2025,727.7396100610719,1981,2025,45,986.492573424658,161.14704633742463,-1.6056947318896877,FINAL
909,Quetzaltenango,San Juan Ostuncalco,2025,1164.400148488276,1981,2025,45,1458.5616887667613,211.65624008285158,-1.3898080215510655,FINAL
910,Quetzaltenango,San Mateo,2025,1160.3445820918464,1981,2025,45,1504.6769481178605,240.70331787142274,-1.4305260478791875,FINAL
911,Quetzaltenango,Concepción Chiquirichapa,2025,1228.3035535905522,1981,2025,45,1525.6055127944646,237.32764234552107,-1.2527068329068718,FINAL
912,Quetzaltenango,San Martín Sacatepéquez,2025,1518.8790330410293,1981,2025,45,1762.2051743455766,261.3859745369572,-0.930907412823497,FINAL
913,Quetzaltenango,Almolonga,2025,572.9779592056661,1981,2025,45,776.4790522113119,150.50365733191862,-1.3521338724470156,FINAL
914,Quetzaltenango,Cantel,2025,569.1557320573689,1981,2025,45,776.9591226558856,156.33656089803773,-1.3292053337033904,FINAL
915,Quetzaltenango,Huitán,2025,383.1066227917977,1981,2025,45,557.6377836239028,111.25669226851754,-1.568725056204933,FINAL
916,Quetzaltenango,Zunil,2025,1262.2988305503384,1981,2025,45,1488.092460957035,260.0360140540043,-0.8683167646147805,FINAL
917,Quetzaltenango,Colomba,2025,1914.8147077029278,1981,2025,45,1963.914559392073,316.5981828058234,-0.1550857028110589,FINAL
918,Quetzaltenango,San Francisco La Unión,2025,419.45204138135614,1981,2025,45,618.0943281105618,117.30717318727554,-1.6933515771629954,FINAL
919,Quetzaltenango,El Palmar,2025,1891.2617110338838,1981,2025,45,2052.436727488432,329.6186510198038,-0.48897420081021076,FINAL
920,Quetzaltenango,Coatepeque,2025,1550.8677315584089,1981,2025,45,1470.066877821681,288.8060767489688,0.2797754626436075,FINAL
921,Quetzaltenango,Génova,2025,1695.5675957350131,1981,2025,45,1611.7093857309733,310.6797081318067,0.26991852962750557,FINAL
922,Quetzaltenango,Flores Costa Cuca,2025,1799.076617055817,1981,2025,45,1731.2845424469606,332.98767269161175,0.20358734021856825,FINAL
923,Quetzaltenango,La Esperanza,2025,1051.7385559082031,1981,2025,45,1437.055826931695,235.60654688793105,-1.6354268423906424,FINAL
924,Quetzaltenango,Palestina De los Altos,2025,650.1268725687221,1981,2025,45,856.8915330168301,134.98177777276476,-1.531796838505018,FINAL
1001,Suchitepéquez,Mazatenango,2025,1626.6138129241897,1981,2025,45,1751.147077615376,331.47145972061446,-0.3756983023399692,FINAL
1002,Suchitepéquez,Cuyotenango,2025,1669.9280356519023,1981,2025,45,1738.263770336757,328.7747823727994,-0.207849684187057,FINAL
1003,Suchitepéquez,San Francisco Zapotitlán,2025,1693.1957688044738,1981,2025,45,1861.2299438138969,325.16874872535385,-0.5167599151766862,FINAL
1004,Suchitepéquez,San Bernardino,2025,1561.672590855599,1981,2025,45,1723.8960394736398,319.5531279483426,-0.5076572076123285,FINAL
1005,Suchitepéquez,San José El Ídolo,2025,1425.4206534768696,1981,2025,45,1619.3346127686227,327.15710558669144,-0.5927242782760499,FINAL
1006,Suchitepéquez,Santo Domingo Suchitepéquez,2025,1197.22476997996,1981,2025,45,1352.5979063413479,273.22131149226936,-0.5686713657612469,FINAL
1007,Suchitepéquez,San Lorenzo,2025,985.9625084434804,1981,2025,45,1104.0018040192015,232.6083146418275,-0.5074594850896845,FINAL
1008,Suchitepéquez,Samayac,2025,1590.8221518884054,1981,2025,45,1746.6888791660695,313.8681426147742,-0.4965993871794977,FINAL
1009,Suchitepéquez,San Pablo Jocopilas,2025,1565.1267388181363,1981,2025,45,1812.852720916473,337.1960968303216,-0.7346644413354323,FINAL
1010,Suchitepéquez,San Antonio Suchitepéquez,2025,1505.7646527263928,1981,2025,45,1711.2380979792338,332.41965185148695,-0.6181146153917491,FINAL
1011,Suchitepéquez,San Miguel Panán,2025,1524.2102767098038,1981,2025,45,1745.6555993277145,340.7127948350453,-0.6499471871172979,FINAL
1012,Suchitepéquez,San Gabriel,2025,1649.393022295755,1981,2025,45,1767.1736324052554,331.2003191366025,-0.3556174414823623,FINAL
1013,Suchitepéquez,Chicacao,2025,1768.4261183632095,1981,2025,45,2060.3438909403435,398.84357474031793,-0.7319104307176014,FINAL
1014,Suchitepéquez,Patulul,2025,1401.755574464945,1981,2025,45,1608.9321072333648,305.24718117958776,-0.6787172676511317,FINAL
1015,Suchitepéquez,Santa Bárbara,2025,1404.830341913337,1981,2025,45,1633.9436003797866,328.517677969249,-0.6974153107459133,FINAL
1016,Suchitepéquez,San Juan Bautista,2025,1376.2198891527535,1981,2025,45,1564.6664893757536,313.9148725966849,-0.6003111565380168,FINAL
1017,Suchitepéquez,Santo Tomás La Unión,2025,1814.3830215376179,1981,2025,45,2121.9580953684012,396.6460686889938,-0.7754396125679236,FINAL
1018,Suchitepéquez,Zunilito,2025,1776.4687131917235,1981,2025,45,1993.3848520560318,349.9310223871798,-0.6198825625248576,FINAL
1019,Suchitepéquez,Pueblo Nuevo,2025,1793.2538060668082,1981,2025,45,1985.7581929688865,347.40839170400017,-0.5541155352001296,FINAL
1020,Suchitepéquez,Río Bravo,2025,1528.2063106511307,1981,2025,45,1769.7559169716574,356.22842430425106,-0.6780750491550377,FINAL
1021,Suchitepéquez,San José La Máquina,2025,1125.609955025177,1981,2025,45,1244.585003925121,256.5799450245832,-0.46369582349292726,FINAL
1101,Retalhuleu,Retalhuleu,2025,1203.0102622519753,1981,2025,45,1147.3564532371104,231.7696433934576,0.24012553240367937,FINAL
1102,Retalhuleu,San Sebastián,2025,1756.8334726914152,1981,2025,45,1771.16158802208,291.58789772176715,-0.04913823736380396,FINAL
1103,Retalhuleu,Santa Cruz Muluá,2025,1527.55822859381,1981,2025,45,1554.0333846647304,285.80517530420144,-0.09263357825043249,FINAL
1104,Retalhuleu,San Martín Zapotitlán,2025,2090.5923225064003,1981,2025,45,2174.8352723695793,364.0777721460596,-0.2313872373108863,FINAL
1105,Retalhuleu,San Felipe,2025,2024.3044034027575,1981,2025,45,2119.9933910459954,350.6397481871449,-0.2728982898771828,FINAL
1106,Retalhuleu,San Andrés Villa Seca,2025,1162.3571026932732,1981,2025,45,1224.0561879484032,247.24728014941272,-0.2495440403544379,FINAL
1107,Retalhuleu,Champerico,2025,819.7656262275625,1981,2025,45,801.5435589001503,174.86334297399617,0.10420747434825155,FINAL
1108,Retalhuleu,Nuevo San Carlos,2025,1969.4946184846715,1981,2025,45,1985.6321424329813,314.50555570929794,-0.05131077545487276,FINAL
1109,Retalhuleu,El Asintal,2025,1877.6055288625864,1981,2025,45,1807.4721276052312,311.74488134747486,0.22497049816572168,FINAL
1201,San Marcos,San Marcos,2025,711.8471004441803,1981,2025,45,979.7020398915536,169.1414295732993,-1.5836152036973021,FINAL
1202,San Marcos,San Pedro Sacatepéquez,2025,711.6145602808457,1981,2025,45,955.4579343304346,156.03531522301358,-1.56274477800795,FINAL
1203,San Marcos,San Antonio Sacatepéquez,2025,684.0883285306172,1981,2025,45,903.2722328967008,144.46166888061038,-1.517246104551284,FINAL
1204,San Marcos,Comitancillo,2025,433.4656955107412,1981,2025,45,647.69303218483,118.35530710005204,-1.8100357467957988,FINAL
1205,San Marcos,San Miguel Ixtahuacán,2025,408.22123039303546,1981,2025,45,627.0080649971014,121.86376622002629,-1.795339512230765,FINAL
1206,San Marcos,Concepción Tutuapa,2025,433.05628725292996,1981,2025,45,650.6753892134221,122.19846927649952,-1.7808660227001991,FINAL
1207,San Marcos,Tacaná,2025,720.2181155625766,1981,2025,45,985.93943125203,161.68547798418888,-1.6434457751081275,FINAL
1208,San Marcos,Sibinal,2025,1333.0474284464358,1981,2025,45,1906.618333400135,331.083281643202,-1.7324067289263447,FINAL
1209,San Marcos,Tajumulco,2025,1245.325499906525,1981,2025,45,1798.5691032325765,297.0494111595041,-1.86246322174657,FINAL
1210,San Marcos,Tejutla,2025,456.65997510420624,1981,2025,45,702.2801155049535,127.39895539367237,-1.9279603952933724,FINAL
1211,San Marcos,San Rafael Pie De La Cuesta,2025,1530.0373066128875,1981,2025,45,1979.0455401370632,362.165139907718,-1.2397886600532173,FINAL
1212,San Marcos,Nuevo Progreso,2025,2021.5596367786432,1981,2025,45,2225.2021584556433,337.1848153526557,-0.6039492658173647,FINAL
1213,San Marcos,El Tumbador,2025,2005.4827733045306,1981,2025,45,2352.4240542313696,371.64538335788393,-0.933527756465481,FINAL
1214,San Marcos,El Rodeo,2025,1868.714453411249,1981,2025,45,2244.5190803124037,310.6689740567264,-1.2096625613877197,FINAL
1215,San Marcos,Malacatán,2025,1751.234592155837,1981,2025,45,2082.884575975125,330.54856958908454,-1.003332079856139,FINAL
1216,San Marcos,Catarina,2025,1683.2256824071756,1981,2025,45,1884.003814918656,334.6401908015692,-0.5999821241750826,FINAL
1217,San Marcos,Ayutla,2025,1204.7765651572952,1981,2025,45,1242.697315943184,242.77726609015602,-0.1561956413653943,FINAL
1218,San Marcos,Ocós,2025,784.4756814164047,1981,2025,45,723.1510412383967,173.500497010978,0.3534551268410932,FINAL
1219,San Marcos,San Pablo,2025,1569.1195825970958,1981,2025,45,2073.318760119843,313.2209882862844,-1.6097234744113262,FINAL
1220,San Marcos,El Quetzal,2025,1850.3506094246366,1981,2025,45,1987.5068616203944,285.08255908545624,-0.4811106390926002,FINAL
1221,San Marcos,La Reforma,2025,1821.9516655619186,1981,2025,45,2058.6994939099272,304.7642938629192,-0.7768227220689314,FINAL
1222,San Marcos,Pajapita,2025,1565.7772153299913,1981,2025,45,1593.8752375600538,291.2402869811861,-0.09647711352474257,FINAL
1223,San Marcos,Ixchiguán,2025,723.2903632361949,1981,2025,45,1069.425492239335,179.00384059355378,-1.9336743158995937,FINAL
1224,San Marcos,San José Ojetenam,2025,571.5350508080334,1981,2025,45,832.8239734117802,142.06001112946743,-1.8392855281816027,FINAL
1225,San Marcos,San Cristóbal Cucho,2025,1194.566941078823,1981,2025,45,1513.1297375524675,229.6468442801039,-1.387185604366888,FINAL
1226,San Marcos,Sipacapa,2025,366.6107895126965,1981,2025,45,570.1043087384637,115.92610126788149,-1.755372750400148,FINAL
1227,San Marcos,Esquipulas Palo Gordo,2025,1023.5255205108543,1981,2025,45,1310.3300155819998,231.357394783401,-1.2396599440430878,FINAL
1228,San Marcos,Río Blanco,2025,470.29378390444765,1981,2025,45,645.5579737647502,121.98273394033974,-1.4367950627014319,FINAL
1229,San Marcos,San Lorenzo,2025,560.3029616021205,1981,2025,45,764.0278615971891,130.31942346786462,-1.5632734904271965,FINAL
1230,San Marcos,La Blanca,2025,951.4675266314578,1981,2025,45,864.4343147098331,201.31357652603222,0.43232658931162676,FINAL
1301,Huehuetenango,Huehuetenango,2025,409.41841663342734,1981,2025,45,621.5438183170438,128.27658938570903,-1.6536563896767342,FINAL
1302,Huehuetenango,Chiantla,2025,641.8602928811664,1981,2025,45,891.2763632962749,188.99373367147157,-1.3197055032981637,FINAL
1303,Huehuetenango,Malacatancito,2025,361.6682679243842,1981,2025,45,564.4264865242717,115.63487380786717,-1.753434858559883,FINAL
1304,Huehuetenango,Cuilco,2025,429.9468390053877,1981,2025,45,579.058996104493,110.30683348187851,-1.351794375673034,FINAL
1305,Huehuetenango,Nentón,2025,775.7853314009235,1981,2025,45,1094.3303065320538,271.0000385792641,-1.17544254532628,FINAL
1306,Huehuetenango,San Pedro Necta,2025,761.5265548729542,1981,2025,45,995.2557047519581,191.90200847503772,-1.2179609360858095,FINAL
1307,Huehuetenango,Jacaltenango,2025,960.6526292597233,1981,2025,45,1277.0149455011901,306.47732505888433,-1.0322535808503395,FINAL
1308,Huehuetenango,Soloma,2025,958.1389857713476,1981,2025,45,1285.0854996900546,287.392388764776,-1.1376310810593704,FINAL
1309,Huehuetenango,San Ildefonso Ixtahuacán,2025,559.4480618646745,1981,2025,45,789.976350091515,149.32956611397412,-1.5437551599854802,FINAL
1310,Huehuetenango,Santa Bárbara,2025,444.2878097085693,1981,2025,45,660.6991966077069,128.45057001235688,-1.6847833908274517,FINAL
1311,Huehuetenango,La Libertad,2025,553.5728098302811,1981,2025,45,707.4762505890111,144.48751157881995,-1.0651677717819474,FINAL
1312,Huehuetenango,La Democracia,2025,689.064561789031,1981,2025,45,889.440295397167,189.6253889318366,-1.0566925385722676,FINAL
1313,Huehuetenango,San Miguel Acatán,2025,1059.423456444025,1981,2025,45,1458.028281529772,336.31842243189243,-1.1852006863122937,FINAL
1314,Huehuetenango,San Rafael La Independencia,2025,994.223827405513,1981,2025,45,1364.76101435838,306.50863227097386,-1.2088964157632194,FINAL
1315,Huehuetenango,Todos Santos Cuchumatán,2025,730.2117464405143,1981,2025,45,1035.8662158516327,217.5794004557392,-1.404795071458503,FINAL
1316,Huehuetenango,San Juan Atitán,2025,501.5139338172369,1981,2025,45,733.9792124248064,145.54776689645374,-1.5971751649954964,FINAL
1317,Huehuetenango,Santa Eulalia,2025,1445.5412375985659,1981,2025,45,1958.2550092560657,411.30921920618124,-1.2465409179182207,FINAL
1318,Huehuetenango,San Mateo Ixtatán,2025,1344.5548734349004,1981,2025,45,1836.3222403111456,414.32715735525005,-1.1869059465358598,FINAL
1319,Huehuetenango,Colotenango,2025,589.909754495373,1981,2025,45,845.5555204647374,163.9158683527941,-1.559615725666908,FINAL
1320,Huehuetenango,San Sebastián Huehuetenango,2025,454.27900502047896,1981,2025,45,679.2960922901432,135.5268127430976,-1.6603141674718118,FINAL
1321,Huehuetenango,Tectitán,2025,454.32246741995505,1981,2025,45,633.1913006595129,113.84028723366858,-1.57122612377472,FINAL
1322,Huehuetenango,Concepción Huista,2025,1249.9929213232465,1981,2025,45,1650.886025728622,369.91246493640165,-1.0837512720051221,FINAL
1323,Huehuetenango,San Juan Ixcoy,2025,975.0910467232362,1981,2025,45,1306.834229676001,285.3972477363125,-1.1623909676216388,FINAL
1324,Huehuetenango,San Antonio Huista,2025,1066.4987322522386,1981,2025,45,1379.480397281989,299.75077861767915,-1.0441396231665736,FINAL
1325,Huehuetenango,San Sebastián Coatán,2025,1021.557634417684,1981,2025,45,1416.3117525852888,330.84732354899387,-1.1931609841454476,FINAL
1326,Huehuetenango,Barillas,2025,1748.2623976126904,1981,2025,45,2359.364128113009,509.1835103606533,-1.200160095654859,FINAL
1327,Huehuetenango,Aguacatán,2025,546.3869795925044,1981,2025,45,803.2914956243511,171.28723259384532,-1.4998462649053141,FINAL
1328,Huehuetenango,San Rafael Pétzal,2025,559.9265749753915,1981,2025,45,798.0905810944137,152.62095756772143,-1.5604934598404894,FINAL
1329,Huehuetenango,San Gaspar Ixchil,2025,552.5681256846358,1981,2025,45,791.4849631244277,153.85100321925404,-1.552910494183194,FINAL
1330,Huehuetenango,Santiago Chimaltenango,2025,645.016706202324,1981,2025,45,910.1469603479447,179.10884249663167,-1.4802745104592296,FINAL
1331,Huehuetenango,Santa Ana Huista,2025,623.45083285513,1981,2025,45,842.3288602462113,209.34050582685984,-1.045559847706252,FINAL
1332,Huehuetenango,Unión Cantinil,2025,1062.8654712695773,1981,2025,45,1375.9756716281888,281.7679836932132,-1.1112341304877404,FINAL
1333,Huehuetenango,Petatán,2025,1306.580920684788,1981,2025,45,1663.5208422635565,358.28256173783313,-0.9962525662634758,FINAL
1401,Quiché,Santa Cruz Del Quiché,2025,555.4558092143503,1981,2025,45,820.171415553308,174.8936226672269,-1.5135806686481448,FINAL
1402,Quiché,Chiché,2025,623.56696348777,1981,2025,45,867.3887500485131,175.3471138480973,-1.3905092659350256,FINAL
1403,Quiché,Chinique,2025,666.5227954281522,1981,2025,45,904.0563580550461,187.33391244256566,-1.2679688345254563,FINAL
1404,Quiché,Zacualpa,2025,674.7860014652225,1981,2025,45,863.2094519486576,165.91413211915975,-1.1356684815016789,FINAL
1405,Quiché,Chajul,2025,1595.9939979659048,1981,2025,45,1946.8579672617145,379.6405405242444,-0.9242004787246979,FINAL
1406,Quiché,Chichicastenango,2025,559.3674713617232,1981,2025,45,800.6836977957643,171.47348210335065,-1.4073093021380105,FINAL
1407,Quiché,Patzité,2025,521.8368450237786,1981,2025,45,786.4217378008573,174.33308098671867,-1.5176975665177155,FINAL
1408,Quiché,San Antonio Ilotenango,2025,454.3631364904509,1981,2025,45,679.9835129173761,146.6798644492502,-1.5381823352106216,FINAL
1409,Quiché,San Pedro Jocopilas,2025,474.0688549473581,1981,2025,45,680.594217481342,148.58928532011745,-1.3899075030144348,FINAL
1410,Quiché,Cunén,2025,875.5159397358367,1981,2025,45,1144.9588699796086,240.8065744162574,-1.118918496710201,FINAL
1411,Quiché,San Juan Cotzal,2025,1006.1086456935492,1981,2025,45,1317.6585990630545,273.4693459206109,-1.1392500037644047,FINAL
1412,Quiché,Joyabaj,2025,571.2850179028065,1981,2025,45,763.871436675013,147.26967914685483,-1.3077126254900207,FINAL
1413,Quiché,Nebaj,2025,1192.9435518617274,1981,2025,45,1558.0613824661013,319.1160314421374,-1.1441538331820778,FINAL
1414,Quiché,San Andrés Sajcabajá,2025,905.02726191906,1981,2025,45,1120.7685812384198,225.88147333126602,-0.9551085183642517,FINAL
1415,Quiché,Uspantán,2025,1475.7614309475866,1981,2025,45,1736.623192633712,319.36561943009195,-0.816812286030141,FINAL
1416,Quiché,Sacapulas,2025,486.3993696966279,1981,2025,45,689.3977154822514,149.54593899636225,-1.3574313495103436,FINAL
1417,Quiché,San Bartolomé Jocotenango,2025,560.3258817803816,1981,2025,45,751.3584663155121,155.93768250796947,-1.2250572245446032,FINAL
1418,Quiché,Canillá,2025,877.6014141969541,1981,2025,45,1047.9020069017665,205.75669744987582,-0.8276794622750939,FINAL
1419,Quiché,Chicamán,2025,1002.0563470060127,1981,2025,45,1199.7535060507382,217.83134144973704,-0.9075698553247106,FINAL
1420,Quiché,Ixcán,2025,1516.7575836113026,1981,2025,45,1982.9818046337205,404.4784901346387,-1.1526551655867432,FINAL
1421,Quiché,Pachalum,2025,517.4318726471994,1981,2025,45,723.1904726663884,146.01164386019076,-1.4091930929577587,FINAL
1501,Baja Verapaz,Salamá,2025,555.2254539557089,1981,2025,45,737.0828079383101,174.56128538592358,-1.0417966021534921,FINAL
1502,Baja Verapaz,San Miguel Chicaj,2025,527.8536794439391,1981,2025,45,676.1855551676214,155.39242768672088,-0.9545630886385723,FINAL
1503,Baja Verapaz,Rabinal,2025,485.1417783962826,1981,2025,45,610.5828072059969,129.6217888424621,-0.9677464717152691,FINAL
1504,Baja Verapaz,Cubulco,2025,642.0034402992411,1981,2025,45,746.6781819037498,144.42014781052524,-0.7247932036590814,FINAL
1505,Baja Verapaz,Granados,2025,480.3486102492867,1981,2025,45,671.5372184931995,142.413719090397,-1.3424872931136358,FINAL
1506,Baja Verapaz,El Chol,2025,412.5154960078563,1981,2025,45,573.2604236953914,124.70022709498384,-1.2890508015281807,FINAL
1507,Baja Verapaz,San Jerónimo,2025,494.4805790565731,1981,2025,45,652.67686732031,163.3270425691117,-0.9685860086323195,FINAL
1508,Baja Verapaz,Purulhá,2025,1024.3267432262849,1981,2025,45,1363.498860191597,298.4793987224034,-1.1363334234023785,FINAL
1601,Alta Verapaz,Cobán,2025,1222.805169282629,1981,2025,45,1553.7122917285308,300.50123724106487,-1.1011838935639553,FINAL
1602,Alta Verapaz,Santa Cruz Verapaz,2025,782.9327654904055,1981,2025,45,1017.5683610328467,211.22252708299484,-1.1108455086812157,FINAL
1603,Alta Verapaz,San Cristóbal Verapaz,2025,735.342860429741,1981,2025,45,909.8980238578338,174.7231911713619,-0.9990383203160231,FINAL
1604,Alta Verapaz,Tactic,2025,789.6307555558432,1981,2025,45,1053.1189715268413,217.23433375520173,-1.2129216013704318,FINAL
1605,Alta Verapaz,Tamahú,2025,900.7889905040906,1981,2025,45,1231.3018015405569,250.7826709464337,-1.3179252369756544,FINAL
1606,Alta Verapaz,Tucurú,2025,1193.720634518118,1981,2025,45,1616.9184348434617,329.7523448253469,-1.2833807157595503,FINAL
1607,Alta Verapaz,Panzós,2025,1184.7186610620597,1981,2025,45,1532.8891794439207,279.67610295255383,-1.2449062136743483,FINAL
1608,Alta Verapaz,Senahú,2025,1426.5011576667316,1981,2025,45,1835.985203777119,348.0061913597451,-1.1766573591993676,FINAL
1609,Alta Verapaz,San Pedro Carchá,2025,1173.0267507317685,1981,2025,45,1588.7189294749076,296.76549226011576,-1.4007429757998404,FINAL
1610,Alta Verapaz,San Juan Chamelco,2025,849.1407619078274,1981,2025,45,1162.6363032215243,229.56630688764034,-1.365599096679005,FINAL
1611,Alta Verapaz,Lanquín,2025,1243.7942973393422,1981,2025,45,1693.8883275379517,319.5980298298211,-1.4083129061786603,FINAL
1612,Alta Verapaz,Cahabón,2025,1148.9099183780268,1981,2025,45,1449.866450917251,262.495707447714,-1.1465198248972177,FINAL
1613,Alta Verapaz,Chisec,2025,1585.3410247991874,1981,2025,45,1950.6273463157247,389.20982122138855,-0.9385331551249751,FINAL
1614,Alta Verapaz,Chahal,2025,1263.2104024343676,1981,2025,45,1581.8659460042195,272.93651369041316,-1.1675079279839304,FINAL
1615,Alta Verapaz,Fray Bartolomé De Las Casas,2025,997.5004515938177,1981,2025,45,1306.8423101067767,243.0194306871018,-1.2729099794133345,FINAL
1616,Alta Verapaz,Santa Catalina La Tinta,2025,1097.4359763170526,1981,2025,45,1463.0759920961766,302.5543822008545,-1.2085100639408004,FINAL
1617,Alta Verapaz,Raxruhá,2025,1406.2253532874843,1981,2025,45,1750.984072689626,349.33955656770536,-0.9868871501109955,FINAL
1701,Petén,Flores,2025,484.08160353985596,1981,2025,45,665.0379308412522,150.85208944118935,-1.199561291936518,FINAL
1702,Petén,San José,2025,462.63019028359616,1981,2025,45,688.5870364206187,151.9613147461473,-1.4869366359095102,FINAL
1703,Petén,San Benito,2025,613.1631169243392,1981,2025,45,905.2948869348319,183.27453263731115,-1.5939572498520742,FINAL
1704,Petén,San Andrés,2025,546.3201045863976,1981,2025,45,789.4483967513903,173.46235633155368,-1.4016199093956756,FINAL
1705,Petén,La Libertad,2025,735.7014335886113,1981,2025,45,1030.7725615507966,218.0788875370228,-1.3530476576376138,FINAL
1706,Petén,San Francisco,2025,633.5525357264369,1981,2025,45,965.674005497682,185.89970271469133,-1.7865626728890842,FINAL
1707,Petén,Santa Ana,2025,556.1263530993878,1981,2025,45,781.6277845590836,163.5678827914945,-1.3786412565304773,FINAL
1708,Petén,Dolores,2025,635.432712200621,1981,2025,45,896.7817009660795,174.08437496061973,-1.5012776926394409,FINAL
1709,Petén,San Luis,2025,973.539608531106,1981,2025,45,1259.1143412479544,233.53651863093086,-1.2228268811703753,FINAL
1710,Petén,Sayaxché,2025,850.6212119882082,1981,2025,45,1193.4223172269135,241.98446642728132,-1.4166244234595131,FINAL
1711,Petén,Melchor De Mencos,2025,488.36431307292867,1981,2025,45,630.6097621075538,143.0652304309987,-0.9942698767974311,FINAL
1712,Petén,Poptún,2025,677.4475515757161,1981,2025,45,983.2025145079061,184.497946473166,-1.6572269164885258,FINAL
1713,Petén,Las Cruces,2025,745.2827382684349,1981,2025,45,1095.94075175201,234.39303694558225,-1.496025726928849,FINAL
1714,Petén,El Chal,2025,621.9979952117332,1981,2025,45,947.8876539753746,181.1037496662572,-1.7994638949452986,FINAL
1801,Izabal,Puerto Barrios,2025,947.5204546352348,1981,2025,45,1145.199280220312,228.70290993830196,-0.8643476623817583,FINAL
1802,Izabal,Livingston,2025,1381.8602309641108,1981,2025,45,1671.6612861785597,250.51176402965342,-1.156836112415642,FINAL
1803,Izabal,El Estor,2025,1161.282152904121,1981,2025,45,1464.6517962082726,233.09537852113175,-1.30148287464502,FINAL
1804,Izabal,Morales,2025,727.3071814067213,1981,2025,45,870.1686351759024,157.6859387489477,-0.9059872738344242,FINAL
1805,Izabal,Los Amates,2025,833.8104552514179,1981,2025,45,1031.3838760251824,195.18899505996208,-1.012215984374887,FINAL
1901,Zacapa,Zacapa,2025,537.7576021487873,1981,2025,45,662.144907771426,155.59196709103114,-0.7994455494599167,FINAL
1902,Zacapa,Estanzuela,2025,425.8847722384912,1981,2025,45,526.3289604192655,130.8599930107165,-0.7675698727306873,FINAL
1903,Zacapa,Río Hondo,2025,564.6082842232331,1981,2025,45,733.0356745219029,159.04798778744575,-1.0589721545157733,FINAL
1904,Zacapa,Gualán,2025,745.0469752610938,1981,2025,45,958.802550745991,198.06439072139466,-1.0792226442438828,FINAL
1905,Zacapa,Teculután,2025,766.7712192952145,1981,2025,45,969.1621383841864,221.40891730395057,-0.9141046420055852,FINAL
1906,Zacapa,Usumatlán,2025,823.7228470315839,1981,2025,45,1005.4934446693854,239.98858267531918,-0.7574135219745814,FINAL
1907,Zacapa,Cabañas,2025,743.9388511913552,1981,2025,45,885.045191116118,214.32620867905482,-0.6583718379307687,FINAL
1908,Zacapa,San Diego,2025,687.6788884564063,1981,2025,45,822.5685530813441,194.11179056112846,-0.6949071163323242,FINAL
1909,Zacapa,La Unión,2025,754.749554392816,1981,2025,45,892.0191140925615,199.82655088988824,-0.686943547233551,FINAL
1910,Zacapa,Huité,2025,540.7305815451173,1981,2025,45,639.1525254872814,159.9139864194263,-0.6154680159371468,FINAL
1911,Zacapa,San Jorge,2025,462.5511678739889,1981,2025,45,551.7870889948197,137.95445207811346,-0.6468506074041237,FINAL
2001,Chiquimula,Chiquimula,2025,518.4277663264188,1981,2025,45,605.3332446218732,143.15494929255973,-0.6070728167270648,FINAL
2002,Chiquimula,San José La Arada,2025,551.2278321509303,1981,2025,45,618.226868876913,139.19787226693143,-0.48132227623065,FINAL
2003,Chiquimula,San Juan Ermita,2025,683.811310816181,1981,2025,45,797.6959741772505,185.25282409997575,-0.614752643660693,FINAL
2004,Chiquimula,Jocotán,2025,661.5263313554586,1981,2025,45,764.8060180908973,170.4545949105898,-0.605907319715335,FINAL
2005,Chiquimula,Camotán,2025,732.4212148769469,1981,2025,45,846.339488604652,188.23661778860887,-0.6051865735052475,FINAL
2006,Chiquimula,Olopa,2025,831.4408613145048,1981,2025,45,914.3991210783402,194.42264519807955,-0.4266903152115678,FINAL
2007,Chiquimula,Esquipulas,2025,976.3030867261102,1981,2025,45,1004.3636911115124,194.21787378994628,-0.1444800307913509,FINAL
2008,Chiquimula,Concepción Las Minas,2025,1057.3403070568145,1981,2025,45,988.4437197313028,172.86779170666156,0.3985507458926871,FINAL
2009,Chiquimula,Quezaltepeque,2025,843.1627361275208,1981,2025,45,886.1384305243088,180.26941970800442,-0.23839703076871738,FINAL
2010,Chiquimula,San Jacinto,2025,660.4831300256219,1981,2025,45,715.6017666246838,151.7217424488989,-0.3632876587719543,FINAL
2011,Chiquimula,Ipala,2025,593.9232170541696,1981,2025,45,617.8121034388889,129.79034965885648,-0.18405749308411068,FINAL
2101,Jalapa,Jalapa,2025,609.9867688788186,1981,2025,45,793.4383897951086,167.26644580337955,-1.0967628327078585,FINAL
2102,Jalapa,San Pedro Pinula,2025,606.3010447237142,1981,2025,45,760.9742585157265,177.17944437925806,-0.8729749341629583,FINAL
2103,Jalapa,San Luis Jilotepeque,2025,531.422875069897,1981,2025,45,609.0976144365395,133.3674210549345,-0.5824116471041904,FINAL
2104,Jalapa,San Manuel Chaparrón,2025,586.4232049987683,1981,2025,45,686.0155401913403,141.22811189948516,-0.7051877551365543,FINAL
2105,Jalapa,San Carlos Alzatate,2025,780.1306361723409,1981,2025,45,991.6977951193583,190.00990963035906,-1.1134532896657614,FINAL
2106,Jalapa,Monjas,2025,583.0150042893978,1981,2025,45,717.8190514103777,144.22761123679678,-0.9346618581906277,FINAL
2107,Jalapa,Mataquescuintla,2025,679.957952256205,1981,2025,45,927.9820263941452,181.87031910664015,-1.3637413479904363,FINAL
2201,Jutiapa,Jutiapa,2025,753.827487078732,1981,2025,45,846.1911803521257,154.2340843592022,-0.5988539670536378,FINAL
2202,Jutiapa,El Progreso,2025,712.8204453020458,1981,2025,45,784.4818125784279,148.43674599349708,-0.4827737686968806,FINAL
2203,Jutiapa,Santa Catarina Mita,2025,679.5379400137197,1981,2025,45,720.3914680775822,138.85851879017798,-0.2942097353464804,FINAL
2204,Jutiapa,Agua Blanca,2025,668.1099562274749,1981,2025,45,646.1143884578172,124.23271475481177,0.1770513331618694,FINAL
2205,Jutiapa,Asunción Mita,2025,813.937566540466,1981,2025,45,828.2578853843715,137.04358512582877,-0.10449463089247907,FINAL
2206,Jutiapa,Yupiltepeque,2025,917.3857777807286,1981,2025,45,974.9132260102331,194.5655198343248,-0.2956713413480963,FINAL
2207,Jutiapa,Atescatempa,2025,967.3611436718417,1981,2025,45,987.20448875801,168.99465373614626,-0.11741995765824678,FINAL
2208,Jutiapa,Jerez,2025,1115.3718907369835,1981,2025,45,1103.442492567377,181.97122414511912,0.06555650886918761,FINAL
2209,Jutiapa,El Adelanto,2025,868.0522110969318,1981,2025,45,929.3442217187096,187.01579972366176,-0.32773707201393704,FINAL
2210,Jutiapa,Zapotitlán,2025,995.3112927920617,1981,2025,45,1013.6535803693209,182.0261909854062,-0.10076729880443283,FINAL
2211,Jutiapa,Comapa,2025,943.7553912792691,1981,2025,45,971.6863393752463,172.44817186352384,-0.16196720321327546,FINAL
2212,Jutiapa,Jalpatagua,2025,958.4825036693094,1981,2025,45,974.1767878167823,174.09709034417662,-0.09014673431041553,FINAL
2213,Jutiapa,Conguaco,2025,1115.7055294039753,1981,2025,45,1057.2860638812178,196.5643055042153,0.29720281804421855,FINAL
2214,Jutiapa,Moyuta,2025,1107.3295553255246,1981,2025,45,1047.356488048507,208.57601055190463,0.2875357866819167,FINAL
2215,Jutiapa,Pasaco,2025,1138.590445630247,1981,2025,45,1091.9948910997716,225.2805060991107,0.2068334954377982,FINAL
2216,Jutiapa,San José Acatempa,2025,798.7244815875201,1981,2025,45,914.6867338150578,166.73541926756351,-0.6954866142835002,FINAL
2217,Jutiapa,Quesada,2025,719.4422448425759,1981,2025,45,810.1318499611182,151.46639654813117,-0.5987440593116907,FINAL
