codigo_municipio_4d,Departamento,Municipio,maga_department,maga_municipality,mapped_area_ha,agricultural_land_ha,maize_bean_ha,A,total,agricultural_share_pct,agricultural_land_share_of_mapped_pct,maize_bean_share_of_agricultural_land_pct,ag_workers_per_100_agricultural_ha,historical_median_may_aug_mm,historical_sd_may_aug_mm,rain_2026_may_aug_mm,rainfall_z_score_vs_1981_2025,z_2015_common,z_2026_common,H_2026,H_2015,d_i_dependency_pctile,p_i_land_worker_pctile,E_i_structural_exposure,C_i_impact_2026,C_i_impact_2015
0409,Chimaltenango,Patzicía,Chimaltenango,Patzicía,6469.471182964284,4311.8857047094925,82.99281134071,7235,12740,56.789638932496075,66.64973972005244,1.9247451584828486,167.79201712368786,872.3938064406719,161.5301684122741,419.6740858943718,-2.895050063610169,-1.1966248734367029,-2.895050063610169,2.895050063610169,1.1966248734367029,85.88235294117646,94.41176470588235,90.1470588235294,260.98024838132847,107.87221285539688
0410,Chimaltenango,Santa Cruz Balanyá,Chimaltenango,Santa Cruz Balanyá,1979.8293779454093,1415.76650684822,5.19622811937,2247,3989,56.32990724492354,71.50952110415939,0.3670257838587978,158.71261179940416,635.0795505775494,122.5060484514632,290.8025381654734,-2.8455828271955323,-1.21987880466665,-2.8455828271955323,2.8455828271955323,1.21987880466665,83.82352941176471,94.11764705882352,88.97058823529412,253.1731780078378,108.5333348269593
0911,Quetzaltenango,Concepción Chiquirichapa,Quetzaltenango,Concepción Chiquirichapa,2189.996076238951,1041.616386824333,31.8442290664,3341,5279,63.28850161015344,47.56247730878043,3.057193556976027,320.75148224059717,1500.2137871461423,237.32764234552107,911.4473851410232,-2.5878069726041417,-1.3618270336121083,-2.5878069726041417,2.5878069726041417,1.3618270336121083,90.29411764705883,99.11764705882354,94.70588235294119,245.08054269956875,128.9730308303232
0407,Chimaltenango,Patzún,Chimaltenango,Patzún,18410.921056063897,7336.472331685787,447.36688477273,10772,21864,49.26820343944384,39.84848074327827,6.097847365150947,146.82806004019633,909.4169523442768,173.08210726476085,429.3250317428252,-2.817084277690548,-1.382673318691082,-2.817084277690548,2.817084277690548,1.382673318691082,71.47058823529412,92.64705882352942,82.05882352941177,231.16662161048907,113.46054585729762
0916,Quetzaltenango,Zunil,Quetzaltenango,Zunil,7746.986119098815,1444.282275341132,24.16094928797,2866,5944,48.216689098250335,18.643150421820316,1.672868919080469,198.43766339395572,1433.6391453463,260.0360140540043,798.5623496136836,-2.6516715919209166,-1.5968610466041029,-2.6516715919209166,2.6516715919209166,1.5968610466041029,69.11764705882352,96.76470588235294,82.94117647058823,219.93276144755836,132.4455338653991
0311,Sacatepéquez,Santa María De Jesús,Sacatepéquez,Santa María de Jesús,6099.999999638336,3355.459592761767,2237.454971169662,4049,8374,48.35204203486983,55.0075343108313,66.68102861367159,120.6690138285171,712.9902328350416,135.44881171951408,352.24300882925337,-2.763470636283113,-1.0894454185132716,-2.763470636283113,2.763470636283113,1.0894454185132716,69.41176470588235,88.8235294117647,79.11764705882352,218.6392944588698,86.1943581117853
0405,Chimaltenango,Santa Apolonia,Chimaltenango,Santa Apolonia,4611.497979942524,1900.659775922316,222.756155467101,2929,5644,51.89581856839121,41.21566970622429,11.719938428170613,154.10438191541516,657.1506472384403,134.54131993168744,315.98459542583936,-2.5697705428362725,-1.357413047730138,-2.5697705428362725,2.5697705428362725,1.357413047730138,75.58823529411765,93.52941176470588,84.55882352941177,217.29677384277306,114.78125035953374
1225,San Marcos,San Cristóbal Cucho,San Marcos,San Cristóbal Cucho,2968.777114064692,1506.666491183405,494.07923800768003,2311,4019,57.50186613585469,50.75040777044247,32.792873598695856,153.384973617143,1479.7758217648434,229.6468442801039,964.5046386551028,-2.3889947219487944,-1.2010059187591662,-2.3889947219487944,2.3889947219487944,1.2010059187591662,87.05882352941177,93.23529411764706,90.14705882352942,215.3608477286193,108.26715120578955
0304,Sacatepéquez,Sumpango,Sacatepéquez,Sumpango,5099.999999643133,3414.496215277479,495.848382491748,6318,14512,43.53638368246968,66.95090618659617,14.521860656139367,185.03461716347422,772.1999238111999,163.07981547651625,354.0711321346513,-2.683873204546065,-1.328310891624589,-2.683873204546065,2.683873204546065,1.328310891624589,60.882352941176464,95.58823529411765,78.23529411764706,209.97360953213334,103.92079328592372
0912,Quetzaltenango,San Martín Sacatepéquez,Quetzaltenango,San Martín Sacatepéquez,14380.311294132836,4825.272752207301,397.68788569483,4755,9588,49.593241551939926,33.554716956482096,8.241770074301176,98.54365222825683,1735.6607611973668,261.3859745369572,1065.438487778987,-2.665662102952942,-1.420755456208861,-2.665662102952942,2.665662102952942,1.420755456208861,71.76470588235294,82.05882352941177,76.91176470588235,205.0207764477042,109.27280935253444
0414,Chimaltenango,Parramos,Chimaltenango,Parramos,2941.665496680408,1976.9081354711855,293.2107304119926,2163,5528,39.12807525325615,67.20370272221889,14.831783285777586,109.41327830007945,783.6544526426499,147.67331471128813,364.8497853642977,-2.936100989454637,-1.1326548495714988,-2.936100989454637,2.936100989454637,1.1326548495714988,51.470588235294116,86.47058823529412,68.97058823529412,202.50461236091542,78.11987124250484
0406,Chimaltenango,Tecpán Guatemala,Chimaltenango,Tecpán Guatemala,24771.334236904546,9988.47973513761,4001.391589705595,12849,29167,44.05321082044777,40.322736109453025,40.0600661543062,128.6381946073296,690.4193169860496,140.01891200488507,333.64315559792163,-2.6486181859619804,-1.4545057690689762,-2.6486181859619804,2.6486181859619804,1.4545057690689762,62.35294117647059,90.0,76.17647058823529,201.76238534239792,110.79911593790142
0413,Chimaltenango,San Andrés Itzapa,Chimaltenango,San Andrés Itzapa,6760.758188938088,2930.3445950995692,1360.976390299885,4359,11807,36.91877699669688,43.34343150882369,46.44424388093649,148.75383623105552,840.861270224303,156.30765321516728,402.530928093858,-2.865687055770565,-1.152516426346217,-2.865687055770565,2.865687055770565,1.152516426346217,47.35294117647059,92.94117647058823,70.1470588235294,201.0195184709646,80.84563755399199
0913,Quetzaltenango,Almolonga,Quetzaltenango,Almolonga,1254.997751256787,619.194523213569,175.18712386364902,2505,5608,44.66833095577746,49.338297426707875,28.29274441163371,404.55784185545673,757.0609571522998,150.50365733191862,407.858850495564,-2.449244146292061,-1.4027090448117046,-2.449244146292061,2.449244146292061,1.4027090448117046,63.8235294117647,100.0,81.91176470588235,200.621910218335,114.89837322942932
2006,Chiquimula,Olopa,Chiquimula,Olopa,11210.923568114722,9291.95058888785,364.20980371088,4950,6786,72.94429708222812,82.8830072066081,3.9196269957185828,53.271914789556185,933.3245927046038,194.42264519807955,410.7333417153176,-2.5905715810515964,-2.2758154271639697,-2.5905715810515964,2.5905715810515964,2.2758154271639697,96.76470588235294,55.294117647058826,76.02941176470588,196.95963344171696,173.02890821231946
0402,Chimaltenango,San José Poaquil,Chimaltenango,San José Poaquil,9651.506702824707,3887.9068147419453,1186.526485222098,4136,9483,43.61488980280502,40.2829002191344,30.518387959379425,106.38115050281938,698.6423607963467,141.40927988794732,332.68570136958704,-2.6613980141822324,-1.4081402945880126,-2.6613980141822324,2.6613980141822324,1.4081402945880126,61.1764705882353,85.58823529411764,73.38235294117646,195.29964839366676,103.33264808814974
0708,Sololá,Concepción,Sololá,Concepción,1499.697696978553,409.379950923798,94.29438693236,954,1990,47.93969849246231,27.297498139030115,23.033464809299357,233.0353496421171,789.1839897198935,169.24181993202586,392.1391731520407,-2.344225926325653,-1.4501502476298649,-2.344225926325653,2.344225926325653,1.4501502476298649,67.94117647058823,97.94117647058823,82.94117647058823,194.43285624230415,120.27716759753585
0924,Quetzaltenango,Palestina De los Altos,Quetzaltenango,Palestina de Los Altos,3602.9935442015417,2154.30495961631,1565.724511199407,1988,3344,59.44976076555024,59.792084920144504,72.67887047329958,92.28034272149057,860.8966021776089,134.98177777276476,549.4657997348565,-2.2775350743972997,-1.2455216599661043,-2.2775350743972997,2.2775350743972997,1.2455216599661043,88.52941176470588,80.29411764705883,84.41176470588235,192.2507548094191,105.1366812971388
0705,Sololá,Nahualá,Sololá,Nahualá,18696.231286052414,8924.313065332264,3694.271986775375,8881,20155,44.063507814438104,47.733219218302544,41.39558932693978,99.51466219287488,1220.6641676999957,237.9665454153107,640.7076467430601,-2.6390169781669,-1.6207136257400674,-2.6390169781669,2.6390169781669,1.6207136257400674,62.64705882352941,82.35294117647058,72.5,191.32873091710027,117.50173786615488
0415,Chimaltenango,Zaragoza,Chimaltenango,Zaragoza,5188.259556920008,2395.4011988407296,915.404016574752,3299,8934,36.9263487799418,46.169648464209665,38.21506046743935,137.72223215036266,707.26346993879,141.0502285495799,334.2033243454258,-2.7449421763738817,-1.2522846812260782,-2.7449421763738817,2.7449421763738817,1.2522846812260782,47.647058823529406,91.47058823529412,69.55882352941177,190.9349484448303,87.10744914999044
0909,Quetzaltenango,San Juan Ostuncalco,Quetzaltenango,San Juan Ostuncalco,10900.470468677133,4672.378504644693,2931.80289025745,6427,15356,41.85334722584006,42.86400773316096,62.74754682958624,137.55306839142168,1455.257733737158,211.6562400828516,918.2159020940564,-2.5529404966335494,-1.2857107979623996,-2.5529404966335494,2.5529404966335494,1.2857107979623996,57.05882352941176,91.17647058823529,74.11764705882352,189.21794269166304,95.29385914309549
0404,Chimaltenango,Comalapa,Chimaltenango,Comalapa,8568.504827733226,3829.399667833904,1126.955976106297,7405,21302,34.76199417895033,44.69157390726429,29.42905086592224,193.37234664222527,627.0907321366636,127.81696212756934,302.67929816025975,-2.704137280905673,-1.334250835299739,-2.704137280905673,2.704137280905673,1.334250835299739,43.529411764705884,96.17647058823529,69.85294117647058,188.8919424162051,93.20134511284941
0908,Quetzaltenango,San Miguel Sigüilá,Quetzaltenango,San Miguel Sigüilá,1713.4869295954074,742.8504977993757,668.0756640980958,833,1940,42.93814432989691,43.353146438927276,89.9340669592612,112.13561846800718,987.9513087244998,161.14704633742463,579.7399730234918,-2.5241083199841583,-1.293798306099358,-2.5241083199841583,2.5241083199841583,1.293798306099358,60.0,87.05882352941177,73.52941176470588,185.59619999883517,95.13222838965868
0706,Sololá,Santa Catarina Ixtahuacán,Sololá,Santa Catarina Ixtahuacán,18996.170825134843,9872.544796242493,562.243018938792,6401,12370,51.746160064672594,51.97123613554582,5.6950161335584175,64.8363733172042,1491.988962867527,292.45920878019774,776.0946751605176,-2.6233459552096434,-1.6034761454419744,-2.6233459552096434,2.6233459552096434,1.6034761454419744,75.29411764705883,66.17647058823529,70.73529411764706,185.5631477140939,113.42235675846906
0411,Chimaltenango,Acatenango,Chimaltenango,Acatenango,13090.67200779785,7932.129546944315,1198.052222232898,3755,6678,56.22941000299491,60.59375364549127,15.10379041520347,47.33911590546998,1679.9850671707131,301.3902945300818,874.7175901483682,-2.707022697603166,-1.233154529800397,-2.707022697603166,2.707022697603166,1.233154529800397,83.52941176470588,49.11764705882353,66.32352941176471,179.53929950279823,81.7871607264675
1318,Huehuetenango,San Mateo Ixtatán,Huehuetenango,San Mateo Ixtatán,54742.85181677593,9527.467004939315,3721.37584034004,8077,9484,85.1644875579924,17.404038497716016,39.05944610892665,84.77594302675253,1805.9433702605247,414.3271573552501,1009.258407068891,-1.9961612908060435,-2.0645132260125547,-1.9961612908060435,1.9961612908060435,2.0645132260125547,99.70588235294117,78.23529411764706,88.97058823529412,177.5996442555377,183.6809561378817
1416,Quiché,Sacapulas,Quiché,Sacapulas,36783.99999978372,9346.558898163607,5334.09576676972,9543,17285,55.20971940989297,25.409305399680733,57.0701562456077,102.10174786225323,656.4806664650977,149.54593899636225,370.9133035082243,-2.129676098939566,-1.8819668177901816,-2.129676098939566,2.129676098939566,1.8819668177901816,82.6470588235294,83.23529411764706,82.94117647058823,176.63784114734048,156.09254194612683
2010,Chiquimula,San Jacinto,Chiquimula,San Jacinto,7074.339407376319,3086.885501431735,1633.831391140015,1680,3458,48.582995951417004,43.63496467547317,52.928150084679984,54.42378731640016,689.3793479870876,151.7217424488989,293.1822998145703,-2.784172261614961,-2.2995242792265005,-2.784172261614961,2.784172261614961,2.2995242792265005,70.0,56.470588235294116,63.23529411764706,176.05795183741665,145.41109412755813
1221,San Marcos,La Reforma,San Marcos,La Reforma,7408.342629996137,4890.532086033921,194.97569341319002,2464,4346,56.695812241141276,66.01384857973923,3.986799186329634,50.38306582297127,2050.2570778965523,304.7642938629192,1290.10091948133,-2.521944302222974,-1.0780227414508188,-2.521944302222974,2.521944302222974,1.0780227414508188,85.29411764705883,52.94117647058824,69.11764705882354,174.31085618305852,74.51039536498307
1404,Quiché,Zacualpa,Quiché,Zacualpa,24738.999999639553,7137.134646668299,2697.9297486995906,4701,8981,52.343836989199424,28.849729765844565,37.801300973900176,65.86676912694206,830.209353634657,165.91413211915977,460.46391302334433,-2.4274335994239533,-1.7416561482554649,-2.4274335994239533,2.4274335994239533,1.7416561482554649,76.47058823529412,67.05882352941175,71.76470588235293,174.20405831160133,124.9894412277451
0712,Sololá,San Antonio Palopó,Sololá,San Antonio Palopó,2599.47600757931,1515.472075875947,450.85093107691,1511,3853,39.21619517259278,58.299136882097564,29.749867269333677,99.7049054253697,770.5230056891555,151.7801546256108,359.829905201581,-2.55249166561444,-1.4510182656101462,-2.55249166561444,2.55249166561444,1.4510182656101462,51.76470588235295,82.6470588235294,67.20588235294117,171.5424545861469,97.51696285056424
1019,Suchitepéquez,Pueblo Nuevo,Suchitepéquez,Pueblo Nuevo,1852.00962012679,1405.55938887814,0.0,1365,3832,35.62108559498956,75.893741242117,0.0,97.11435964932703,1905.1211968347257,347.40839170400017,1045.6881989820274,-2.705950738195812,-1.606152704149679,-2.705950738195812,2.705950738195812,1.606152704149679,45.0,81.76470588235294,63.38235294117647,171.50952472976397,101.80173757183995
1406,Quiché,Chichicastenango,Quiché,Chichicastenango,24558.999999986307,9934.070968954058,6618.295777133552,16786,48257,34.78459083656257,40.44981867730607,66.62219142400974,168.97402940304713,790.4601200282909,171.47348210335065,376.3216112375678,-2.474797160195444,-1.5459700656218898,-2.474797160195444,2.474797160195444,1.5459700656218898,43.8235294117647,94.70588235294117,69.26470588235294,171.41609741941974,107.08116189822208
0715,Sololá,San Pablo La Laguna,Sololá,San Pablo La Laguna,599.879078648328,359.48964717297997,40.79951810038,847,2529,33.491498616053775,59.92701862231913,11.349288754551534,235.61179206711307,1325.908506155014,265.1779670282575,657.1620407104492,-2.4820971626681945,-1.5632377551714938,-2.4820971626681945,2.4820971626681945,1.5632377551714938,39.705882352941174,98.23529411764706,68.97058823529412,171.19170136637987,107.8174275257986
1213,San Marcos,El Tumbador,San Marcos,El Tumbador,16561.175236478215,13163.871558116569,264.070022249141,7195,13161,54.669098092850085,79.48633699087594,2.006020957309637,54.65717261244252,2298.952968401595,371.64538335788393,1430.4197662150398,-2.4808710919152355,-1.0114536963569942,-2.4808710919152355,2.4808710919152355,1.0114536963569942,81.17647058823529,56.76470588235294,68.97058823529412,171.1071385453302,69.76055641050445
1504,Baja Verapaz,Cubulco,Baja Verapaz,Cubulco,69098.49299119727,10450.375862149622,6310.51601895557,9031,16206,55.7262742194249,15.123883907976019,60.38554117284648,86.41794437948896,700.5587277539829,144.42014781052524,449.14581836412617,-2.0601859785518077,-2.007426567390408,-2.0601859785518077,2.0601859785518077,2.007426567390408,82.94117647058825,78.52941176470588,80.73529411764707,166.32972091543274,162.07017433784327
0310,Sacatepéquez,Magdalena Milpas Altas,Sacatepéquez,Magdalena Milpas Altas,1400.0000000613384,514.5319092055884,85.667037415859,1132,4639,24.401810735072214,36.75227922736037,16.649509171962656,220.00579162286584,619.0515892782608,123.36504196439412,299.9384107805216,-2.676986117048259,-1.0977234308621218,-2.676986117048259,2.676986117048259,1.0977234308621218,26.176470588235297,97.35294117647058,61.76470588235294,165.34326017062776,67.80056484736635
0807,Totonicapán,Santa Lucía La Reforma,Totonicapán,Santa Lucía La Reforma,4539.992220676609,1130.402522077403,916.492817335695,2533,5469,46.31559700127994,24.89877663069951,81.07667838987174,224.07947173940892,574.2064779855504,136.76948524516544,314.7880288786272,-1.9962662594887688,-1.621557548637253,-1.9962662594887688,1.9962662594887688,1.621557548637253,65.88235294117646,97.6470588235294,81.76470588235293,163.224123569964,132.5861760356342
0709,Sololá,San Andrés Semetabaj,Sololá,San Andrés Semetabaj,5298.93186224672,1993.202783379378,1181.197950142664,1730,4804,36.01165695253955,37.61518047779293,59.26130346557116,86.7949821476202,737.6690082579007,150.72352112651757,357.4007553117545,-2.589404600832558,-1.535062123106982,-2.589404600832558,2.589404600832558,1.535062123106982,46.1764705882353,78.82352941176471,62.5,161.83778755203488,95.94138269418639
1203,San Marcos,San Antonio Sacatepéquez,San Marcos,San Antonio Sacatepéquez,4728.254468276581,2345.109555778036,445.122461403461,2476,5174,47.85465790490916,49.59778648784979,18.980881311354466,105.5814212986113,890.8579216882399,144.46166888061038,597.6593854273333,-2.115528983137663,-1.178788667168242,-2.115528983137663,2.115528983137663,1.178788667168242,67.64705882352942,84.70588235294117,76.1764705882353,161.15353136254555,89.79596023428668
0306,Sacatepéquez,Santiago Sacatepéquez,Sacatepéquez,Santiago Sacatepéquez,4000.0000000848236,2143.6436321764777,379.15144202760087,3829,13232,28.937424425634823,53.5910908032755,17.6872422419692,178.62110765642288,755.7944422890781,162.81505442021967,361.76958743849474,-2.5417053030404606,-1.2860560053730332,-2.5417053030404606,2.5417053030404606,1.2860560053730332,31.470588235294116,95.29411764705881,63.382352941176464,161.09926258977035,81.51325563467313
2105,Jalapa,San Carlos Alzatate,Jalapa,San Carlos Alzatate,8976.028973600023,7338.86030619789,782.08810085772,4164,5642,73.80361573909961,81.76065749991099,10.656805937527151,56.739055197485854,970.4812457630992,190.00990963035903,601.96179880853,-2.0511351069479047,-1.7761454642753562,-2.0511351069479047,2.0511351069479047,1.7761454642753562,97.35294117647058,58.82352941176471,78.08823529411765,160.16952085137316,138.69606493091385
2004,Chiquimula,Jocotán,Chiquimula,Jocotán,25100.164652478015,13734.296954951616,6002.384157957723,6540,12441,52.568121533638774,54.717955619449285,43.70361422681842,47.618018027796744,776.0845423546282,170.4545949105898,336.128863164823,-2.5149052458863457,-2.2013698599009954,-2.5149052458863457,2.5149052458863457,2.2013698599009954,77.3529411764706,50.0,63.6764705882353,160.14028992188054,140.17546313781338
1412,Quiché,Joyabaj,Quiché,Joyabaj,47218.99999992269,20267.235642708238,12856.046987563155,8822,16785,52.55883229073578,42.921780729666914,63.43266153412744,43.5283832266192,749.7198841695089,147.26967914685483,380.4708322875286,-2.603391319982193,-1.6526769230022191,-2.603391319982193,2.603391319982193,1.6526769230022191,77.05882352941177,45.294117647058826,61.1764705882353,159.26629251655768,101.10494117190046
0713,Sololá,San Lucas Tolimán,Sololá,San Lucas Tolimán,7398.5086373587055,5153.3660655884905,296.41701337428,3836,10396,36.898807233551366,69.65411974470926,5.75191068520436,74.43678464091307,1003.3613775440534,195.54731318396853,480.1958409735826,-2.6486129567810224,-1.463399647171367,-2.6486129567810224,2.6486129567810224,1.463399647171367,47.05882352941176,72.35294117647058,59.705882352941174,158.1377735960434,87.37356716934926
2102,Jalapa,San Pedro Pinula,Jalapa,San Pedro Pinula,53058.360289161836,25986.020032806933,7611.205073923575,11233,17698,63.47044863826421,48.976296838398646,29.28961443235459,43.22708897252645,747.6731579734328,177.17944437925806,347.863922815772,-2.331592906543262,-2.0793265984638416,-2.331592906543262,2.331592906543262,2.0793265984638416,90.58823529411765,45.0,67.79411764705883,158.06828381124174,140.96611204291634
0315,Sacatepéquez,San Antonio Aguas Calientes,Sacatepéquez,San Antonio Aguas Calientes,500.0000000995087,186.031676529294,180.062941053978,671,5435,12.34590616375345,37.20633529845409,96.79154884443773,360.6912610360414,721.664221766302,145.22642163423063,334.6225304007186,-2.833356236144592,-1.0963942105137656,-2.833356236144592,2.833356236144592,1.0963942105137656,11.76470588235294,99.70588235294117,55.73529411764706,157.91794316158828,61.10785379187017
0707,Sololá,Santa Clara La Laguna,Sololá,Santa Clara La Laguna,1399.7178504884034,441.56835169105403,116.701165447305,826,3248,25.43103448275862,31.546954376339322,26.428788431140934,187.06050758318747,1452.6010731567717,287.3942095803723,733.434886324318,-2.5462195673729164,-1.5273839688246498,-2.5462195673729164,2.5462195673729164,1.5273839688246498,27.941176470588236,95.88235294117648,61.911764705882355,157.64094674470556,94.56303689340847
1214,San Marcos,El Rodeo,San Marcos,El Rodeo,5167.746169497381,4765.6421263224,0.0,2369,5219,45.39183751676566,92.21896683803087,0.0,49.70998529065241,2206.744510426737,310.6689740567264,1409.019605419996,-2.689356017700854,-1.135371176298409,-2.689356017700854,2.689356017700854,1.135371176298409,64.41176470588236,52.352941176470594,58.38235294117648,157.01093220988813,66.28564073389241
0714,Sololá,Santa Cruz La Laguna,Sololá,Santa Cruz La Laguna,1099.7783107364091,579.79513652952,412.29426309915004,563,1653,34.05928614640048,52.71927359081036,71.11033486189966,97.10326364066269,887.9995315656525,183.01869125632157,417.24388608295874,-2.5403685818733908,-1.5344359392181564,-2.5403685818733908,2.5403685818733908,1.5344359392181564,41.47058823529412,81.47058823529412,61.470588235294116,156.15795106221725,94.32267979311608
0314,Sacatepéquez,Alotenango,Sacatepéquez,Alotenango,9000.000000680115,3780.9302302556644,369.95052488253697,2960,8880,33.333333333333336,42.010335888554955,9.784642993994659,78.28761230010443,1263.3968676012828,225.18995712839185,679.6412929912086,-2.7211369405535075,-1.0301364646990636,-2.7211369405535075,2.7211369405535075,1.0301364646990636,39.11764705882353,74.70588235294117,56.91176470588235,154.86470529326579,58.62688409390259
1209,San Marcos,Tajumulco,San Marcos,Tajumulco,25124.899229118186,9607.963223148774,1494.920296912961,6306,8916,70.72678331090175,38.2408030198734,15.559180048807864,65.63305722077237,1758.795428133515,297.0494111595041,1232.078219535883,-1.9070594399950185,-0.9991994892761352,-1.9070594399950185,1.9070594399950185,0.9991994892761352,95.58823529411765,66.76470588235294,81.1764705882353,154.80835454077211,81.11148795300393
1212,San Marcos,Nuevo Progreso,San Marcos,Nuevo Progreso,14032.634504282029,11041.145652120234,963.7801613762401,4536,8242,55.03518563455472,78.68191570692625,8.728986934351012,41.082693254109465,2175.9494155862394,337.1848153526557,1382.245771613722,-2.499983239044404,-0.9444065587696476,-2.499983239044404,2.499983239044404,0.9444065587696476,82.35294117647058,41.47058823529412,61.91176470588235,154.77837406436677,58.46987665323847
1605,Alta Verapaz,Tamahú,Alta Verapaz,Tamahú,6987.485036357792,3448.54207104135,894.30193664124,3313,6511,50.88312087236984,49.35312280595443,25.93275413836518,96.06958337033073,1222.274638032737,250.7826709464337,730.6405039073428,-1.996395108736016,-2.066116705752356,-1.996395108736016,1.996395108736016,2.066116705752356,73.82352941176471,81.17647058823529,77.5,154.72062092704124,160.1240446958076
2213,Jutiapa,Conguaco,Jutiapa,Conguaco,13182.29247346766,9157.1583568792,5538.668044185624,4680,6324,74.00379506641366,69.4655984557318,60.48457205094384,51.107557799131094,1038.683223773962,196.5643055042153,655.1005215924154,-2.0460761747008926,-2.244865778646125,-2.0460761747008926,2.0460761747008926,2.244865778646125,97.6470588235294,53.23529411764706,75.44117647058823,154.35839376787615,169.35531535962676
2103,Jalapa,San Luis Jilotepeque,Jalapa,San Luis Jilotepeque,20994.115373077628,8855.842639990307,5175.760886417301,4393,9113,48.2058597607813,42.18249963200086,58.444589598341885,49.60566914505166,592.8512629405656,133.3674210549345,268.74454656867204,-2.5519955711498303,-2.1976310611538947,-2.5519955711498303,2.5519955711498303,2.1976310611538947,68.82352941176471,52.05882352941177,60.44117647058824,154.24561466802652,132.82740678444864
1505,Baja Verapaz,Granados,Baja Verapaz,Granados,15446.173368590446,2890.747816535382,2283.8793711810818,1995,4498,44.353045798132506,18.71497715035151,79.0065241290524,69.01328398791448,618.9640753648927,142.413719090397,350.23041846305864,-2.2561506158419444,-1.8233025916712455,-2.2561506158419444,2.2561506158419444,1.8233025916712455,63.52941176470588,69.70588235294117,66.61764705882352,150.299445437706,121.46412853339325
1411,Quiché,San Juan Cotzal,Quiché,San Juan Cotzal,16283.000000373044,6295.144932206499,3088.2818996461388,4549,7808,58.26075819672131,38.66084217934212,49.05815406800604,72.2620376335885,1285.2905586374538,273.4693459206109,802.1573698093695,-1.8850420968328083,-2.023735325108274,-1.8850420968328083,1.8850420968328083,2.023735325108274,87.3529411764706,71.76470588235294,79.55882352941177,149.97173152743372,161.0060016005259
2211,Jutiapa,Comapa,Jutiapa,Comapa,17326.07308574776,8554.606668910044,3017.6638552833,5075,9548,53.152492668621704,49.37418090396358,35.275308054201695,59.3247614579878,943.7553912792692,172.44817186352384,604.752113017416,-2.1277942374954457,-2.402394349114631,-2.1277942374954457,2.1277942374954457,2.402394349114631,78.82352941176471,62.05882352941177,70.44117647058823,149.88432937651743,169.22748429792767
1327,Huehuetenango,Aguacatán,Huehuetenango,Aguacatán,24762.243234051024,8508.157220754527,5619.560897138094,8030,15085,53.23168710639708,34.35939603829915,66.04909560709477,94.38001428102285,795.77189438461,171.28723259384532,482.8976924802376,-1.8705060400142508,-1.6543689304178535,-1.8705060400142508,1.8705060400142508,1.6543689304178535,79.11764705882352,80.58823529411765,79.85294117647058,149.3654087834909,132.10622488483742
0401,Chimaltenango,Chimaltenango,Chimaltenango,Chimaltenango,4905.498489017539,1485.657806104169,774.4807506335337,5025,39003,12.883624336589493,30.28556240370411,52.130493808964644,338.2340118534446,721.4545933597799,154.63552760171504,340.28009547309296,-2.646433505557511,-1.2957450271836166,-2.646433505557511,2.646433505557511,1.2957450271836166,12.647058823529411,99.41176470588235,56.02941176470588,148.2781125907958,72.59983167014086
1102,Retalhuleu,San Sebastián,Retalhuleu,San Sebastián,1773.0000001551186,1182.3852510559689,36.97798356716,1641,10730,15.293569431500465,66.68839542879428,3.1274056855949084,138.7872521696672,1776.757258399989,291.58789772176715,973.6947762849323,-2.734910529442101,-1.3503448527672124,-2.734910529442101,2.734910529442101,1.3503448527672124,15.88235294117647,91.76470588235294,53.8235294117647,147.2025373199719,72.68032589894113
2107,Jalapa,Mataquescuintla,Jalapa,Mataquescuintla,23779.359325453308,17526.315392886183,1838.736916359059,8105,14340,56.52022315202232,73.70390073598873,10.491291952359767,46.2447457911762,916.5981113086436,181.87031910664012,525.6260295300139,-2.2123235877109164,-1.5909388931188249,-2.2123235877109164,2.2123235877109164,1.5909388931188249,85.0,47.94117647058824,66.47058823529412,147.05445024196092,105.750644072016
1015,Suchitepéquez,Santa Bárbara,Suchitepéquez,Santa Bárbara,17706.02002962752,13363.935010020397,239.41107020105002,4183,7423,56.35187929408595,75.47678692138886,1.7914713744233077,31.300661046791603,1586.228800197074,328.517677969249,795.5759598597785,-2.5519711624117947,-1.5066135339675646,-2.5519711624117947,2.5519711624117947,1.5066135339675646,84.11764705882354,30.58823529411765,57.352941176470594,146.36305196185293,86.40871738931621
0701,Sololá,Sololá,Sololá,Sololá,15196.936660492653,6175.435583091668,3854.278242019401,8912,32078,27.782280690816137,40.63605528570699,62.41305880628741,144.3137067837132,808.9586855901113,172.49984365865305,385.1389290759969,-2.382474224122782,-1.510177289991112,-2.382474224122782,2.382474224122782,1.510177289991112,30.294117647058822,92.3529411764706,61.32352941176471,146.10172815576473,92.60940145974908
0711,Sololá,Santa Catarina Palopó,Sololá,Santa Catarina Palopó,499.899231968305,128.08205562668002,109.06088294927,200,1267,15.785319652722968,25.621574796658372,85.14922907479647,156.14989861104257,750.4502807696343,152.48686043079613,353.8461151123047,-2.635373517474724,-1.5454516497077948,-2.635373517474724,2.635373517474724,1.5454516497077948,16.176470588235293,93.82352941176471,55.0,144.94554346110982,84.99984073392872
1009,Suchitepéquez,San Pablo Jocopilas,Suchitepéquez,San Pablo Jocopilas,2611.9780035351523,2406.13632272957,1.70617413772,1919,6994,27.437803831855877,92.1193179832683,0.07090928812314679,79.75441714886077,1770.78620505947,337.1960968303216,883.2202658122195,-2.7569490389802707,-1.6312080342739343,-2.7569490389802707,2.7569490389802707,1.6312080342739343,29.411764705882355,75.58823529411765,52.5,144.7398245464642,85.63842179938155
2104,Jalapa,San Manuel Chaparrón,Jalapa,San Manuel Chaparrón,12871.06058779167,4873.223823600799,3363.2790112252433,1587,2776,57.168587896253605,37.861866862961556,69.01548406081899,32.56571127134018,663.629270847391,141.22811189948516,340.7425101132955,-2.4447896770282,-2.2777697734913143,-2.4447896770282,2.4447896770282,2.2777697734913143,86.1764705882353,32.05882352941177,59.117647058823536,144.5302132596083,134.65638955051594
1313,Huehuetenango,San Miguel Acatán,Huehuetenango,San Miguel Acatán,12905.95721250454,3822.7093393690698,2286.46987741787,3087,4459,69.23076923076923,29.619727358659297,59.81281008917218,80.75424328519581,1398.6782284776134,336.31842243189243,894.3435115136283,-1.6760448801471617,-1.7054624828570444,-1.6760448801471617,1.6760448801471617,1.7054624828570444,95.29411764705881,76.17647058823529,85.73529411764704,143.6962007537934,146.21832757436127
0309,Sacatepéquez,Santa Lucía Milpas Altas,Sacatepéquez,Santa Lucía Milpas Altas,900.0000002267109,310.431352603478,3.75023044955,854,7000,12.2,34.49237250280889,1.208070775744184,275.10107881752407,663.2885101217321,132.8006168235905,324.51074494216965,-2.5991485838853987,-1.224407213449113,-2.5991485838853987,2.5991485838853987,1.224407213449113,10.882352941176471,98.52941176470588,54.705882352941174,142.18871664784828,66.98227697103971
2003,Chiquimula,San Juan Ermita,Chiquimula,San Juan Ermita,8048.009868066582,4751.949753395974,2061.341900857444,2081,4369,47.63103685053788,59.045028911446416,43.37886568317161,43.79255059489668,805.1012347270615,185.25282409997573,331.2889650747935,-2.5176782668141686,-2.215832186277376,-2.5176782668141686,2.5176782668141686,2.215832186277376,67.3529411764706,45.588235294117645,56.470588235294116,142.17477271421188,125.12934698978123
1220,San Marcos,El Quetzal,San Marcos,El Quetzal,8741.939833174933,7744.801938007059,196.605861930915,3059,6127,49.92655459441815,88.59363122834799,2.5385524833899997,39.497459386122934,1958.6139990011093,285.08255908545624,1270.1853182900556,-2.516188803803023,-1.0594185874853776,-2.516188803803023,2.516188803803023,1.0594185874853776,72.6470588235294,40.0,56.3235294117647,141.7206340965526,59.670193971602885
2009,Chiquimula,Quezaltepeque,Chiquimula,Quezaltepeque,24446.305432108435,9664.465111033229,1305.96863195626,3943,9032,43.655890168290526,39.533438448902224,13.513097899906834,40.79894701568697,871.4014274843901,180.2694197080044,390.3551281946055,-2.7502351931501186,-2.388302694588963,-2.7502351931501186,2.7502351931501186,2.388302694588963,61.76470588235294,40.88235294117647,51.32352941176471,141.1517768249105,122.57612358993356
0717,Sololá,San Juan La Laguna,Sololá,San Juan La Laguna,3699.2543182468607,1912.553608036304,412.821801178964,1517,5036,30.123113582208102,51.70105765917428,21.584848625645837,79.31803812587324,1715.548639635029,334.7343296776085,853.0428054654196,-2.59527503365121,-1.551007466859648,-2.59527503365121,2.59527503365121,1.551007466859648,32.64705882352941,75.29411764705883,53.970588235294116,140.06852019852852,83.70878534374864
0112,Guatemala,Chuarrancho,Guatemala,Chuarrancho,11778.037801424618,2639.410558580046,1887.932576065096,1670,3776,44.226694915254235,22.409594900950268,71.52856799514997,63.271702637214155,606.4816104080229,139.41749551678137,328.8127032259811,-2.177310729911263,-1.771380634047377,-2.177310729911263,2.177310729911263,1.771380634047377,63.23529411764706,65.29411764705883,64.26470588235294,139.9242336722385,113.83725545275055
0719,Sololá,Santiago Atitlán,Sololá,Santiago Atitlán,11597.662188438044,4633.03183668884,563.67999265169,4891,19898,24.580359835159314,39.94798056204472,12.166546929117239,105.56802051883862,1200.3942866000275,236.3577700964272,625.5078940874005,-2.460578925849372,-1.4972175106987629,-2.460578925849372,2.460578925849372,1.4972175106987629,27.058823529411764,84.41176470588235,55.73529411764706,137.14109013189884,83.44785831688692
1314,Huehuetenango,San Rafael La Independencia,Huehuetenango,San Rafael La Independencia,5121.39572400541,2303.678220169778,2135.830535471968,1610,2744,58.673469387755105,44.9814531880791,92.71392665745479,69.88823290960077,1320.2827355018394,306.50863227097386,833.6305610506137,-1.7328401140696486,-1.7126963816730216,-1.7328401140696486,1.7328401140696486,1.7126963816730216,87.6470588235294,70.58823529411765,79.11764705882354,137.09823255433398,135.50450784413025
1909,Zacapa,La Unión,Zacapa,La Unión,21463.34097681089,13970.066437024374,1265.331242255422,5124,7689,66.6406554818572,65.08803290278857,9.05744613283985,36.67842256225814,906.120105925046,199.82655088988824,469.967604295715,-2.1120892489878003,-2.156791894508818,-2.1120892489878003,2.1120892489878003,2.156791894508818,92.64705882352942,36.76470588235294,64.70588235294119,136.66459846391652,139.5571225858647
2206,Jutiapa,Yupiltepeque,Jutiapa,Yupiltepeque,5539.911554850016,3897.195117729519,1949.449856320738,2855,5728,49.84287709497207,70.34760535694201,50.02186950948648,73.25781526851816,963.375774089634,194.5655198343248,606.7802622394812,-1.892077096107379,-2.265876276319815,-1.892077096107379,1.892077096107379,2.265876276319815,72.35294117647058,72.05882352941177,72.20588235294117,136.61909620422398,163.609595834269
0403,Chimaltenango,San Martín Jilotepeque,Chimaltenango,San Martín Jilotepeque,40972.21807201705,17795.676384169048,8467.007549598886,7368,16665,44.212421242124215,43.433519642235396,47.57901507543201,41.4033152825511,701.604440828034,151.6626684184607,346.17276368886377,-2.5928504818714773,-1.473160862588577,-2.5928504818714773,2.5928504818714773,1.473160862588577,62.94117647058823,42.05882352941177,52.5,136.12465029825256,77.34094528590029
1414,Quiché,San Andrés Sajcabajá,Quiché,San Andrés Sajcabajá,16921.99999959106,5401.951423918092,1559.1744496318818,2329,4311,54.02458826258409,31.92265349278239,28.863170496653527,43.114049298702355,1095.3118548792909,225.881473331266,630.538713507427,-2.1702969283011853,-1.972510797934672,-2.1702969283011853,2.1702969283011853,1.972510797934672,80.58823529411765,44.41176470588235,62.5,135.64355801882408,123.28192487091701
0313,Sacatepéquez,San Miguel Dueñas,Sacatepéquez,San Miguel Dueñas,4500.000000419547,2355.819610118512,295.25147027875903,1443,5305,27.200754005655043,52.351546886641614,12.53285561469225,61.252567633028924,975.8424810070668,178.0989055862011,470.9237521344822,-2.944301940149744,-1.1450521903344968,-2.944301940149744,2.944301940149744,1.1450521903344968,29.117647058823533,62.64705882352941,45.88235294117647,135.0915007833412,52.53768873299456
1006,Suchitepéquez,Santo Domingo Suchitepéquez,Suchitepéquez,Santo Domingo Suchitepéquez,23615.318460129147,20120.84718412576,1412.68309976563,6094,11135,54.72833408172429,85.20252317620333,7.020992142319729,30.28699509634878,1382.1010709062248,273.22131149226936,685.509283283536,-2.441568775928692,-1.7152377621848158,-2.441568775928692,2.441568775928692,1.7152377621848158,81.47058823529412,29.117647058823533,55.294117647058826,135.00439113958652,94.84255861492511
0117,Guatemala,Petapa,Guatemala,Petapa,2375.6042284866485,280.32494439083,109.26088756873,600,60017,0.9997167469217055,11.800153452724228,38.97651270605376,214.03732061870238,822.7335824704712,155.46342950729655,396.8738649209823,-2.751195958218086,-1.2564564383674306,-2.751195958218086,2.751195958218086,1.2564564383674306,0.8823529411764706,97.05882352941177,48.970588235294116,134.7276844245033,61.529410878875645
1011,Suchitepéquez,San Miguel Panán,Suchitepéquez,San Miguel Panán,2880.2868638747764,2381.6086992067303,184.23019503168,1059,2602,40.69946195234435,82.68651046801682,7.735535862505191,44.465742854933865,1709.662706598485,340.7127948350453,833.6988562447452,-2.6766143124284176,-1.601140501026708,-2.6766143124284176,2.6766143124284176,1.601140501026708,54.11764705882353,46.470588235294116,50.294117647058826,134.6179551250763,80.52794872810796
1410,Quiché,Cunén,Quiché,Cunén,22580.000000309232,7583.473209870933,2426.2555749220573,4948,9782,50.58270292373748,33.58491235503577,31.993988872591416,65.24714814788952,1095.5869249769385,240.8065744162574,681.0287710464396,-1.9265674122801195,-2.0126254627076827,-1.9265674122801195,1.9265674122801195,2.0126254627076827,73.23529411764706,66.47058823529412,69.85294117647058,134.57640012250835,140.58780805678666
1405,Quiché,Chajul,Quiché,Chajul,52527.000000249536,18078.072412203914,6136.118984624453,8516,11711,72.71795747587738,34.41672361284298,33.94232993824143,47.1067921724394,1894.614285161355,379.6405405242444,1249.578122076386,-1.8366843652220524,-2.090294334633678,-1.8366843652220524,1.8366843652220524,2.090294334633678,96.47058823529412,48.8235294117647,72.6470588235294,133.42971712054322,151.8537354866231
1219,San Marcos,San Pablo,San Marcos,San Pablo,13915.507530743027,9054.27304466221,434.126050139532,5398,13403,40.27456539580691,65.06606406312477,4.794709061656403,59.61825950435963,2034.689345303296,313.2209882862844,1360.0633764433578,-2.277163441629169,-1.1071256583339986,-2.277163441629169,2.277163441629169,1.1071256583339986,53.23529411764706,62.35294117647059,57.794117647058826,131.60665184709757,63.98535054783257
0907,Quetzaltenango,Cajolá,Quetzaltenango,Cajolá,2053.496320657467,819.0150521725983,720.0969909046082,746,2712,27.507374631268437,39.88393083219037,87.92231461368256,91.08501706056421,718.8823765562258,122.25432925685584,417.4783517626513,-2.3816793614705083,-1.2442858291209786,-2.3816793614705083,2.3816793614705083,1.2442858291209786,29.705882352941178,79.70588235294119,54.70588235294118,130.2918709510337,68.06975418132413
2106,Jalapa,Monjas,Jalapa,Monjas,14802.917037364192,8092.997569948897,2525.713179593308,4048,9494,42.63745523488519,54.67164039034523,31.20862397107153,50.018549554878476,718.7585920493976,144.22761123679678,382.1338749096285,-2.327468184643316,-2.074688951112704,-2.327468184643316,2.327468184643316,2.074688951112704,58.82352941176471,52.64705882352941,55.73529411764706,129.72212382056128,115.63339889289922
2204,Jutiapa,Agua Blanca,Jutiapa,Agua Blanca,23807.345129959485,13701.16582893128,6722.73114831117,2984,5257,56.76241202206582,57.55016258276337,49.06685483738545,21.779168555853897,640.0430112624771,124.23271475481177,338.29990514669373,-2.477724840181046,-2.632748383281748,-2.477724840181046,2.477724840181046,2.632748383281748,85.58823529411764,19.11764705882353,52.35294117647058,129.71618280947825,137.83212124239736
2005,Chiquimula,Camotán,Chiquimula,Camotán,23047.188393807093,13685.662006507731,4430.749258306515,4515,8666,52.10016155088853,59.38104801618728,32.37511825295429,32.9907314520339,851.8307177571073,188.23661778860887,398.0213956351036,-2.381673120970613,-2.1924516794426445,-2.381673120970613,2.381673120970613,2.1924516794426445,76.17647058823529,32.64705882352941,54.41176470588235,129.59103746457745,119.29516491084976
0905,Quetzaltenango,Sibilia,Quetzaltenango,Sibilia,4109.492636620721,2292.0397556814587,2195.4298129427084,1177,2193,53.67077063383493,55.774275764762706,95.78497962353072,51.35163982572631,640.649559070452,118.29922017181416,414.2546032895919,-1.9418861686646571,-1.053969197236231,-1.9418861686646571,1.9418861686646571,1.053969197236231,79.70588235294119,53.529411764705884,66.61764705882354,129.3638874125132,70.21294799235481
0607,Santa Rosa,San Juan Tecuaco,Santa Rosa,San Juan Tecuaco,3362.830907558107,2373.3975371282313,798.8063341956,1633,3115,52.42375601926164,70.57736777052686,33.65665977567928,68.80431846979587,1291.9259401042132,262.39251357275003,857.0470050003529,-1.7709430313392256,-1.7819200585902637,-1.7709430313392256,1.7709430313392256,1.7819200585902637,76.76470588235294,69.11764705882352,72.94117647058823,129.17466816827292,129.97534545011334
2217,Jutiapa,Quesada,Jutiapa,Quesada,13933.77732859274,5939.115908054601,3535.295878948715,3090,7455,41.4486921529175,42.6238755507257,59.525625256010976,52.02794570500563,802.1901860503258,151.46639654813117,458.19186356228033,-2.3235515891275766,-1.9595291592526547,-2.3235515891275766,2.3235515891275766,1.9595291592526547,56.470588235294116,54.70588235294118,55.58823529411765,129.1621324544447,108.9267679702211
0614,Santa Rosa,Nueva Santa Rosa,Santa Rosa,Nueva Santa Rosa,13196.12628521471,11396.195335239398,1183.234758661605,5349,12205,43.82630069643589,86.36015667725155,10.38271742326843,46.936717410062144,948.0212431179954,176.83722384095813,565.5499129832474,-2.32978060384788,-1.3492803365259836,-2.32978060384788,2.32978060384788,1.3492803365259836,62.05882352941177,48.529411764705884,55.294117647058826,128.82316280100042,74.60726566673085
0110,Guatemala,San Juan Sacatepéquez,Guatemala,San Juan Sacatepéquez,27255.45929344141,8787.18664874935,3348.139420248979,11822,82187,14.384270018372735,32.24009749439021,38.102518520253675,134.53680310389885,745.6620746551938,168.60131643179946,371.4920581773558,-2.4424558716627573,-1.4352991865651803,-2.4424558716627573,2.4424558716627573,1.4352991865651803,14.411764705882351,90.88235294117646,52.647058823529406,128.58811794930398,75.56428070446096
1311,Huehuetenango,La Libertad,Huehuetenango,La Libertad,9572.001573528309,6840.27952649526,870.6747107520711,7265,9608,75.61407160699417,71.46132889710636,12.728642263515464,106.20910990347134,708.4137133094456,144.48751157881995,505.84247107124384,-1.395510084674503,-1.4402197589328136,-1.395510084674503,1.395510084674503,1.4402197589328136,98.52941176470588,85.29411764705883,91.91176470588235,128.26379454728888,132.37313960779537
2011,Chiquimula,Ipala,Chiquimula,Ipala,22999.411540526584,13087.508471158664,7022.246915720767,3740,7662,48.81232054293918,56.90366663554653,53.65610216181256,28.57686784495269,596.931126880725,129.79034965885648,278.59664216635264,-2.6135645844559083,-2.3379883755829165,-2.6135645844559083,2.6135645844559083,2.3379883755829165,70.58823529411765,27.35294117647059,48.97058823529412,127.98779509173788,114.49266603957518
0704,Sololá,Santa Lucía Utatlán,Sololá,Santa Lucía Utatlán,5098.972168661564,1900.8018496779498,1572.7031455645097,1556,6708,23.19618366129994,37.278137373652186,82.73893177402844,81.86018970171094,931.7621563845472,198.13819272096447,451.91902636515664,-2.4991849318281774,-1.5361270748558828,-2.4991849318281774,2.4991849318281774,1.5361270748558828,24.705882352941178,76.76470588235294,50.73529411764706,126.7968825706943,77.93585894489405
0316,Sacatepéquez,Santa Catarina Barahona,Sacatepéquez,Santa Catarina Barahona,1099.9999997847576,575.52876133831,400.3580417562,383,2104,18.20342205323194,52.32079649553877,69.56351596143077,66.54749957402444,794.301049887457,150.8322437110738,371.81721892210624,-2.928979066791114,-1.1032059723110184,-2.928979066791114,2.928979066791114,1.1032059723110184,18.823529411764707,67.64705882352942,43.235294117647065,126.63527141714523,47.69743468521168
2216,Jutiapa,San José Acatempa,Jutiapa,San José Acatempa,11201.722131755281,6862.360609838466,993.182776768246,2057,3899,52.75711720954091,61.261657173093546,14.472902740557444,29.975107939546476,893.5954903387268,166.73541926756351,519.995589725986,-2.367170369816286,-1.7763911599123936,-2.367170369816286,2.367170369816286,1.7763911599123936,78.52941176470588,28.235294117647058,53.38235294117647,126.3651241534282,94.82793986002925
1402,Quiché,Chiché,Quiché,Chiché,11574.999999843936,4502.722919185152,4154.779711441904,2803,8677,32.303791633052896,38.90041398916511,92.27260451091192,62.251221101280926,856.4063459989309,175.3471138480973,434.2572446014485,-2.4701376369518413,-1.609409366115824,-2.4701376369518413,2.4701376369518413,1.609409366115824,37.05882352941177,64.41176470588236,50.735294117647065,125.32315952182138,81.65385754558226
1507,Baja Verapaz,San Jerónimo,Baja Verapaz,San Jerónimo,22169.734020609107,5498.9684156332605,441.021582586936,4590,9421,48.720942575098185,24.803944019000813,8.020078481140867,83.47020119175237,608.9451235170055,163.3270425691117,375.97737096282543,-1.6941437988776376,-2.003490160227646,-1.6941437988776376,1.6941437988776376,2.003490160227646,70.29411764705881,77.64705882352942,73.97058823529412,125.31681335815466,148.19934567566264
1010,Suchitepéquez,San Antonio Suchitepéquez,Suchitepéquez,San Antonio Suchitepéquez,7502.863841906046,6323.462906977731,115.73927349996,4206,17571,23.93716919924876,84.28065656288523,1.8303147373924746,66.51418790420702,1683.0530666773298,332.41965185148695,813.7543084257245,-2.6998517823924337,-1.608451418312281,-2.6998517823924337,2.6998517823924337,1.608451418312281,25.294117647058822,67.3529411764706,46.32352941176471,125.06666344906128,74.5091465835836
1004,Suchitepéquez,San Bernardino,Suchitepéquez,San Bernardino,1431.7945630918339,1289.02331635989,44.4000674255,907,4846,18.716467189434585,90.02851034553156,3.444473568630444,70.36335095638947,1720.797067334112,319.5531279483426,843.3869861762824,-2.7554386932482045,-1.674023745467204,-2.7554386932482045,2.7554386932482045,1.674023745467204,19.411764705882355,71.17647058823529,45.294117647058826,124.8051643412422,75.82342847116159
0804,Totonicapán,San Andrés Xecul,Totonicapán,San Andrés Xecul,1648.9971743603405,925.361032558543,783.322222335708,1213,8576,14.144123134328359,56.11659297824437,84.65044396454539,131.08397234387104,536.5360010235424,110.96966396468513,285.28256516057064,-2.378315934120787,-1.3644922421673973,-2.378315934120787,2.378315934120787,1.3644922421673973,14.117647058823529,90.58823529411765,52.352941176470594,124.51183419808828,71.43518208994021
1401,Quiché,Santa Cruz Del Quiché,Quiché,Santa Cruz del Quiché,11214.999999882606,4348.991561401697,4287.31268493011,4816,25132,19.162820308769696,38.77834651312725,98.58176601171172,110.73831558430948,798.0323237745503,174.8936226672269,412.5555000418893,-2.330650536566427,-1.664015379571652,-2.330650536566427,2.330650536566427,1.664015379571652,19.705882352941178,86.76470588235294,53.23529411764706,124.07286679956567,88.584348147785
0111,Guatemala,San Raymundo,Guatemala,San Raimundo,12477.921202616337,4128.460065274733,1601.137313310589,3192,11551,27.633971084754567,33.08612066254344,38.78291876377977,77.3169644257558,723.6792206921256,166.0762972765092,359.34374324947936,-2.386900255695041,-1.530152252900561,-2.386900255695041,2.386900255695041,1.530152252900561,30.0,73.82352941176471,51.911764705882355,123.9082044500514,79.4329037167497
1305,Huehuetenango,Nentón,Huehuetenango,Nentón,76286.10339954427,22238.221054068657,18114.270544683415,8231,11937,68.9536734522912,29.15107740868242,81.45557371986492,37.01285269171328,1078.327817921569,271.0000385792641,585.2494956294503,-1.8785267100753704,-1.8990810952427504,-1.8785267100753704,1.8785267100753704,1.8990810952427504,94.70588235294117,37.05882352941177,65.88235294117646,123.76175972261262,125.11593098069883
0108,Guatemala,Mixco,Guatemala,Mixco,9019.497369424655,451.31090078180694,57.21840750455,1279,217942,0.5868533830101587,5.003725621249287,12.67826844098612,283.39665578305005,759.2252311680379,168.7531626939166,363.275977793733,-2.4825339868023404,-1.33750850229919,-2.4825339868023404,2.4825339868023404,1.33750850229919,0.29411764705882354,98.82352941176471,49.55882352941177,123.03146375770423,66.28534783453338
2002,Chiquimula,San José La Arada,Chiquimula,San José La Arada,11530.963501654029,4085.430903986375,2942.097898920319,1252,2733,45.810464690815955,35.43009136574191,72.01438399189558,30.645482188386936,604.8386603484951,139.19787226693143,255.6553693785634,-2.6047201267780014,-2.085313744897812,-2.6047201267780014,2.6047201267780014,2.085313744897812,64.70588235294117,29.705882352941178,47.205882352941174,122.95811186702035,98.4390753106173
0604,Santa Rosa,Casillas,Santa Rosa,Casillas,20441.20078624978,14489.029254577883,2105.728641637317,4037,7337,55.02248875562219,70.88149764824112,14.53326240591309,27.862460134963765,841.2382610618952,162.46157554480118,509.4305714523187,-2.2799320379574377,-1.5284670581883557,-2.2799320379574377,2.2799320379574377,1.5284670581883557,82.05882352941177,25.588235294117645,53.82352941176471,122.7139891018268,82.26749166131445
0312,Sacatepéquez,Ciudad Vieja,Sacatepéquez,Ciudad Vieja,3599.999999855431,2578.203168197389,716.044077515043,1932,14312,13.49916154276132,71.61675467502569,27.77298881436415,74.93590977745959,775.3026761468965,147.458611349329,374.00699353724,-2.84725488527063,-1.0134801630986012,-2.84725488527063,2.84725488527063,1.0134801630986012,13.23529411764706,72.6470588235294,42.94117647058823,122.26447448515057,43.52003053305758
0918,Quetzaltenango,San Francisco La Unión,Quetzaltenango,San Francisco La Unión,1688.9969737341012,935.862991980598,820.244186346708,592,1868,31.69164882226981,55.40939424607465,87.64575513460554,63.25712257807424,600.1747751467616,117.30717318727554,331.6490290886666,-2.4418395843926644,-1.375889739106284,-2.4418395843926644,2.4418395843926644,1.375889739106284,35.0,65.0,50.0,122.09197921963322,68.7944869553142
0101,Guatemala,Guatemala,Guatemala,Guatemala,21466.42055406609,2151.445350765659,381.695070068622,3677,433053,0.8490877560021521,10.022375856035021,17.741332352819647,170.9083616133417,786.9067319808634,168.58441163415105,375.6612106864924,-2.5522773619399994,-1.4579781279334738,-2.5522773619399994,2.5522773619399994,1.4579781279334738,0.5882352941176471,95.0,47.794117647058826,121.98384450448528,69.68277817329103
1227,San Marcos,Esquipulas Palo Gordo,San Marcos,Esquipulas Palo Gordo,5049.111843485,1005.5610528864454,707.480500054828,1084,3631,29.854034701184247,19.915602665525167,70.35679216334181,107.80051563138777,1277.321833848197,231.357394783401,831.1233774528532,-2.071282997363384,-1.0009208245139851,-2.071282997363384,2.071282997363384,1.0009208245139851,31.76470588235294,85.88235294117646,58.8235294117647,121.84017631549317,58.87769555964618
0115,Guatemala,Villa Nueva,Guatemala,Villa Nueva,8894.51819054402,2043.823051550765,793.51969854089,2528,185915,1.3597611811849502,22.978457154920466,38.825264150866744,123.68976845044693,741.4737685440093,147.86884669335356,353.2683504143919,-2.677911775115873,-1.2286841007792415,-2.677911775115873,2.677911775115873,1.2286841007792415,1.1764705882352942,89.41176470588236,45.294117647058826,121.2936509905425,55.65216221176565
2101,Jalapa,Jalapa,Jalapa,Jalapa,68496.15841341861,40509.92203240625,5497.314697838633,22021,53916,40.84316343942429,59.141889079242475,13.57029197301592,54.35952205087958,800.209136503004,167.26644580337955,428.9001533796928,-2.179386515116892,-2.022164968380613,-2.179386515116892,2.179386515116892,2.022164968380613,55.00000000000001,56.1764705882353,55.58823529411765,121.14825039914489,112.4085820658635
0923,Quetzaltenango,La Esperanza,Quetzaltenango,La Esperanza,1222.0335302293938,373.319669055607,223.018727835477,439,8640,5.081018518518518,30.54905285500058,59.73934574614062,117.59358972714875,1419.0538911819458,235.60654688793105,819.9844665527344,-2.6190756094416923,-1.3800986185686286,-2.6190756094416923,2.6190756094416923,1.3800986185686286,3.823529411764706,88.52941176470588,46.1764705882353,120.93966784774874,63.72808326919844
1607,Alta Verapaz,Panzós,Alta Verapaz,Panzós,72888.50806018575,36821.437196064915,11356.193558642271,12708,17923,70.90330859789098,50.517479608254014,30.841255592967187,34.51250404033142,1540.9514638652129,279.67610295255383,1017.629908751948,-1.8423428575139464,-1.9545565798816775,-1.8423428575139464,1.8423428575139464,1.9545565798816775,95.88235294117648,35.294117647058826,65.58823529411765,120.83601683106178,128.19591685694533
1302,Huehuetenango,Chiantla,Huehuetenango,Chiantla,54302.98960353582,21892.674739701255,5401.151720050057,13519,24662,54.8171275646744,40.315781689993294,24.671045380559836,61.75124858308875,880.4986602691507,188.9937336714716,577.6779316472057,-1.6593059756901696,-1.511219870047688,-1.6593059756901696,1.6593059756901696,1.511219870047688,81.76470588235294,63.8235294117647,72.79411764705883,120.78771440685793,110.00791701082434
1218,San Marcos,Ocós,San Marcos,Ocós,5421.246299424329,4361.85193574861,0.0,1966,3488,56.36467889908257,80.45847199769888,0.0,45.072598266969415,708.0005410470995,173.500497010978,405.14700020458105,-1.832871066724924,-0.6994024608644964,-1.832871066724924,1.832871066724924,0.6994024608644964,84.41176470588235,46.76470588235294,65.58823529411765,120.21477878813472,45.87257316846551
1332,Huehuetenango,Unión Cantinil,Huehuetenango,Unión Cantinil,4422.614616794965,4003.1161161892232,48.8824217124,3148,4284,73.48272642390289,90.51469465567523,1.2211092632240144,78.63873813874645,1335.9000258105727,281.7679836932132,982.477875230915,-1.396531256814867,-1.2815160945504132,-1.396531256814867,1.396531256814867,1.2815160945504132,97.05882352941177,75.0,86.02941176470588,120.1427625348084,110.24807578117525
0901,Quetzaltenango,Quetzaltenango,Quetzaltenango,Quetzaltenango,12680.46727961135,3660.999605447438,1328.1492467287949,3871,78325,4.942227896584743,28.871172684100376,36.278322585792026,105.73614906267919,1140.3297714795287,188.44248271678435,634.9287363098599,-2.7084438223539173,-1.5566247629894014,-2.7084438223539173,2.7084438223539173,1.5566247629894014,3.5294117647058822,85.0,44.26470588235294,119.88846919537193,68.90353730291321
1202,San Marcos,San Pedro Sacatepéquez,San Marcos,San Pedro Sacatepéquez,7732.759204158615,2848.917691668313,669.9273761653664,5607,28182,19.895678092399404,36.842188104553784,23.51515377662806,196.81158274237703,942.0773269768388,156.03531522301358,636.0630037093622,-2.046940015884077,-1.1018098929405962,-2.046940015884077,2.046940015884077,1.1018098929405962,20.588235294117645,96.47058823529412,58.529411764705884,119.80619504733274,64.48828491034666
0513,Escuintla,Nueva Concepción,Escuintla,Nueva Concepción,52378.10026977142,48239.58438003959,797.12315555126,10978,23465,46.78457276795227,92.09876672041071,1.6524254215612415,22.757244161793484,1097.7618868056363,217.2521432221644,509.1179558438018,-2.7507862475631115,-1.901763041100944,-2.7507862475631115,2.7507862475631115,1.901763041100944,66.47058823529412,20.0,43.23529411764706,118.93105246816982,82.22328442407023
1317,Huehuetenango,Santa Eulalia,Huehuetenango,Santa Eulalia,36018.71714688803,12223.09128717365,4507.339719459649,5002,9487,52.72478127964583,33.935387641171744,36.875612016327196,40.92254473505298,1951.4402182122312,411.3092192061813,1140.1615614096895,-1.988998567611201,-1.986269626601964,-1.988998567611201,1.988998567611201,1.986269626601964,78.23529411764706,41.17647058823529,59.705882352941174,118.75491447796287,118.59198064711725
1506,Baja Verapaz,El Chol,Baja Verapaz,El Chol,11912.82523174641,2333.0064327765144,1213.0398440555698,1352,3144,43.00254452926209,19.58398941805426,51.99470635886457,57.95097608843636,537.1164965015267,124.70022709498384,327.50759872556483,-1.9707488165409457,-1.8517537184454569,-1.9707488165409457,1.9707488165409457,1.8517537184454569,60.29411764705882,60.0,60.147058823529406,118.53474499488922,111.3775398300282
1223,San Marcos,Ixchiguán,San Marcos,Ixchiguán,10437.411259102897,5192.810072739863,1865.9690302060142,3687,4758,77.49054224464061,49.7518967474909,35.933704565887965,71.00201910628789,1047.8691016589366,179.00384059355378,821.0960587106335,-1.3872855057482167,-0.7261509785501462,-1.3872855057482167,1.3872855057482167,0.7261509785501462,98.82352941176471,71.47058823529412,85.14705882352942,118.12328056297318,61.82962008537275
0412,Chimaltenango,Yepocapa,Chimaltenango,Yepocapa,20531.027120241735,11469.146609590854,403.272501974034,4557,10704,42.57286995515695,55.862507717810736,3.5161509020802395,39.73268591918858,2055.159789134792,395.8743354680076,1170.2336206344792,-2.3873257775447,-1.2127726757195192,-2.3873257775447,2.3873257775447,1.2127726757195192,58.529411764705884,40.294117647058826,49.411764705882355,117.96197959632636,59.92523809437625
1307,Huehuetenango,Jacaltenango,Huehuetenango,Jacaltenango,16334.883102979795,5081.616904031903,2640.336051601725,5522,12649,43.65562495058898,31.10898848798568,51.958581322940844,108.66620023281732,1229.368991818462,306.47732505888433,787.7311322714573,-1.5964763890304947,-1.5740996185318807,-1.5964763890304947,1.5964763890304947,1.5740996185318807,61.47058823529412,86.1764705882353,73.82352941176471,117.85752166078065,116.20558948573591
1326,Huehuetenango,Barillas,Huehuetenango,Barillas,88902.15142644293,42180.11591264392,4624.04444304617,17458,25764,67.76121720229779,47.44555135714964,10.96261672827709,41.389170281456686,2423.976381442973,509.1835103606533,1478.5863678428373,-1.729784532194138,-2.0768324970168845,-1.729784532194138,1.729784532194138,2.0768324970168845,94.11764705882352,41.76470588235294,67.94117647058823,117.52359615789585,141.10244317967656
0105,Guatemala,Palencia,Guatemala,Palencia,21736.37876172288,13916.566020496772,2927.21522483787,8531,25562,33.37375792191534,64.02430769656735,21.03403397452053,61.301042135216875,805.332007234453,175.5907257759969,412.8493051921758,-2.2820297078290928,-1.6783043340462926,-2.2820297078290928,2.2820297078290928,1.6783043340462926,39.411764705882355,63.23529411764706,51.32352941176471,117.12181882828727,86.13650185031709
0610,Santa Rosa,Santa María Ixhuatán,Santa Rosa,Santa María Ixhuatán,16466.87924812374,11596.77862127087,420.5612526115,4326,7917,54.641909814323604,70.42487192946547,3.626535146925236,37.30346280875992,1219.659240716163,239.9426739466533,782.8986144883045,-1.9783052475618668,-1.7136683838461486,-1.9783052475618668,1.9783052475618668,1.7136683838461486,80.88235294117648,37.35294117647059,59.117647058823536,116.95275139998095,101.30804269208114
1013,Suchitepéquez,Chicacao,Suchitepéquez,Chicacao,21104.36686954444,16901.98331421721,124.72310425923,6510,17303,37.623533491302084,80.08761133985186,0.7379199348417199,38.51618995815759,2002.2857870328696,398.84357474031793,1000.7289471399248,-2.6567180992957478,-1.6076609034840346,-2.6567180992957478,2.6567180992957478,1.6076609034840346,48.8235294117647,39.11764705882353,43.970588235294116,116.81745760138655,70.6897956090774
2203,Jutiapa,Santa Catarina Mita,Jutiapa,Santa Catarina Mita,20159.32485377589,8408.311556160255,4125.126208185199,4009,10127,39.587242026266416,41.70929144279035,49.060101788961084,47.67901347640777,700.2891670887329,138.85851879017798,406.6467496072989,-2.259456036286596,-2.355529670244594,-2.259456036286596,2.259456036286596,2.355529670244594,52.352941176470594,50.294117647058826,51.32352941176471,115.96325833294442,120.89409631108283
1910,Zacapa,Huité,Zacapa,Huité,8485.543211382932,3184.67357426062,1924.6843790196301,1415,3354,42.188431723315446,37.530579892499276,60.435844809196205,44.43155529145614,632.2933457663404,159.9139864194263,282.3197492107083,-2.2314044210033224,-1.957866991160495,-2.2314044210033224,2.2314044210033224,1.957866991160495,57.647058823529406,46.1764705882353,51.91176470588235,115.83614126679011,101.63633057053745
1308,Huehuetenango,Soloma,Huehuetenango,Soloma,12716.016711851595,2955.353997791176,1904.248084451534,3434,9972,34.436421981548335,23.24119309340577,64.43384061181044,116.19589404743266,1281.1878340469189,287.392388764776,774.9976527043624,-1.774882936803129,-1.7653996214426642,-1.774882936803129,1.774882936803129,1.7653996214426642,42.05882352941177,88.23529411764706,65.14705882352942,115.62840308879208,115.01059298516181
0710,Sololá,Panajachel,Sololá,Panajachel,799.838771961911,105.536081593752,71.600532846342,122,6835,1.7849305047549378,13.194669387542234,67.84460041065323,115.60027448207126,801.640375343677,165.17576083893948,378.581897261304,-2.562656950046415,-1.5108526488345144,-2.562656950046415,2.562656950046415,1.5108526488345144,2.0588235294117645,87.6470588235294,44.85294117647059,114.94270143590538,67.76618498448924
1320,Huehuetenango,San Sebastián Huehuetenango,Huehuetenango,San Sebastián Huehuetenango,12816.130145116571,4105.432540027064,1486.06279227083,5044,8562,58.91146928287783,32.03332436188929,36.19747195410093,122.86159742784982,663.5026846705522,135.5268127430976,504.8521900401821,-1.287154170596737,-1.245933755771295,-1.287154170596737,1.287154170596737,1.245933755771295,88.23529411764706,89.11764705882354,88.6764705882353,114.14028895144597,110.4850080485428
0205,El Progreso,El Jícaro,El Progreso,El Jícaro,11440.894126367119,2591.126694138648,170.977390899955,1519,4312,35.22727272727273,22.64793874953391,6.598573172308424,58.623146580833314,796.281638856121,201.77447027937455,395.989208843476,-2.160325300863998,-1.9368572693933936,-2.160325300863998,2.160325300863998,1.9368572693933936,44.11764705882353,60.882352941176464,52.5,113.4170782953599,101.68500664315317
0307,Sacatepéquez,San Bartolomé Milpas Altas,Sacatepéquez,San Bartolomé Milpas Altas,799.9999999206066,313.988949979136,115.184150020723,288,3463,8.31648859370488,39.248618751287104,36.684141282161924,91.72297305976439,706.1708279959857,146.39322856487334,341.8040888034924,-2.580737942538796,-1.266179139182951,-2.580737942538796,2.580737942538796,1.266179139182951,7.647058823529412,80.0,43.8235294117647,113.09704512890605,55.48843874654697
1333,Huehuetenango,Petatán,Huehuetenango,Petatán,1699.46764250466,1597.64648031743,188.0177831984,1227,1916,64.03966597077245,94.00864366931005,11.768422208212389,76.80046963557372,1615.0195165370867,358.28256173783313,1171.7687874900016,-1.3725257863188598,-1.2472466827623034,-1.3725257863188598,1.3725257863188598,1.2472466827623034,91.17647058823529,73.52941176470588,82.35294117647058,113.03153534390609,102.71443269807203
1610,Alta Verapaz,San Juan Chamelco,Alta Verapaz,San Juan Chamelco,18689.61744571017,9955.164942107165,5915.226856543399,6987,20251,34.501999901239444,53.26575020074676,59.418672527703485,70.18467338946061,1150.3812002956436,229.56630688764037,705.4490949847712,-1.99152573578892,-2.113331004653032,-1.99152573578892,1.99152573578892,2.113331004653032,42.35294117647059,70.88235294117648,56.617647058823536,112.75550121746093,119.65182893991431
0308,Sacatepéquez,San Lucas Sacatepéquez,Sacatepéquez,San Lucas Sacatepéquez,2299.9999995681114,381.6428056128928,60.368518572432,396,10569,3.746806698836219,16.593165464545947,15.818068016632516,103.76194550924404,711.9619447065028,148.85370529187512,340.5414462558425,-2.589352775001323,-1.2984035656306097,-2.589352775001323,2.589352775001323,1.2984035656306097,3.2352941176470593,83.82352941176471,43.529411764705884,112.71300314711641,56.51874344509713
1306,Huehuetenango,San Pedro Necta,Huehuetenango,San Pedro Necta,7581.6250583650135,5337.776847786093,347.72241225294,6197,9923,62.45087171218382,70.40412585289718,6.514367725903754,116.09702272529958,990.2489284900852,191.9020084750377,753.6438119895344,-1.259037853133529,-1.350982548756306,-1.259037853133529,1.259037853133529,1.350982548756306,90.0,87.94117647058823,88.97058823529412,112.01733840379191,120.19771205846547
1001,Suchitepéquez,Mazatenango,Suchitepéquez,Mazatenango,6526.8619882968915,4600.7613103708245,293.730888741044,3588,29172,12.29946524064171,70.4896368058694,6.384397470890945,77.98709296029106,1749.5830975182714,331.47145972061446,886.4949964109018,-2.6085264834965245,-1.532207691280482,-2.6085264834965245,2.6085264834965245,1.532207691280482,11.470588235294118,74.41176470588235,42.94117647058823,112.01319605602723,65.79480086086775
0107,Guatemala,San Pedro Ayampuc,Guatemala,San Pedro Ayampuc,10668.222694646513,2014.7454377611487,1058.9798961279487,2273,22311,10.187799740038546,18.885483509565102,52.561473835857,112.81822295752819,647.5895377779578,147.4031573174629,337.83690689480534,-2.316873672082589,-1.6559676198031548,-2.316873672082589,2.316873672082589,1.6559676198031548,9.117647058823529,87.3529411764706,48.23529411764706,111.75508300633663,79.87608519050511
0605,Santa Rosa,San Rafael Las Flores,Santa Rosa,San Rafael Las Flores,8510.814140074508,5787.664962217081,957.707686857773,1912,3708,51.56418554476807,68.00365825127058,16.54739334619162,33.035775437622604,842.3057234111576,169.53719373055472,521.7320986846535,-2.0812942548540136,-1.4481192730606325,-2.0812942548540136,2.0812942548540136,1.4481192730606325,74.41176470588235,32.94117647058823,53.67647058823529,111.71652985613454,77.7299315686957
1508,Baja Verapaz,Purulhá,Baja Verapaz,Purulhá,51708.89763205093,21485.19825932765,5440.9624481678775,9711,14975,64.84808013355592,41.550292586416305,25.324236632565032,45.198558946432044,1285.5429119364148,298.4793987224034,885.7192657108791,-1.600712131308835,-2.004852809542861,-1.600712131308835,1.600712131308835,2.004852809542861,91.47058823529412,47.35294117647059,69.41176470588235,111.1082538202603,139.16037148591622
1418,Quiché,Canillá,Quiché,Canillá,10204.999999882622,3673.829634107521,1740.948948369542,1270,2673,47.512158623269734,36.000290388532854,47.38785196261471,34.568832158394834,1027.4314233172977,205.75669744987584,604.6771153116734,-2.1541213339996705,-1.8570554190790105,-2.1541213339996705,2.1541213339996705,1.8570554190790105,67.05882352941175,35.588235294117645,51.323529411764696,110.5571096420419,95.31063842037861
0512,Escuintla,San Vicente Pacaya,Escuintla,San Vicente Pacaya,14987.858122119134,5044.89874613689,152.015297637115,1899,5711,33.251619681316754,33.659904604325085,3.0132477436444107,37.64198441949209,1206.0272486241754,199.66916006312087,653.2834454726983,-2.900642125334861,-1.3461886231682938,-2.900642125334861,2.900642125334861,1.3461886231682938,38.23529411764706,37.94117647058823,38.088235294117645,110.48033977378367,51.27394902949825
2201,Jutiapa,Jutiapa,Jutiapa,Jutiapa,62260.69566659338,27285.40224856465,9515.078360487381,15676,45272,34.62625905637039,43.82444165847141,34.872413731734234,57.451965916407325,820.4766983567727,154.2340843592022,513.0654793880857,-2.159870837552416,-2.1978290068905677,-2.159870837552416,2.159870837552416,2.1978290068905677,42.64705882352941,59.411764705882355,51.029411764705884,110.21693832804242,112.15392138103338
1608,Alta Verapaz,Senahú,Alta Verapaz,Senahú,70528.54423009125,44260.273037767845,8893.739230257628,17245,22973,75.06638227484439,62.75512066912058,20.09418067228932,38.96270586782107,1821.167386979848,348.0061913597451,1283.444668424216,-1.58773191130305,-1.7424446518966088,-1.58773191130305,1.58773191130305,1.7424446518966088,97.94117647058823,39.705882352941174,68.8235294117647,109.27331389556284,119.92119074817835
2001,Chiquimula,Chiquimula,Chiquimula,Chiquimula,36495.773929790776,13419.000126178424,7620.222185797839,8285,37579,22.04688788951276,36.76864108154933,56.7868105979964,61.740814681395136,607.1199490036165,143.1549492925597,244.89069176772335,-2.517849048428836,-2.0307204836938437,-2.517849048428836,2.517849048428836,2.0307204836938437,23.235294117647058,63.52941176470588,43.382352941176464,109.23021607154507,88.09743274848292
0806,Totonicapán,Santa María Chiquimula,Totonicapán,Santa María Chiquimula,23747.752695549843,4618.991677322303,4439.216853139133,3699,17790,20.792580101180437,19.450226455271572,96.10792058652531,80.08241318469672,616.2908561903575,140.72309445307488,328.3313035703484,-2.2200730158626394,-1.5213595520362404,-2.2200730158626394,2.2200730158626394,1.5213595520362404,22.058823529411764,75.88235294117646,48.970588235294116,108.7182815120969,74.50187218059824
1602,Alta Verapaz,Santa Cruz Verapaz,Alta Verapaz,Santa Cruz Verapaz,7799.694586570433,3290.5251025298207,347.59514239104,3143,10126,31.038909737309897,42.18787115325604,10.563515899751136,95.51666989513618,1005.3773909938808,211.22252708299484,617.7046774094159,-1.8930920349528528,-2.0216409153146007,-1.8930920349528528,1.8930920349528528,2.0216409153146007,33.82352941176471,80.88235294117648,57.352941176470594,108.57439612229598,115.94705249598447
1501,Baja Verapaz,Salamá,Baja Verapaz,Salamá,67486.92303155643,13230.847725101687,3007.754179128776,9973,23765,41.965074689669684,19.605054032341986,22.732890904809043,75.37687839214665,694.8112182132469,174.56128538592358,450.7713206246601,-1.640177469366514,-1.9430928294339291,-1.640177469366514,1.640177469366514,1.9430928294339291,57.35294117647059,73.23529411764706,65.29411764705883,107.0939406468724,126.87253180421538
0808,Totonicapán,San Bartolo Aguas Calientes,Totonicapán,San Bartolo,5630.990350970872,686.796833913603,608.032060908894,892,2821,31.619992910315492,12.19673256579437,88.53157598938242,129.87829237899646,495.4605344229391,111.10992944588682,322.91190677274034,-1.7096478106555533,-1.2588582749767372,-1.7096478106555533,1.7096478106555533,1.2588582749767372,34.411764705882355,90.29411764705883,62.352941176470594,106.60156937028745,78.49351596913773
1108,Retalhuleu,Nuevo San Carlos,Retalhuleu,Nuevo San Carlos,8658.000000119433,7513.9751074804135,80.45758551883,3619,12034,30.073126142595978,86.78649927670087,1.070772585322139,48.163587824468095,1969.0488297508807,314.50555570929794,1181.0497241152773,-2.558245486325816,-1.292776345507138,-2.558245486325816,2.558245486325816,1.292776345507138,32.35294117647059,50.588235294117645,41.470588235294116,106.09194516821766,53.61219550485484
1322,Huehuetenango,Concepción Huista,Huehuetenango,Concepción Huista,11727.05110459704,6114.281391161444,2428.394807043872,3373,5001,67.44651069786043,52.13826849244843,39.71676558024072,55.1659268557033,1574.7145514715075,369.9124649364017,1133.4596073994785,-1.398780704559668,-1.385672924666644,-1.398780704559668,1.398780704559668,1.385672924666644,93.23529411764706,57.94117647058824,75.58823529411765,105.73136502112786,104.74057107039044
1403,Quiché,Chinique,Quiché,Chinique,6115.000000063773,2060.245040676494,1842.1056958617942,1102,3425,32.175182481751825,33.69166051766162,89.41197088172227,53.48878304486303,887.1200877277756,187.3339124425657,473.8193559724389,-2.296631701505261,-1.660629264724238,-2.296631701505261,2.296631701505261,1.660629264724238,36.470588235294116,55.58823529411765,46.029411764705884,105.71260626046276,76.43778821451272
1906,Zacapa,Usumatlán,Zacapa,Usumatlán,10806.601804181584,1511.927990995935,367.548411220962,1042,4132,25.21781219748306,13.990780991031786,24.30991511565647,68.91862616510032,974.0667293919556,239.9885826753192,486.1098574666835,-2.164201235795357,-2.062299038112411,-2.164201235795357,2.164201235795357,2.062299038112411,27.647058823529413,69.41176470588235,48.529411764705884,105.0274129135982,100.08215920251406
1230,San Marcos,La Blanca,San Marcos,La Blanca,9883.390725120322,7413.223144264988,316.8964162561,3902,9104,42.86028119507909,75.00688124595762,4.274745412206526,52.635674443695414,842.170757816068,201.31357652603225,496.6093523772576,-1.8271244725763007,-0.7644931841814512,-1.8271244725763007,1.8271244725763007,0.7644931841814512,59.705882352941174,55.00000000000001,57.352941176470594,104.79096239775843,43.84593262217147
0305,Sacatepéquez,Santo Domingo Xenacoj,Sacatepéquez,Santo Domingo Xenacoj,2499.999999802184,1196.4088840983886,715.4799525055786,828,5615,14.746215494211933,47.856355367722244,59.80229351479305,69.20710895790273,796.3429791043001,180.5512098131162,389.0788473376462,-2.4544130016722803,-1.2753830445014072,-2.4544130016722803,2.4544130016722803,1.2753830445014072,15.0,70.0,42.5,104.3125525710719,54.2037793913098
0202,El Progreso,Morazán,El Progreso,Morazán,34715.71951663719,4513.622447310803,1703.0063488966555,1984,4044,49.060336300692384,13.001667573525852,37.73036776505973,43.95582535225246,519.3307368368494,139.03309410033285,292.1090156064878,-1.767669323504441,-1.964510456006947,-1.767669323504441,1.767669323504441,1.964510456006947,70.88235294117648,45.88235294117647,58.38235294117648,103.20069432812693,114.69274279922914
0109,Guatemala,San Pedro Sacatepéquez,Guatemala,San Pedro Sacatepéquez,2884.994698948051,829.9788912096719,99.740418751353,853,23094,3.6936000692820645,28.768818587857552,12.017223547213836,102.77369810655972,759.8124052445611,178.34897148315923,368.0538119267777,-2.3902595557382824,-1.2883164988916262,-2.3902595557382824,2.3902595557382824,1.2883164988916262,2.6470588235294117,83.52941176470588,43.088235294117645,102.99206615166422,55.51128443753625
1215,San Marcos,Malacatán,San Marcos,Malacatán,21237.566653193127,17085.056080299277,2542.60496862236,8468,24975,33.905905905905904,80.44733353540995,14.882040519341517,49.56378229138167,2030.773030957234,330.54856958908454,1350.643900809809,-2.215228691128772,-0.9131149067560476,-2.215228691128772,2.215228691128772,0.9131149067560476,41.17647058823529,51.76470588235295,46.470588235294116,102.9429803524547,42.43298684336927
1907,Zacapa,Cabañas,Zacapa,Cabañas,13838.217678104533,3448.617187110024,1213.371581588258,1481,4164,35.56676272814601,24.92096357586993,35.18429317476886,42.94474914570303,866.0607243670917,214.3262086790548,387.94706052660376,-2.3193529790558625,-2.004831456980891,-2.3193529790558625,2.3193529790558625,2.004831456980891,44.41176470588235,44.11764705882353,44.26470588235294,102.66547745526685,88.74327478694828
0114,Guatemala,Amatitlán,Guatemala,Amatitlán,10078.320971275458,6111.393012688719,1276.493622103438,3783,46555,8.125872623778326,60.638999592362595,20.887113943631686,61.90078092090599,765.5156165714398,141.7059418775292,365.394291446203,-2.860545670687377,-1.276117037963988,-2.860545670687377,2.860545670687377,1.276117037963988,7.352941176470589,64.11764705882354,35.735294117647065,102.22244087897539,45.60241768018369
1323,Huehuetenango,San Juan Ixcoy,Huehuetenango,San Juan Ixcoy,18564.18477407986,3673.2521829126317,1369.887622197726,1538,3129,49.153084052412915,19.78676805695982,37.29359036578591,41.870253481493165,1265.0977964707597,285.3972477363125,796.7665418373474,-1.7872200656606234,-1.7578915004235345,-1.7872200656606234,1.7872200656606234,1.7578915004235345,71.17647058823529,42.94117647058823,57.05882352941176,101.97667433475321,100.30322090651931
1021,Suchitepéquez,San José La Máquina,Suchitepéquez,San José La Máquina,14712.757349943531,12650.245125204225,616.748408863023,3112,6485,47.98766383962992,85.98147053144173,4.875387020242157,24.60031382158502,1233.6952319132145,256.5799450245832,663.5411867630777,-2.2645722256522154,-1.6738973030588715,-2.2645722256522154,2.2645722256522154,1.6738973030588715,68.23529411764706,21.764705882352942,45.0,101.90575015434969,75.32537863764922
0702,Sololá,San José Chacayá,Sololá,San José Chacayá,1599.677542836016,653.35158876051,347.89507270353,354,1353,26.164079822616408,40.84270556190996,53.247757974160685,54.182159512550115,869.7415261038007,190.8287806304109,417.7604446411133,-2.405747736530333,-1.4149332579099758,-2.405747736530333,2.405747736530333,1.4149332579099758,28.52941176470588,55.88235294117647,42.205882352941174,101.53670593885376,59.71850662061221
1008,Suchitepéquez,Samayac,Suchitepéquez,Samayac,2583.0992116876378,2243.0985806707267,231.896112477834,1253,9486,13.208939489774405,86.83749236271976,10.338204235700283,55.86022882798716,1709.8100305612074,313.8681426147742,853.1532075158584,-2.8468504774213144,-1.703823553770886,-2.8468504774213144,2.8468504774213144,1.703823553770886,12.941176470588237,58.235294117647065,35.58823529411765,101.31438463764091,60.636073531258006
0914,Quetzaltenango,Cantel,Quetzaltenango,Cantel,4973.991087648295,1763.069494323493,1476.125523315373,1459,18508,7.883077588070024,35.44577107710647,83.72474982228518,82.75340278403674,769.711728790942,156.33656089803773,400.49656124204097,-2.4080263711274323,-1.41005870810477,-2.4080263711274323,2.4080263711274323,1.41005870810477,6.764705882352941,77.05882352941177,41.911764705882355,100.92463467225268,59.098048795567564
2208,Jutiapa,Jerez,Jutiapa,Jerez,5215.792719687897,3433.893316725141,1996.1787468219109,1088,2371,45.887811050189796,65.83646055878191,58.13164716269171,31.684152640991517,1091.5380927321694,181.97122414511912,724.2627041624858,-2.08373488822882,-2.656820283615304,-2.08373488822882,2.08373488822882,2.656820283615304,65.58823529411765,30.88235294117647,48.23529411764706,100.50956519691955,128.15250779791467
1304,Huehuetenango,Cuilco,Huehuetenango,Cuilco,44286.12738276156,16347.690410606272,5649.271893547105,9316,13495,69.03297517599111,36.91379530504994,34.55700317080812,56.986643164931984,557.4135230450436,110.30683348187851,435.3501435688401,-1.3028100617108342,-1.3438586492930724,-1.3028100617108342,1.3028100617108342,1.3438586492930724,95.0,59.11764705882353,77.05882352941177,100.39301063771723,103.55616650434852
0106,Guatemala,Chinautla,Guatemala,Chinautla,6694.88464535069,756.343246753478,229.876610923858,764,47498,1.6084887784748831,11.297330526504679,30.393159707656366,101.01233841637217,744.2927053996855,175.818569432629,367.66835335320656,-2.352328174715044,-1.5180116375395185,-2.352328174715044,2.352328174715044,1.5180116375395185,1.7647058823529411,82.94117647058825,42.352941176470594,99.62801681146071,64.29225758990903
1020,Suchitepéquez,Río Bravo,Suchitepéquez,Río Bravo,15826.50011965888,13078.959260489339,253.74458574500002,3127,7643,40.91325395786995,82.63961811900101,1.9400976843130437,23.908630172482134,1699.4874854134027,356.22842430425106,847.7368777169004,-2.588280373907698,-1.6584416552742365,-2.588280373907698,2.588280373907698,1.6584416552742365,55.58823529411765,20.88235294117647,38.23529411764706,98.96366135529432,63.411004466367864
1503,Baja Verapaz,Rabinal,Baja Verapaz,Rabinal,31167.276000242757,5581.093987613844,3286.783495189403,4888,14073,34.733177005613584,17.90690334173052,58.89138406347898,87.58139552653958,569.9419300555348,129.6217888424621,400.9843892965546,-1.6169998869879896,-1.9745992983513836,-1.6169998869879896,1.6169998869879896,1.9745992983513836,43.23529411764706,79.11764705882352,61.17647058823529,98.92234602750054,120.79901589914346
1018,Suchitepéquez,Zunilito,Suchitepéquez,Zunilito,1309.406797365237,1234.2350529776,0.0,587,2935,20.0,94.25909927007434,0.0,47.55982246524751,1928.661596911143,349.9310223871798,1017.0361608752812,-2.7901175623705448,-1.6482788148121226,-2.7901175623705448,2.7901175623705448,1.6482788148121226,20.88235294117647,49.705882352941174,35.294117647058826,98.474737495431,58.17454640513374
0802,Totonicapán,San Cristóbal Totonicapán,Totonicapán,San Cristóbal Totonicapán,4425.9924165161065,3140.0212924895914,2730.2885073329617,2131,12751,16.71241471257156,70.94502197455729,86.9512736701295,67.86578183711676,538.102572222698,115.37663651756306,287.98474959256373,-2.306645237794021,-1.364511554890545,-2.306645237794021,2.306645237794021,1.364511554890545,17.058823529411764,68.23529411764706,42.64705882352941,98.3716351412156,58.19240454680266
0102,Guatemala,Santa Catarina Pinula,Guatemala,Santa Catarina Pinula,6723.877645078345,706.401221551772,198.224623254254,531,36964,1.4365328427659345,10.505860737499205,28.06119485733734,75.16974543638769,964.5615816898904,188.28410955681804,483.9375643512376,-2.633526651333277,-1.365878363661181,-2.633526651333277,2.633526651333277,1.365878363661181,1.4705882352941175,72.94117647058823,37.205882352941174,97.98268276284104,50.818709706805706
1415,Quiché,Uspantán,Quiché,Uspantán,83623.00000012195,36061.87694421138,11478.282472441286,8768,15670,55.95405232929164,43.12435208514259,31.82940946251487,24.313764958946297,1703.8583214946364,319.36561943009195,1139.124112257338,-1.8708935590581453,-2.07580004590678,-1.8708935590581453,1.8708935590581453,2.07580004590678,83.23529411764706,21.470588235294116,52.35294117647059,97.94678044480878,108.67423769747259
2008,Chiquimula,Concepción Las Minas,Chiquimula,Concepción Las Minas,21483.46686104732,7210.311763826858,1162.3777521848,1394,3386,41.16952155936208,33.56214250922514,16.12104705397469,19.333421988678857,985.283206332082,172.86779170666156,529.0920663805923,-2.657242559852803,-2.6074692434497515,-2.657242559852803,2.657242559852803,2.6074692434497515,56.1764705882353,16.76470588235294,36.470588235294116,96.91119924169045,95.09593711404976
0915,Quetzaltenango,Huitán,Quetzaltenango,Huitán,3635.0786881680056,1689.7877722066253,1476.9694455468061,1091,2552,42.75078369905956,46.48558991877666,87.40561802137387,64.56432091322968,535.7630949339635,111.25669226851754,385.6514743938964,-1.5458513615964615,-0.945411229689027,-1.5458513615964615,1.5458513615964615,0.945411229689027,59.411764705882355,65.88235294117646,62.647058823529406,96.84304118236655,59.22723291875375
1616,Alta Verapaz,Santa Catalina La Tinta,Alta Verapaz,Santa Catalina La Tinta,19729.59615939955,9814.641235999534,6159.484794235538,4541,9767,46.49329374424081,49.74577866016611,62.75812478649658,46.26761071351112,1411.3139346209184,302.5543822008545,951.8540782206594,-1.6896860331579535,-2.0132063948684924,-1.6896860331579535,1.6896860331579535,2.0132063948684924,66.17647058823529,48.23529411764706,57.205882352941174,96.65998042624175,115.16724817703582
0506,Escuintla,Tiquisate,Escuintla,Tiquisate,47128.59714113344,43518.1817447844,301.5683158675,8337,20469,40.72988421515463,92.33922583025942,0.6929708544260184,19.157509955018234,1119.221147502282,216.54027105385555,518.0604294920137,-2.684362714839344,-1.937363857416338,-2.684362714839344,2.684362714839344,1.937363857416338,54.70588235294118,16.176470588235293,35.44117647058824,95.13697268768853,68.66245435843199
0612,Santa Rosa,Santa Cruz Naranjo,Santa Rosa,Santa Cruz Naranjo,5843.283218610447,4994.697605243585,491.206763596722,1870,5869,31.86232748338729,85.47758885511186,9.834564620709736,37.43970401805341,953.52161988619,174.95455960334098,529.1321058729179,-2.563465946478757,-1.216021646216417,-2.563465946478757,2.563465946478757,1.216021646216417,35.588235294117645,37.64705882352941,36.61764705882353,93.86809127547212,44.52785145704233
1609,Alta Verapaz,San Pedro Carchá,Alta Verapaz,San Pedro Carchá,131397.31045561726,91053.12940362965,14672.092140334767,43260,72090,60.008322929671245,69.29603740586845,16.113770318969284,47.51072289699417,1574.4281755045315,296.76549226011576,1185.979981599034,-1.3570949398755294,-2.083883307929706,-1.3570949398755294,1.3570949398755294,2.083883307929706,88.8235294117647,49.411764705882355,69.11764705882352,93.79920907963218,144.03311098925906
0921,Quetzaltenango,Génova,Quetzaltenango,Génova,16839.96982689407,15472.595131620086,2676.6940325711007,4427,8788,50.3755120619026,91.88018322283314,17.299580385845932,28.611877725365538,1599.5209123080706,310.6797081318067,1034.6696776973708,-1.8573459834357504,-0.7391018651843448,-1.8573459834357504,1.8573459834357504,0.7391018651843448,72.94117647058823,27.647058823529413,50.294117647058826,93.41357740220981,37.17247616074205
1017,Suchitepéquez,Santo Tomás La Unión,Suchitepéquez,Santo Tomás La Unión,1248.3673973865752,1005.2638885823001,15.00466767394,550,4017,13.691809808314662,80.52628502528935,1.492609835522962,54.7120021167429,2052.530053181747,396.6460686889938,1072.6798941228371,-2.645376531056186,-1.6383528066911768,-2.645376531056186,2.645376531056186,1.6383528066911768,13.529411764705882,57.05882352941176,35.29411764705882,93.36623050786537,57.82421670674741
1204,San Marcos,Comitancillo,San Marcos,Comitancillo,13471.320668707122,7188.223140980978,5165.259477406819,6057,11769,51.465715014019885,53.3594538928814,71.85725006168792,84.26282658739778,643.3554950121808,118.35530710005204,502.68382435064143,-1.2252024128635364,-0.9660168281510372,-1.2252024128635364,1.2252024128635364,0.9660168281510372,74.11764705882354,77.94117647058823,76.02941176470588,93.15141874271299,73.44569119913032
1319,Huehuetenango,Colotenango,Huehuetenango,Colotenango,6330.017123827559,3930.230984073029,327.546935228809,4104,6264,65.51724137931035,62.08878913263578,8.334037784450043,104.42134359611832,817.9713178903348,163.9158683527941,672.7598006373935,-1.0541732265691188,-1.2430028026874536,-1.0541732265691188,1.0541732265691188,1.2430028026874536,92.3529411764706,84.11764705882354,88.23529411764707,93.0152846972752,109.6767178841871
1012,Suchitepéquez,San Gabriel,Suchitepéquez,San Gabriel,660.2747619557,325.430299510949,71.6924810893,203,2966,6.844234659474039,49.28710262179962,22.030057187987172,62.37894882715742,1755.039004031299,331.2003191366025,887.5575719534318,-2.65584303404318,-1.5055285342164342,-2.65584303404318,2.65584303404318,1.5055285342164342,5.294117647058823,64.70588235294117,35.0,92.95450619151129,52.693498697575194
1316,Huehuetenango,San Juan Atitán,Huehuetenango,San Juan Atitán,7607.616916492354,1870.0647311509936,262.867537150212,2646,4927,53.70407956159935,24.58147869008663,14.056600970621025,141.49242835949488,708.6389319629626,145.54776689645374,577.0177784000648,-1.0784187031629815,-1.179587755405317,-1.0784187031629815,1.0784187031629815,1.179587755405317,80.0,92.05882352941175,86.02941176470588,92.77572666916826,101.47924072236918
0203,El Progreso,San Agustín Acasaguastlán,El Progreso,San Agustín Acasaguastlán,42574.656015727254,6750.147167088978,1735.086871068864,4574,13750,33.265454545454546,15.854848397589977,25.704430260846085,67.76148559102529,803.7139101189359,209.55483649472436,488.1936653593334,-1.7312607801974704,-1.9181445867937037,-1.7312607801974704,1.7312607801974704,1.9181445867937037,38.529411764705884,67.94117647058823,53.23529411764706,92.16417682815946,102.11299123813541
0718,Sololá,San Pedro La Laguna,Sololá,San Pedro La Laguna,5098.972169301888,1635.8942495291271,239.8416505106,843,4284,19.677871148459385,32.08282365959847,14.661195280785149,51.531448334306916,1451.8389551521482,288.5893155384523,747.0318694880498,-2.484609223315437,-1.48690200923835,-2.484609223315437,2.484609223315437,1.48690200923835,20.0,54.11764705882353,37.05882352941177,92.07669474639562,55.1028391658918
2207,Jutiapa,Atescatempa,Jutiapa,Atescatempa,8533.797340916914,5902.419512547673,1447.249898742891,2490,6631,37.550897300557985,69.1652177424861,24.519604132953468,42.18608986885171,996.663723770862,168.99465373614626,649.2401534054491,-1.9998522313033016,-2.5659276694963937,-1.9998522313033016,1.9998522313033016,2.5659276694963937,48.529411764705884,43.23529411764706,45.88235294117647,91.75792590685737,117.73079895336394
1908,Zacapa,San Diego,Zacapa,San Diego,10336.853220985233,3114.537897484615,2247.111641025404,866,2245,38.57461024498886,30.130425874304525,72.14911858482223,27.80508789761091,794.9275759823421,194.1117905611285,355.05426468120794,-2.408479603679249,-2.008271480718675,-2.408479603679249,2.408479603679249,2.008271480718675,50.294117647058826,25.294117647058822,37.794117647058826,91.02636149199516,75.90084860951463
1104,Retalhuleu,San Martín Zapotitlán,Retalhuleu,San Martín Zapotitlán,940.000000384284,542.473070914802,51.96881832996,318,3918,8.116385911179172,57.7099011375566,9.579981222353055,58.62042137202115,2145.971502859606,364.0777721460596,1195.7858053433526,-2.689121780918432,-1.496258656046224,-2.689121780918432,2.689121780918432,1.496258656046224,7.0588235294117645,60.588235294117645,33.8235294117647,90.95558964871165,50.608748660386986
1216,San Marcos,Catarina,San Marcos,Catarina,8136.074636268821,5458.1946354502525,637.169733686731,2690,8419,31.951538187433187,67.08633929092572,11.673635262993331,49.28369506152833,1877.1095424312716,334.6401908015692,1192.0650546999775,-2.067709675162645,-0.6272835379838246,-2.067709675162645,2.067709675162645,0.6272835379838246,35.88235294117647,51.470588235294116,43.67647058823529,90.31026081225082,27.397530997234693
1208,San Marcos,Sibinal,San Marcos,Sibinal,10433.434295064653,1950.1127210649672,1344.45810090856,1195,3530,33.85269121813031,18.690995370406778,68.94258400480277,61.278509036513746,1838.5868043429589,331.083281643202,1333.241660178641,-1.731820073716087,-0.979803383441005,-1.731820073716087,1.731820073716087,0.979803383441005,40.588235294117645,62.94117647058823,51.76470588235294,89.64715675706803,50.71923396635791
1201,San Marcos,San Marcos,San Marcos,San Marcos,12047.61300846202,3755.2896268617906,1587.75467694616,3128,15742,19.870410367170628,31.1704038320632,42.28048525442258,83.29583895807254,942.2986210847774,169.1414295732993,669.4101814938791,-1.8345112677624973,-0.9674917539686644,-1.8345112677624973,1.8345112677624973,0.9674917539686644,20.294117647058822,77.3529411764706,48.82352941176471,89.56731483781606,47.23636210552891
1016,Suchitepéquez,San Juan Bautista,Suchitepéquez,San Juan Bautista,3461.080108213225,2489.442853396671,58.218379253580004,752,2170,34.654377880184335,71.92676203850829,2.3386107929388733,30.207562265345775,1508.2759179852394,313.9148725966849,778.4620584706773,-2.504514757143045,-1.4793901194838024,-2.504514757143045,2.504514757143045,1.4793901194838024,42.94117647058823,28.52941176470588,35.73529411764706,89.49957146849411,52.8664410344947
0805,Totonicapán,Momostenango,Totonicapán,Momostenango,35916.601128425486,9162.49021101223,8705.192701347996,6357,30781,20.652350475942953,25.51046013026204,95.0090259401902,69.38070168260194,544.2186537897337,119.92458481448308,325.59833835826555,-1.9434478123506969,-1.3718925780615356,-1.9434478123506969,1.9434478123506969,1.3718925780615356,21.470588235294116,70.29411764705881,45.882352941176464,89.16995844903197,62.94565946399986
1612,Alta Verapaz,Cahabón,Alta Verapaz,Cahabón,76028.44379013822,46287.90723700216,10694.815459573529,12398,16504,75.12118274357732,60.882355246900694,23.10498810156659,26.7845334560495,1445.9775441684528,262.495707447714,1068.8745548783002,-1.4514214336813107,-1.698514599452606,-1.4514214336813107,1.4514214336813107,1.698514599452606,98.23529411764706,23.823529411764703,61.029411764705884,88.57939632025646,103.65934687835758
1502,Baja Verapaz,San Miguel Chicaj,Baja Verapaz,San Miguel Chicaj,32693.677724134057,4244.504512211686,2594.907007650602,3798,11096,34.22855082912761,12.982646210764006,61.13568733841379,89.48040905771057,636.7067184506385,155.39242768672088,449.63546316716287,-1.4579223413459703,-1.8659537134173731,-1.4579223413459703,1.4579223413459703,1.8659537134173731,41.76470588235294,79.41176470588235,60.588235294117645,88.33294185802055,113.05484263646437
1421,Quiché,Pachalum,Quiché,Pachalum,4175.999999725284,1629.937825724841,1372.521424873551,689,2673,25.776281331836888,39.031078204790845,84.2069803652286,42.27155104481353,673.2736065494029,146.01164386019076,364.3801394395276,-2.457409037668456,-1.7256172537462902,-2.457409037668456,2.457409037668456,1.7256172537462902,28.235294117647058,43.529411764705884,35.88235294117647,88.17761841045636,61.91920734030806
0910,Quetzaltenango,San Mateo,Quetzaltenango,San Mateo,1082.9980595429322,481.2989851520593,140.97652508340002,273,3083,8.855011352578657,44.441352494683734,29.29084195738758,56.72149919737514,1515.2903764606278,240.70331787142277,874.0767825031561,-2.6198233210543203,-1.4755012148733082,-2.6198233210543203,2.6198233210543203,1.4755012148733082,7.941176470588235,58.529411764705884,33.23529411764706,87.07059861151123,49.03871684725995
0301,Sacatepéquez,Antigua Guatemala,Sacatepéquez,Antigua Guatemala,6900.000000082703,2550.965075795215,676.766354068451,1405,20907,6.720237241115416,36.970508344415066,26.529816518851476,55.077194640229166,673.5686405620521,131.24946982128176,322.2571909654264,-2.774772191169081,-1.0971771679743016,-2.774772191169081,2.774772191169081,1.0971771679743016,5.0,57.647058823529406,31.323529411764703,86.9156583410315,34.36746129095974
1109,Retalhuleu,El Asintal,Retalhuleu,El Asintal,9370.000000021713,8464.031028906044,111.81191994868,3243,10123,32.03595772004346,90.33117426773138,1.3210244571035255,38.315076928766295,1788.0067258025224,311.74488134747486,1085.4987958624,-2.3159107813485167,-1.0594273787653987,-2.3159107813485167,2.3159107813485167,1.0594273787653987,36.17647058823529,38.82352941176471,37.5,86.84665430056937,39.72852670370245
1417,Quiché,San Bartolomé Jocotenango,Quiché,San Bartolomé Jocotenango,10335.000000098498,2125.994825089373,1466.3321053687728,918,3064,29.96083550913838,20.570825593315057,68.97157453368358,43.179785254717586,729.8925473336144,155.93768250796947,398.6353768602759,-2.261949028498674,-1.825182932651548,-2.261949028498674,2.261949028498674,1.825182932651548,32.05882352941177,44.70588235294118,38.38235294117648,86.81892594678736,70.05481550324326
1604,Alta Verapaz,Tactic,Alta Verapaz,Tactic,11639.761748419976,4656.540886886694,1641.576687137174,3185,14050,22.669039145907472,40.00546564038383,35.25313590094367,68.3984115541494,1051.06250065869,217.23433375520173,644.9304911375222,-1.8790237865866124,-2.060608843121193,-1.8790237865866124,1.8790237865866124,2.060608843121193,23.52941176470588,68.82352941176471,46.1764705882353,86.76668661591123,95.15164363824333
1211,San Marcos,San Rafael Pie De La Cuesta,San Marcos,San Rafael Pie de La Cuesta,4517.64003636698,3939.4927089922,0.0,1804,5419,33.29027495847942,87.20244812068475,0.0,45.7926980263786,1931.046176922189,362.165139907718,1253.6928095245148,-2.00282316182439,-1.0123769832122758,-2.00282316182439,2.00282316182439,1.0123769832122758,38.82352941176471,47.647058823529406,43.23529411764706,86.59264846711334,43.77041662711898
0507,Escuintla,La Gomera,Escuintla,La Gomera,51829.92695629073,49310.74131833184,264.07374706525,5820,13935,41.76533907427341,95.13951536130205,0.535529866323623,11.80270230055606,1151.1834787419027,235.2033963522672,570.4316482921026,-2.6461236255747744,-1.6638299640346643,-2.6461236255747744,2.6461236255747744,1.6638299640346643,56.76470588235294,8.529411764705882,32.64705882352941,86.38815365847059,54.31915470819052
1603,Alta Verapaz,San Cristóbal Verapaz,Alta Verapaz,San Cristóbal Verapaz,38419.42983516157,17970.514477447196,6652.335831097095,7297,20279,35.98303663888752,46.77454755197988,37.01805999736794,40.605403975259904,909.48401587799,174.7231911713619,559.6464925059444,-2.004608140475044,-2.24100935850386,-2.004608140475044,2.004608140475044,2.24100935850386,45.588235294117645,40.588235294117645,43.088235294117645,86.37502722929234,96.56113853553396
1315,Huehuetenango,Todos Santos Cuchumatán,Huehuetenango,Todos Santos Cuchumatán,28930.937392459677,11225.379202534701,2210.735764658236,3862,6567,58.80919750266484,38.80060659721448,19.69408538251474,34.40418297074505,1028.960365022518,217.5794004557392,730.7722541620981,-1.402218964895061,-1.3659044222921888,-1.402218964895061,1.402218964895061,1.3659044222921888,87.94117647058823,34.705882352941174,61.3235294117647,85.98901593547653,83.76208001409451
1309,Huehuetenango,San Ildefonso Ixtahuacán,Huehuetenango,San Ildefonso Ixtahuacán,23992.484361044837,11198.143258517697,4877.079158217083,9104,13444,67.71794108896162,46.67354614055497,43.55256979327718,81.2991921055768,755.919275799175,149.32956611397412,640.2283894336556,-1.0028018198590756,-1.1904097999326668,-1.0028018198590756,1.0028018198590756,1.1904097999326668,93.82352941176471,76.47058823529412,85.14705882352942,85.38562554388307,101.35989325897268
1312,Huehuetenango,La Democracia,Huehuetenango,La Democracia,24122.443650986337,19496.073696645428,2546.934975712247,8109,15707,51.62666327115299,80.82130475138764,13.063835392407665,41.592990087000274,847.5509067120407,189.6253889318366,613.42801282094,-1.4555660723018653,-1.4935385903843286,-1.4555660723018653,1.4555660723018653,1.4935385903843286,74.70588235294117,42.35294117647059,58.529411764705884,85.19342599649153,87.41593514308276
0801,Totonicapán,Totonicapán,Totonicapán,Totonicapán,24447.686458824515,7826.328410062772,6840.4105486175795,4604,40719,11.30676097153663,32.0125522848311,87.40254932085983,58.82707393265488,694.9582894616332,154.79012670116526,354.6776783122936,-2.372509814558149,-1.5195166757580414,-2.372509814558149,2.372509814558149,1.5195166757580414,10.0,61.1764705882353,35.58823529411765,84.43343751809884,54.07691699021266
1611,Alta Verapaz,Lanquín,Alta Verapaz,Lanquín,23609.51674145833,16516.66459704689,3543.8672651768,4866,6028,80.72329130723291,69.95765638880533,21.456313073103328,29.461154044806484,1657.1473471346867,319.5980298298211,1269.271421394115,-1.3285967575267474,-2.015195437570443,-1.3285967575267474,1.3285967575267474,2.015195437570443,99.11764705882354,27.941176470588236,63.529411764705884,84.40497047816984,128.02418073976932
0613,Santa Rosa,Pueblo Nuevo Viñas,Santa Rosa,Pueblo Nuevo Viñas,25032.020023010668,18321.797216778028,1421.448711930544,3526,8702,40.519420822799354,73.19344263841164,7.758238425588864,19.24483694629638,1171.8592219042594,219.6366533207205,692.1255222849111,-2.40369293473077,-1.3145395837007532,-2.40369293473077,2.40369293473077,1.3145395837007532,53.529411764705884,16.470588235294116,35.0,84.12925271557695,46.00888542952636
0922,Quetzaltenango,Flores Costa Cuca,Quetzaltenango,Flores Costa Cuca,7247.987013911147,6646.87022455918,309.3389468067,2516,6491,38.761361885687876,91.70643120361231,4.653903812710821,37.85240143103382,1746.308052218946,332.9876726916117,1106.5470973318995,-1.8761578771525456,-0.606408289903868,-1.8761578771525456,1.8761578771525456,0.606408289903868,50.882352941176464,38.529411764705884,44.705882352941174,83.87529333152555,27.110017666290567
0603,Santa Rosa,Santa Rosa De Lima,Santa Rosa,Santa Rosa de Lima,13400.716149637281,9898.653592561232,1378.326973519675,2314,6429,35.99315601182143,73.86660147136361,13.924388409303242,23.37691665196724,1078.2279771281694,194.4955596021213,610.8149104311834,-2.5095649615819218,-1.202822262328512,-2.5095649615819218,2.5095649615819218,1.202822262328512,45.88235294117647,20.588235294117645,33.23529411764706,83.40612960551681,39.976151659741724
0207,El Progreso,Sanarate,El Progreso,Sanarate,27385.77873494493,4275.052309754498,2130.1682724278257,2535,14954,16.95198609067808,15.610482912064962,49.82788789665486,59.29752003772736,562.7867003738043,134.01539834303213,291.7203800590315,-2.107726970695569,-2.0521435581845573,-2.107726970695569,2.107726970695569,2.0521435581845573,17.352941176470587,61.47058823529412,39.411764705882355,83.06923943329595,80.87859905786196
1210,San Marcos,Tejutla,San Marcos,Tejutla,14292.172740766695,7851.071638135151,2953.4848544315105,5031,9547,52.69718236095108,54.932666855760274,37.61887536582261,64.08042407310148,690.4984823092752,127.39895539367237,554.9566104562756,-1.1563949217121694,-0.8505403897865204,-1.1563949217121694,1.1563949217121694,0.8505403897865204,77.94117647058823,65.58823529411765,71.76470588235294,82.98834144052039,61.03878091409146
2214,Jutiapa,Moyuta,Jutiapa,Moyuta,41119.27546043749,27997.536229494366,3729.309785037415,5908,11900,49.64705882352941,68.08859328377983,13.320135580747014,21.101856790441943,1037.618057577968,208.57601055190463,663.1141239628269,-1.8422174394310815,-2.0203900311080494,-1.8422174394310815,1.8422174394310815,2.0203900311080494,72.05882352941177,17.941176470588236,45.0,82.89978477439867,90.91755139986222
1330,Huehuetenango,Santiago Chimaltenango,Huehuetenango,Santiago Chimaltenango,4762.508145295882,3714.198002555073,332.583324347668,1916,3117,61.469361565607954,77.98827611924892,8.954377879662774,51.58583356842969,906.3596941693884,179.10884249663167,704.4641567843643,-1.148367666813818,-1.2326153497953949,-1.148367666813818,1.148367666813818,1.2326153497953949,89.41176470588236,54.41176470588235,71.91176470588235,82.58114545175839,88.6395450073453
1413,Quiché,Nebaj,Quiché,Nebaj,85062.00000018154,25433.59983671,13909.010966655886,8759,21540,40.66388115134633,29.90007269598143,54.687543469879124,34.438695490355066,1515.3924190359894,319.1160314421374,966.0115295475752,-1.8552808213456284,-1.9432447331599425,-1.8552808213456284,1.8552808213456284,1.9432447331599425,53.8235294117647,35.0,44.41176470588235,82.39629530093819,86.3029278550445
1420,Quiché,Ixcán,Quiché,Ixcán,158328.9999997983,62848.92457464198,37865.77015917503,19618,29071,67.48305871831035,39.69514401955551,60.24887524400529,31.214535702517637,2004.7784476589957,404.4784901346387,1447.9893037502263,-1.322672314924364,-1.8791876815043544,-1.322672314924364,1.322672314924364,1.8791876815043544,93.52941176470588,30.294117647058822,61.911764705882355,81.88897714458194,116.34382557549019
1324,Huehuetenango,San Antonio Huista,Huehuetenango,San Antonio Huista,10685.321126326546,7932.473012809266,524.5257346933,2567,5295,48.479697828139756,74.23710451963115,6.612385996728913,32.3606521680545,1311.9942841607462,299.75077861767915,896.8969459767228,-1.60994895002686,-1.4246135281254864,-1.60994895002686,1.60994895002686,1.4246135281254864,69.70588235294117,31.76470588235294,50.73529411764706,81.6812334940098,72.27818635342541
2212,Jutiapa,Jalpatagua,Jutiapa,Jalpatagua,22794.095256351018,13542.4021436573,6155.429069515086,3453,8865,38.95093062605753,59.41188711968746,45.45300755522191,25.497692088676025,958.4825036693094,174.09709034417662,592.512206401429,-2.192251350443776,-2.300566351238656,-2.192251350443776,2.192251350443776,2.300566351238656,51.17647058823529,22.35294117647059,36.76470588235294,80.59747611925647,84.57964526612706
0903,Quetzaltenango,Olintepeque,Quetzaltenango,Olintepeque,3218.494233223021,1818.24779623573,1576.418443403538,999,13431,7.43801652892562,56.49374100058352,86.69986822847552,54.94300623205501,729.6954009459037,133.1539170239603,397.07074085414,-2.54716102801789,-1.4058713877353195,-2.54716102801789,2.54716102801789,1.4058713877353195,5.88235294117647,57.35294117647059,31.61764705882353,80.53523838585976,44.450345347513775
0303,Sacatepéquez,Pastores,Sacatepéquez,Pastores,3900.0000003266646,2022.083299583454,782.678413522407,864,6953,12.426290809722422,51.84828972856626,38.70653665373912,42.7282100681996,711.7522028228472,142.33409664696933,316.84529609481814,-2.857114351739861,-1.2520837210505462,-2.857114351739861,2.857114351739861,1.2520837210505462,12.058823529411764,43.8235294117647,27.941176470588232,79.83113629861376,34.98469220582408
0803,Totonicapán,San Francisco El Alto,Totonicapán,San Francisco El Alto,7262.987554819248,4425.471273830922,4392.893361688512,2554,18310,13.948661933369744,60.931830605911834,99.26385439817332,57.71136771585284,548.690847813397,115.82724135237407,307.8445582849613,-2.170073000192336,-1.3173009536638525,-2.170073000192336,2.170073000192336,1.3173009536638525,13.823529411764707,59.705882352941174,36.76470588235294,79.78209559530647,48.430182119994576
2209,Jutiapa,El Adelanto,Jutiapa,El Adelanto,2965.119186650984,1147.805898966648,528.068288548658,556,1840,30.217391304347824,38.710278633455594,46.0067585489907,48.44024590747949,909.3504939515228,187.01579972366176,573.4405331152726,-1.903067490176377,-2.2195437594518133,-1.903067490176377,1.903067490176377,2.2195437594518133,32.94117647058823,50.882352941176464,41.91176470588235,79.76091686768639,93.02499580055392
1329,Huehuetenango,San Gaspar Ixchil,Huehuetenango,San Gaspar Ixchil,2780.1291256876452,1796.7503079763974,700.6923445637883,2247,2628,85.50228310502283,64.62830418108669,38.99775842270193,125.05911311242237,775.182784999102,153.85100321925404,663.509699834335,-0.8318129918705459,-1.1114808033518733,-0.8318129918705459,0.8318129918705459,1.1114808033518733,100.0,89.70588235294117,94.85294117647058,78.89990878772089,105.4272232591115
1007,Suchitepéquez,San Lorenzo,Suchitepéquez,San Lorenzo,28499.205069580064,22513.949605108763,2042.52409592067,1816,3963,45.82387080494575,78.9985178538894,9.07226022864149,8.066110264313293,1124.4847638565886,232.6083146418275,585.4233694840017,-2.22940626750042,-1.737180638073102,-2.22940626750042,2.22940626750042,1.737180638073102,65.0,4.705882352941177,34.85294117647059,77.701365499647,60.54585459166547
1310,Huehuetenango,Santa Bárbara,Huehuetenango,Santa Bárbara,14945.318383749873,8339.281921488559,1439.076701008687,6457,7988,80.8337506259389,55.79862340407486,17.256602121826486,77.4287290055716,652.2685046874849,128.45057001235688,545.8256785595198,-0.8943013490491812,-1.096517138737768,-0.8943013490491812,0.8943013490491812,1.096517138737768,99.41176470588235,74.11764705882354,86.76470588235294,77.59379352044367,95.13898703754163
2215,Jutiapa,Pasaco,Jutiapa,Pasaco,14832.694524533363,8521.213068623883,709.10012544265,1369,2648,51.69939577039275,57.44885431658926,8.321586606649243,16.06578768744582,1067.3703315772077,225.2805060991107,704.0235780125855,-1.7221699285267968,-1.834200365126004,-1.7221699285267968,1.7221699285267968,1.834200365126004,75.0,12.941176470588237,43.970588235294116,75.72482479845768,80.65086899598164
0201,El Progreso,Guastatoya,El Progreso,Guastatoya,21781.275379610925,1575.299802140862,779.158083833556,1071,9940,10.774647887323944,7.232357952810574,49.46093961128323,67.98705862493544,469.8364198727609,128.82658094937884,250.65890790339657,-1.934896601338068,-1.9011898249995,-1.934896601338068,1.934896601338068,1.9011898249995,9.411764705882353,68.52941176470588,38.970588235294116,75.40405872861588,74.0904858271864
1321,Huehuetenango,Tectitán,Huehuetenango,Tectitán,20423.60231217352,5990.585691258138,4419.739181662428,1110,1735,63.976945244956774,29.33168008117471,73.77808130033105,18.5290730690955,619.5497653228613,113.84028723366858,471.5000496296615,-1.4203341800953466,-1.2112052131809083,-1.4203341800953466,1.4203341800953466,1.2112052131809083,90.88235294117646,15.294117647058824,53.088235294117645,75.40303514917943,64.30074734680998
1106,Retalhuleu,San Andrés Villa Seca,Retalhuleu,San Andrés Villa Seca,43600.99999953898,36022.10641398254,3768.052863781079,5077,11972,42.40728366187771,82.61761522525498,10.460390129541262,14.094123041148098,1212.4387892195662,247.24728014941272,683.7446818996585,-2.185308189122371,-1.576332883635737,-2.185308189122371,2.185308189122371,1.576332883635737,58.235294117647065,10.588235294117647,34.411764705882355,75.20031121391689,54.24439628981801
0919,Quetzaltenango,El Palmar,Quetzaltenango,El Palmar,17589.968482768603,12073.395297520809,7.5989596176,2773,8512,32.577537593984964,68.63795867143303,0.06293970693695745,22.967855616964826,2004.0110409348204,329.6186510198038,1204.554947582592,-2.5723112975633726,-1.5106278532183282,-2.5723112975633726,2.5723112975633726,1.5106278532183282,37.35294117647059,20.294117647058822,28.823529411764703,74.1430903415325,43.541626357469454
1207,San Marcos,Tacaná,San Marcos,Tacaná,36178.53966047759,11199.620085945,9775.38842781834,3843,9095,42.253985706432104,30.956528900970998,87.28321454480403,34.3136639502869,958.8829618267606,161.68547798418888,728.5995494849527,-1.5916078857264,-1.1215272559079097,-1.5916078857264,1.5916078857264,1.1215272559079097,57.94117647058824,34.411764705882355,46.1764705882353,73.49483472324847,51.78817034633583
0904,Quetzaltenango,San Carlos Sija,Quetzaltenango,San Carlos Sija,22661.45939692764,8284.925387562564,7889.397336361613,2632,6442,40.856876746352064,36.5595403298951,95.22593104103602,31.768541982902974,536.5019200319409,108.79745441103373,361.7138590227779,-1.687615850770634,-1.1434142111846282,-1.687615850770634,1.687615850770634,1.1434142111846282,55.294117647058826,31.176470588235293,43.23529411764706,72.96456766567152,49.4358497188648
2210,Jutiapa,Zapotitlán,Jutiapa,Zapotitlán,7828.504574023399,4077.2102802734344,2702.8460880046764,1071,2845,37.64499121265378,52.081597982358765,66.2915548182963,26.267960845232007,988.7031916194172,182.0261909854062,649.1473131468057,-2.0024935161761377,-2.4319190369930697,-2.0024935161761377,2.0024935161761377,2.4319190369930697,49.11764705882353,23.52941176470588,36.3235294117647,72.73763213169205,88.33588266724826
0917,Quetzaltenango,Colomba,Quetzaltenango,Colomba,20570.445283283305,17841.766405961327,440.06332010897006,4866,14639,33.2399754081563,86.73495473848855,2.4664784309805516,27.27308434199745,1914.814707702928,316.5981828058234,1241.8327260677709,-2.280751667381397,-1.0394232732594826,-2.280751667381397,2.280751667381397,1.0394232732594826,37.94117647058823,24.41176470588235,31.17647058823529,71.10578727718472,32.405549107501514
1331,Huehuetenango,Santa Ana Huista,Huehuetenango,Santa Ana Huista,17794.425901623905,10949.293251497944,8129.825036669633,1646,3171,51.90791548407442,61.53215232697516,74.24976982470913,15.032933744603243,793.0571808907923,209.34050582685984,500.6713235498344,-1.6320660702852847,-1.6392097072378615,-1.6320660702852847,1.6320660702852847,1.6392097072378615,75.88235294117646,10.882352941176471,43.382352941176464,70.80286628443514,71.11277406399545
1901,Zacapa,Zacapa,Zacapa,Zacapa,41049.6920822818,8162.7600085343065,2084.978712815596,3687,24262,15.196603742477949,19.885070007766473,25.54257029038848,45.16854588576876,664.0155717788689,155.59196709103114,311.8926965924995,-2.251094434547555,-2.173742063154368,-2.251094434547555,2.251094434547555,2.173742063154368,15.588235294117647,47.05882352941176,31.323529411764703,70.51222272921017,68.08927344880593
1224,San Marcos,San José Ojetenam,San Marcos,San José Ojetenam,7857.235946463552,3699.542252273736,1947.376674679822,1902,3960,48.03030303030303,47.08452536593171,52.638314199086814,51.411765842950764,807.2155594768583,142.06001112946743,669.8633383032304,-1.1471253156529353,-0.8316736008596799,-1.1471253156529353,1.1471253156529353,0.8316736008596799,68.52941176470588,53.8235294117647,61.17647058823529,70.17707813406192,50.87885558200394
0511,Escuintla,Palín,Escuintla,Palín,11088.058754232436,4777.7563451026435,122.413418474622,1991,25510,7.804782438259506,43.08920480132666,2.562152810494402,41.672279961301086,1243.3611662532455,204.72369759478815,645.501282715391,-2.853469391826861,-1.2095934418376744,-2.853469391826861,2.853469391826861,1.2095934418376744,6.470588235294119,42.64705882352941,24.558823529411764,70.0778512404538,29.706191880425237
0408,Chimaltenango,Pochuta,Chimaltenango,Pochuta,12940.647391006883,5417.618006597054,55.921264939880004,870,2593,33.55187042036251,41.86512345867668,1.0322112941847223,16.058718036978572,1740.7513336797567,328.2262983753185,896.8129128256749,-2.657860771274322,-1.44527810612148,-2.657860771274322,2.657860771274322,1.44527810612148,40.0,12.647058823529411,26.323529411764707,69.96427618501525,38.04482073466838
0208,El Progreso,San Antonio La Paz,El Progreso,San Antonio La Paz,14721.881053552528,4755.423874880884,773.7606917547749,1688,7260,23.25068870523416,32.30174090921184,16.271119296892465,35.49630999071101,578.0544676737322,134.50533234946002,276.64915621247565,-2.298140864081928,-1.9068049846518689,-2.298140864081928,2.298140864081928,1.9068049846518689,25.0,35.88235294117647,30.441176470588236,69.9581115977881,58.04538703278483
1003,Suchitepéquez,San Francisco Zapotitlán,Suchitepéquez,San Francisco Zapotitlán,4891.134191624141,3703.360840188818,101.50754602075,1255,8342,15.044353871973147,75.7157889172345,2.7409574816256512,33.88813713156866,1812.9354303231369,325.16874872535385,947.475076722164,-2.810094360769936,-1.598264790746972,-2.810094360769936,2.810094360769936,1.598264790746972,15.294117647058824,34.11764705882353,24.705882352941178,69.42586067784548,39.48654188904284
0606,Santa Rosa,Oratorio,Santa Rosa,Oratorio,31020.65356701768,14084.8526603415,3808.08294384211,2978,7941,37.501574109054275,45.404757929784694,27.036725450202756,21.143281167470843,1083.9339115758314,206.10588344535773,667.0776285697353,-2.0868016306399726,-2.0152048699164777,-2.0868016306399726,2.0868016306399726,2.0152048699164777,47.94117647058824,18.235294117647058,33.08823529411765,69.04858336676381,66.67957290164817
0508,Escuintla,Guanagazapa,Escuintla,Guanagazapa,22722.495180636128,16217.643412256088,623.775399459447,1306,3207,40.72341752416589,71.37263440186179,3.8462764509179186,8.052957922437871,1362.324178571676,270.2549364334725,806.1557114484605,-2.326033515429391,-1.2969874016674603,-2.326033515429391,2.326033515429391,1.2969874016674603,54.41176470588235,4.411764705882353,29.41176470588235,68.41275045380561,38.14668828433707
2205,Jutiapa,Asunción Mita,Jutiapa,Asunción Mita,50145.42762022849,22217.25809599641,6349.232261426949,5809,17608,32.99068605179464,44.30565088457646,28.57792907654564,26.146340718105048,825.0267459750874,137.04358512582877,526.5526818649676,-2.2015273698684146,-2.8117574171513584,-2.2015273698684146,2.2015273698684146,2.8117574171513584,37.64705882352941,23.235294117647058,30.441176470588236,67.01708317099438,85.59320372798989
1904,Zacapa,Gualán,Zacapa,Gualán,78138.59089484402,21881.38779197859,1912.231116907011,6100,15485,39.392960929932194,28.003304822102226,8.739076036155295,27.877573662106453,977.2239900819606,198.06439072139463,619.5297459834705,-1.712941955526752,-2.192469038773166,-1.712941955526752,1.712941955526752,2.192469038773166,52.05882352941177,25.882352941176475,38.97058823529412,66.75435561979255,85.44180812866016
1408,Quiché,San Antonio Ilotenango,Quiché,San Antonio Ilotenango,13864.000000120519,5190.281908651931,5133.520202135511,1866,8046,23.19164802386279,37.43711705573293,98.90638490325927,35.951804407569355,658.324681447824,146.6798644492502,356.8306457504505,-2.2031167562111653,-1.6831410737579036,-2.2031167562111653,2.2031167562111653,1.6831410737579036,24.41176470588235,36.17647058823529,30.29411764705882,66.74147820286764,50.98927370501884
1325,Huehuetenango,San Sebastián Coatán,Huehuetenango,San Sebastián Coatán,17064.654501890334,6361.5446459154355,2703.7088081208863,1005,2322,43.281653746770026,37.27907087254967,42.5008226556558,15.79804993815899,1367.798564648775,330.84732354899387,816.0918248076423,-1.814190066097852,-1.867414205726848,-1.814190066097852,1.814190066097852,1.867414205726848,60.588235294117645,12.058823529411764,36.3235294117647,65.89778622443669,67.83107482566638
1105,Retalhuleu,San Felipe,Retalhuleu,San Felipe,3663.0000003004907,3031.117448900048,97.39916920942,1101,8804,12.505679236710586,82.74958909777213,3.2133089809754765,36.32323783426928,2092.907965518403,350.6397481871449,1176.9540511635323,-2.689482138742411,-1.474916893235992,-2.689482138742411,2.689482138742411,1.474916893235992,12.352941176470589,36.470588235294116,24.41176470588235,65.65500515165297,36.00532415840804
1803,Izabal,El Estor,Izabal,El Estor,157068.12819494735,36178.96437143149,11110.92649501092,9076,19779,45.88705192375752,23.033931063676683,30.711013120609383,25.086400779251743,1493.7811196449093,233.09537852113172,1120.88979527865,-1.474769697754682,-1.8447024489386703,-1.474769697754682,1.474769697754682,1.8447024489386703,65.29411764705883,22.058823529411764,43.6764705882353,64.41273532840303,80.57009225511545
0206,El Progreso,Sansare,El Progreso,Sansare,14389.928113243233,3039.800266988378,1494.827041340271,1006,4113,24.459032336494044,21.124499323876478,49.17517303928791,33.09427961188629,493.7283168592882,119.29226852926068,250.79025128966364,-2.139349848000607,-1.96767367435485,-2.139349848000607,2.139349848000607,1.96767367435485,26.764705882352942,33.23529411764706,30.0,64.1804954400182,59.0302102306455
1005,Suchitepéquez,San José El Ídolo,Suchitepéquez,San José El Ídolo,13775.516840384624,12027.447091317068,589.233886782116,945,2595,36.41618497109827,87.31031460146109,4.899076938841822,7.857028950742344,1622.152108899734,327.15710558669144,792.1889645195691,-2.528282693923862,-1.6403940917305024,-2.528282693923862,2.528282693923862,1.6403940917305024,46.76470588235294,3.823529411764706,25.294117647058822,63.95067990513297,41.492321143771534
2007,Chiquimula,Esquipulas,Chiquimula,Esquipulas,50079.4528450126,31398.906820589735,1715.58992726587,5851,18708,31.275390207397905,62.698182661388124,5.463852410749783,18.634406711775153,1001.9670854688704,194.21787378994628,509.1229021396841,-2.549923852566985,-2.331740814865047,-2.549923852566985,2.549923852566985,2.331740814865047,34.11764705882353,15.588235294117647,24.852941176470587,63.37310751232654,57.95061731061661
1708,Petén,Dolores,Petén,Dolores,165712.0000003422,94019.49219165654,9583.990730877418,4787,7816,61.24616171954964,56.73668303530364,10.19362103269041,5.091497399541164,882.759535814236,174.08437496061973,653.621195086634,-1.3967968459802995,-1.7215660157760897,-1.3967968459802995,1.3967968459802995,1.7215660157760897,89.11764705882354,1.4705882352941175,45.294117647058826,63.2666806708724,77.97681365574054
1409,Quiché,San Pedro Jocopilas,Quiché,San Pedro Jocopilas,29467.000000162643,8116.331088525049,7844.517828046155,2304,8135,28.322065150583896,27.543798447348735,96.65103286800134,28.3872106111765,667.3826161332735,148.58928532011743,360.2893533151519,-2.1556390386839293,-1.7338000053492963,-2.1556390386839293,2.1556390386839293,1.7338000053492963,31.176470588235293,27.058823529411764,29.11764705882353,62.76713671462029,50.48417662634716
0116,Guatemala,Villa Canales,Guatemala,Villa Canales,27955.342694151746,19912.025890150566,1014.07442794197,6715,62212,10.793737542596284,71.22797995359993,5.092773751582854,33.72333903664497,949.6662954377316,165.2652985348972,487.80665384166537,-2.848291818744955,-1.332485810978941,-2.848291818744955,2.848291818744955,1.332485810978941,9.705882352941178,33.82352941176471,21.764705882352942,61.99223370209609,29.00116176836519
1226,San Marcos,Sipacapa,San Marcos,Sipacapa,15133.490510734699,3815.4720363087445,2461.145000545166,1849,3908,47.31320368474923,25.2121084266865,64.50433857526541,48.4605831835372,558.8934622802726,115.92610126788148,450.9410386411168,-1.0279244173146562,-1.0678486858911305,-1.0279244173146562,1.0279244173146562,1.0678486858911305,66.76470588235294,51.17647058823529,58.970588235294116,60.617307550467224,62.97166515328578
1014,Suchitepéquez,Patulul,Suchitepéquez,Patulul,33883.260269728285,26304.641433500452,1417.61890456446,4100,13419,30.553692525523513,77.63314753096925,5.389234854800347,15.586602882860124,1532.2544763679412,305.24718117958776,793.3077560281979,-2.6720127211438727,-1.6656880799991185,-2.6720127211438727,2.6720127211438727,1.6656880799991185,33.23529411764706,11.470588235294118,22.352941176470587,59.72734317851009,37.23302767056853
1805,Izabal,Los Amates,Izabal,Los Amates,104134.27123700573,56323.91218818101,2684.696252417777,10114,18764,53.901087188232786,54.08777678963142,4.76653014344613,17.956849244080594,1030.206803473321,195.18899505996208,786.897146356507,-1.252564108922068,-2.37887146184494,-1.252564108922068,1.252564108922068,2.37887146184494,80.29411764705883,15.0,47.64705882352941,59.68099577805148,113.34622847614125
1714,Petén,El Chal,Petén,El Chal,95667.00000002036,50373.85656920373,4276.74565173832,2344,4090,57.31051344743276,52.655415732899556,8.490010380410157,4.653207357232629,940.4299656792524,181.1037496662572,703.3142435593115,-1.3504602244115294,-1.4992370282441585,-1.3504602244115294,1.3504602244115294,1.4992370282441585,86.47058823529412,1.1764705882352942,43.8235294117647,59.18193336391702,65.70185800246459
1614,Alta Verapaz,Chahal,Alta Verapaz,Chahal,45939.05968352496,24353.033821855974,3414.0112710535027,3236,5639,57.38606135839688,53.01160709345049,14.018833530258354,13.287872154539555,1588.2396016072676,272.9365136904132,1248.9474170099952,-1.2197654483556848,-1.4457384887660742,-1.2197654483556848,1.2197654483556848,1.4457384887660742,86.76470588235294,10.0,48.38235294117647,59.0151224277971,69.9482298241233
1229,San Marcos,San Lorenzo,San Marcos,San Lorenzo,4480.138213041368,2840.622815677196,426.9205350451251,915,2702,33.86380458919319,63.40480316898132,15.029117300930661,32.21124589122427,758.9639551352044,130.31942346786462,554.4566299416737,-1.6081350429484789,-0.9733852127683256,-1.6081350429484789,1.6081350429484789,0.9733852127683256,40.88235294117647,31.470588235294116,36.17647058823529,58.17665008313614,35.21364152073648
0104,Guatemala,San José Del Golfo,Guatemala,San José del Golfo,7635.727902564532,1705.610516409682,1064.5943564759789,520,2517,20.659515295987287,22.337235404064575,62.41720171361014,30.48761689712153,540.3428684672817,127.61438389904863,280.92232752826453,-2.219889019976492,-1.7869911856119136,-2.219889019976492,2.219889019976492,1.7869911856119136,21.764705882352942,29.411764705882355,25.58823529411765,56.80304256998671,45.725950925951906
0302,Sacatepéquez,Jocotenango,Sacatepéquez,Jocotenango,999.9999997954756,486.292787592055,41.39334800081,184,10135,1.8154908732116428,48.62927876915137,8.512021781317138,37.83728747265636,678.5260472225385,133.00926007348656,319.8923092588499,-2.796947508655409,-1.2048226867618737,-2.796947508655409,2.796947508655409,1.2048226867618737,2.3529411764705883,38.23529411764706,20.294117647058822,56.76158179330095,24.450813348990962
1613,Alta Verapaz,Chisec,Alta Verapaz,Chisec,109397.76076009248,48128.037787473986,21445.558465776954,15772,23412,67.36716213907398,43.99362240422634,44.55938669363011,32.770918419002925,1930.678573177393,389.20982122138855,1599.7607451806307,-0.901484448758336,-1.5174809624583805,-0.901484448758336,0.901484448758336,1.5174809624583805,92.94117647058823,32.35294117647059,62.647058823529406,56.47534928986045,95.06571911871617
1601,Alta Verapaz,Cobán,Alta Verapaz,Cobán,226595.3618671556,93457.66719162338,32608.5141557151,28279,70939,39.86382666798235,41.2442983923096,34.89121346122986,30.25861959727436,1580.9880159124352,300.50123724106487,1139.150564624629,-1.3795674550628774,-1.8242104408230533,-1.3795674550628774,1.3795674550628774,1.8242104408230533,52.64705882352941,28.823529411764703,40.73529411764706,56.19708603712015,74.30974883940966
1419,Quiché,Chicamán,Quiché,Chicamán,56574.99999950385,18906.641203370793,10432.353205357249,2374,6625,35.83396226415094,33.418720642574634,55.17824712036797,12.556434400292892,1168.753104051689,217.83134144973704,759.7032077680781,-2.0201422593919918,-2.1867469105473725,-2.0201422593919918,2.0201422593919918,2.1867469105473725,45.294117647058826,9.411764705882353,27.35294117647059,55.25683238925154,59.81395961203108
0204,El Progreso,San Cristóbal Acasaguastlán,El Progreso,San Cristóbal Acasaguastlán,16453.867060045453,2703.717570911594,452.51718085923,650,2123,30.617051342439943,16.432110220927754,16.736850983538854,24.040972585048664,1164.1188039644203,288.26095581054057,624.1209168924428,-2.018687148318358,-1.961655483918184,-2.018687148318358,2.018687148318358,1.961655483918184,33.52941176470588,21.176470588235293,27.352941176470587,55.2170308216492,53.657047060115026
1107,Retalhuleu,Champerico,Retalhuleu,Champerico,32815.00000015765,26812.6320503302,6453.39113327014,3241,8477,38.232865400495456,81.70846274630928,24.068473103112105,12.087586156839409,777.7971456990546,174.86334297399617,470.3479691389704,-1.8940252664072184,-1.250253652389245,-1.8940252664072184,1.8940252664072184,1.250253652389245,49.411764705882355,8.823529411764707,29.11764705882353,55.149559227739594,36.40444458427507
1301,Huehuetenango,Huehuetenango,Huehuetenango,Huehuetenango,18944.06577649135,4603.535255043071,2626.1468314665863,2730,46019,5.932332297529282,24.300671827036364,57.04630650085064,59.30225030881094,609.939814849416,128.27658938570903,408.4400870284224,-1.6612831094834422,-1.410429459333446,-1.6612831094834422,1.6612831094834422,1.410429459333446,4.117647058823529,61.76470588235294,32.94117647058823,54.72462007710162,46.46120571921939
1707,Petén,Santa Ana,Petén,Santa Ana,148353.00000037637,77035.32785121979,8978.230398554673,3434,6519,52.67679091885258,51.92704417910278,11.654692267805427,4.457695054705509,770.9300322437916,163.5678827914945,555.3124326665591,-1.383617297174509,-1.5390078932293638,-1.383617297174509,1.383617297174509,1.5390078932293638,77.64705882352942,0.8823529411764706,39.26470588235294,54.32732622729323,60.42869227827061
1328,Huehuetenango,San Rafael Pétzal,Huehuetenango,San Rafael Petzal,3621.8654521490894,1601.2557826915586,445.483491216733,932,2330,40.0,44.21080252281125,27.820882586785583,58.204317515930946,785.1050029432762,152.62095756772143,651.7661146011818,-0.958744256523907,-1.26726708520178,-0.958744256523907,0.958744256523907,1.26726708520178,52.94117647058824,60.29411764705882,56.61764705882353,54.281843935544735,71.74968055921842
1002,Suchitepéquez,Cuyotenango,Suchitepéquez,Cuyotenango,8922.897642314154,7461.296325643661,784.35860087577,2058,11414,18.030488873313473,83.6196561334595,10.512363624803575,27.582338379014363,1735.916768105489,328.7747823727994,923.4078482323496,-2.4784623571902733,-1.4579912339047727,-2.4784623571902733,2.4784623571902733,1.4579912339047727,18.529411764705884,25.0,21.764705882352942,53.94300424472948,31.73275038498623
1911,Zacapa,San Jorge,Zacapa,San Jorge,8228.274815239054,3855.464721645959,1528.9290340626176,875,3315,26.395173453996982,46.856295009805734,39.65615417199029,22.69505917373428,539.1276583290166,137.95445207811346,245.15489353290647,-2.2227060514748005,-1.996030929933056,-2.2227060514748005,2.2227060514748005,1.996030929933056,28.823529411764703,19.705882352941178,24.264705882352942,53.933308601962075,48.43310344690504
1228,San Marcos,Río Blanco,San Marcos,Río Blanco,3117.7182082398963,1248.497673059503,989.562698347573,322,840,38.333333333333336,40.04523788454701,79.26027574585721,25.79099720794222,627.7260837024149,121.98273394033974,465.2673576289925,-1.478001109763088,-0.938603782664572,-1.478001109763088,1.478001109763088,0.938603782664572,50.0,22.941176470588236,36.470588235294116,53.903569885477324,34.231432073649096
2202,Jutiapa,El Progreso,Jutiapa,El Progreso,9916.151092528495,7557.554519382651,1655.173287235805,2036,8331,24.438842876005282,76.21459625677778,21.900910975776988,26.939931359784797,768.604912350704,148.43674599349708,470.555370053667,-2.1148836187672413,-2.282636259476242,-2.1148836187672413,2.1148836187672413,2.282636259476242,26.47058823529412,24.11764705882353,25.294117647058826,53.49411506293611,57.73727009263436
0703,Sololá,Santa María Visitación,Sololá,Santa María Visitación,2099.576775081717,1027.61099715926,29.31595342488,182,753,24.169986719787516,48.94372091343335,2.852825972660994,17.710982122916448,1607.7832549361335,313.89632724194166,808.1067004487878,-2.587255326086308,-1.5357141019231466,-2.587255326086308,2.587255326086308,1.5357141019231466,25.882352941176475,14.411764705882351,20.147058823529413,52.12558524615062,30.94012234756928
0103,Guatemala,San José Pinula,Guatemala,San José Pinula,19766.70690490929,9801.22057885838,972.92462633214,3295,34372,9.58629116722914,49.58448883776454,9.926565967005955,33.61826186329736,1147.53438964849,214.54544181718063,636.1784319671231,-2.428292343629938,-1.3999464370672503,-2.428292343629938,2.428292343629938,1.3999464370672503,8.823529411764707,33.52941176470588,21.17647058823529,51.422661394516325,29.645924549659412
1217,San Marcos,Ayutla,San Marcos,Ayutla,11859.15182566939,10065.615837010973,969.26610337003,2857,12356,23.122369698931692,84.87635528220264,9.62947641818464,28.383757598764053,1204.7765651572952,242.777266090156,755.3566894609111,-2.007356925673995,-0.5961768390868986,-2.007356925673995,2.007356925673995,0.5961768390868986,24.11764705882353,26.764705882352942,25.441176470588236,51.069521785529574,15.167440170887271
1606,Alta Verapaz,Tucurú,Alta Verapaz,Tucurú,21899.55174221832,14240.848964090432,4042.85959263677,1568,4097,38.271906272882596,65.02803861796261,28.389175412443457,11.010579523410799,1537.4105659031677,329.7523448253469,1033.0021220865085,-1.770772283867228,-2.118431279499952,-1.770772283867228,1.770772283867228,2.118431279499952,49.705882352941174,7.941176470588235,28.823529411764703,51.0399070055848,61.06066629146919
1711,Petén,Melchor De Mencos,Petén,Melchor de Mencos,210510.99999975975,42295.98416841182,3003.89660551805,3958,9656,40.990057995029,20.092054176959916,7.102084664958498,9.357862401877808,631.3363597575196,143.0652304309987,397.4417604812261,-1.6298020205460484,-1.5319135442265446,-1.6298020205460484,1.6298020205460484,1.5319135442265446,55.88235294117647,5.88235294117647,30.88235294117647,50.33212122274561,47.309094748172704
0514,Escuintla,Sipacate,Escuintla,Sipacate,26954.698451455282,21482.573777486177,495.8030544133,1689,5339,31.63513766622963,79.6988095273102,2.307931347280667,7.862186428378887,959.1796008549356,200.26173540828188,450.9527147695404,-2.556470210927532,-1.8021727906868272,-2.556470210927532,2.556470210927532,1.8021727906868272,34.705882352941174,4.117647058823529,19.41176470588235,49.625598212122675,34.983354172156055
1713,Petén,Las Cruces,Petén,Las Cruces,175533.00000020018,70712.04630480165,9863.60333694311,7182,10073,71.29951355107714,40.284189471336454,13.94897171328689,10.156685282507956,1108.149130729263,234.39303694558225,874.7663035438181,-0.9436050280774374,-1.570696983977944,-0.9436050280774374,0.9436050280774374,1.570696983977944,96.17647058823529,6.764705882352941,51.470588235294116,48.56790585692692,80.84469770474712
0601,Santa Rosa,Cuilapa,Santa Rosa,Cuilapa,21363.084726092853,17742.745261937212,1941.75156345037,3531,14637,24.123795859807338,83.05329258122653,10.943918400361246,19.901091673648217,1077.8512685556866,201.6435181509653,657.0373069447812,-2.265888286344853,-1.476062796609893,-2.265888286344853,2.265888286344853,1.476062796609893,25.588235294117645,17.058823529411764,21.323529411764703,48.316735517647594,31.474868457122714
1407,Quiché,Patzité,Quiché,Patzité,5314.0000003108,2459.795957833843,2457.435198629833,415,1675,24.776119402985074,46.28897172920544,99.9040262182523,16.871318073286826,766.5994600226577,174.33308098671867,380.6401597577933,-2.3276223637324343,-1.6076741402517671,-2.3276223637324343,2.3276223637324343,1.6076741402517671,27.35294117647059,13.529411764705882,20.441176470588236,47.579339493942406,32.86275080808759
0416,Chimaltenango,El Tejar,Chimaltenango,El Tejar,4552.188313120016,1959.7054972390595,1074.399804442268,609,7857,7.751050019091256,43.049745802275496,54.824554299405776,31.076097957473333,738.4771872865766,164.3513856963441,340.673241054795,-2.6012700392412187,-1.319347483598018,-2.6012700392412187,2.6012700392412187,1.319347483598018,6.176470588235294,30.0,18.08823529411765,47.052384533333814,23.86466771802297
0505,Escuintla,Masagua,Escuintla,Masagua,47299.296438958874,41259.50014527578,1528.9701638060499,3606,11182,32.248256125916654,87.2306847069541,3.705740880094296,8.739805347382251,1158.1921515426263,241.55757094219356,675.6957643139905,-2.225691601447166,-1.318416122027849,-2.225691601447166,2.225691601447166,1.318416122027849,36.76470588235294,5.294117647058823,21.029411764705884,46.804985148080114,27.725515507350355
1222,San Marcos,Pajapita,San Marcos,Pajapita,13105.052716005353,10663.878881283568,149.72737069991,1865,6644,28.070439494280553,81.37227001200574,1.404061058520649,17.48894582133061,1582.4649418180895,291.2402869811861,982.0776198360768,-2.1006627347661517,-0.4930978067613074,-2.1006627347661517,2.1006627347661517,0.4930978067613074,30.58823529411765,13.823529411764707,22.205882352941178,46.64706955142484,10.949671885434915
1205,San Marcos,San Miguel Ixtahuacán,San Marcos,San Miguel Ixtahuacán,19606.207494851133,7036.927939198598,4810.214825066753,2720,5358,50.7652108995894,35.89132646406295,68.35674411658911,38.65323083455886,606.3707948956901,121.86376622002628,527.1643776323192,-0.819305774486843,-0.9582765449801836,-0.819305774486843,0.819305774486843,0.9582765449801836,73.52941176470588,39.411764705882355,56.470588235294116,46.26667902984526,54.114440187116244
1710,Petén,Sayaxché,Petén,Sayaxché,266145.0000004213,152401.17962826157,35540.24889182651,11426,21454,53.25813368136478,57.26246205189664,23.32019278231089,7.497317296277108,1183.5489244738435,241.9844664272813,924.6849913783436,-1.1105561022832344,-1.4627459574433532,-1.1105561022832344,1.1105561022832344,1.4627459574433532,79.41176470588235,3.5294117647058822,41.470588235294116,46.05541482998119,60.660935293974354
0502,Escuintla,Santa Lucía Cotzumalguapa,Escuintla,Santa Lucía Cotzumalguapa,45432.3977903044,38526.674208998025,672.378707212734,6846,33357,20.52342836586024,84.80000194315056,1.7452290420014969,17.769506817178357,1795.11849587012,347.2304426541072,966.5525419918952,-2.510285122888793,-1.5525433203237968,-2.510285122888793,2.510285122888793,1.5525433203237968,21.176470588235293,14.705882352941178,17.941176470588236,45.03746838124011,27.854453688162238
1303,Huehuetenango,Malacatancito,Huehuetenango,Malacatancito,41187.09815338271,8821.910075412643,3571.6171807504884,1880,5282,35.592578568723965,21.41911052475567,40.48575818863611,21.31057768588809,551.6459262933046,115.63487380786717,400.2592441733463,-1.4197035629899777,-1.2613863341502414,-1.4197035629899777,1.4197035629899777,1.2613863341502414,44.70588235294118,18.529411764705884,31.617647058823533,44.88768618277136,39.88206791798558
1704,Petén,San Andrés,Petén,San Andrés,802287.0000001927,190315.03206665543,11602.4193846444,6523,9969,65.43284180960978,23.721564984426983,6.096428253014086,3.427474923638928,751.1520751159225,173.46235633155368,635.4240329413736,-0.8879411479665162,-1.515834744281931,-0.8879411479665162,0.8879411479665162,1.515834744281931,92.05882352941175,0.5882352941176471,46.3235294117647,41.13256788374303,70.21881536011887
1615,Alta Verapaz,Fray Bartolomé De Las Casas,Alta Verapaz,Fray Bartolomé De Las Casas,121097.52127961618,64324.21824849189,19572.47550323866,10474,18538,56.5001618297551,53.11770015503968,30.42784822915053,16.28313609586008,1300.8514882609882,243.0194306871018,1104.971533046766,-0.8306775161527232,-1.3934774354662494,-0.8306775161527232,0.8306775161527232,1.3934774354662494,84.70588235294117,13.23529411764706,48.970588235294116,40.67876659983189,68.23940970739133
0920,Quetzaltenango,Coatepeque,Quetzaltenango,Coatepeque,41900.90702457099,35917.18599194244,7952.097697530306,7776,35475,21.91966173361522,85.71935201994637,22.140091095427845,21.649802971046913,1467.032428091822,288.8060767489688,911.2051071699336,-1.9350762177262344,-0.565485685484261,-1.9350762177262344,1.9350762177262344,0.565485685484261,22.941176470588236,18.823529411764707,20.88235294117647,40.40894454663607,11.808671667465452
1903,Zacapa,Río Hondo,Zacapa,Río Hondo,45680.8471034165,6554.053079113976,490.59981756288,1355,7823,17.3207209510418,14.347485860488334,7.485441628879862,20.674229879492806,727.7798935051619,159.04798778744575,374.3052466891352,-2.2554854847467847,-2.2747051072257283,-2.2554854847467847,2.2554854847467847,2.2747051072257283,17.647058823529413,17.647058823529413,17.647058823529413,39.80268502494326,40.14185483339521
0113,Guatemala,Fraijanes,Guatemala,Fraijanes,11498.084441460107,6357.883222379264,575.472373162299,1743,27984,6.228559176672384,55.2951515945894,9.05132027490974,27.414784748873224,981.7434944308012,175.93129984548875,504.4596101413289,-2.730766263441731,-1.1891410894090972,-2.730766263441731,2.730766263441731,1.1891410894090972,4.411764705882353,24.705882352941178,14.558823529411764,39.75674412951932,17.312495272279502
0609,Santa Rosa,Taxisco,Santa Rosa,Taxisco,63963.53829659848,40522.24137192746,1058.49144892894,3023,9528,31.727539882451723,63.35209472625812,2.6121246335160264,7.460100669787332,1180.7528605467542,249.6019689567457,711.3702784953928,-2.033290523845055,-1.5398389369645222,-2.033290523845055,2.033290523845055,1.5398389369645222,35.294117647058826,3.2352941176470593,19.264705882352942,39.17074391525033,29.66454422681653
1905,Zacapa,Teculután,Zacapa,Teculután,21166.706318479803,2808.856042498361,65.18010983237001,795,6553,12.131848008545704,13.270161168372528,2.3205215520548714,28.3033373007212,941.9054337247004,221.40891730395057,510.77335164667534,-2.0703266712073485,-2.124599224986513,-2.0703266712073485,2.0703266712073485,2.124599224986513,10.588235294117647,26.47058823529412,18.529411764705884,38.36193537825381,39.36757387475009
1709,Petén,San Luis,Petén,San Luis,308449.0000003937,152482.87652092494,31186.795193514095,13027,19187,67.89492885808099,49.435360957801876,20.45265403242468,8.543254362211831,1262.2479161227675,233.53651863093089,1081.022884946702,-0.7625850438521742,-1.146105018126656,-0.7625850438521742,0.7625850438521742,1.146105018126656,94.41176470588235,5.0,49.705882352941174,37.904962473828654,56.96816119511908
0611,Santa Rosa,Guazacapán,Santa Rosa,Guazacapán,10948.036065405657,8021.558671593852,468.14192733477,1515,6675,22.696629213483146,73.26938478893867,5.83604691433058,18.886603739058305,1160.7633202573302,245.8841681088363,716.9086621695823,-1.8968788368199592,-1.6044730594053862,-1.8968788368199592,1.8968788368199592,1.6044730594053862,23.823529411764703,15.88235294117647,19.852941176470587,37.6586239662786,31.85350926760693
0602,Santa Rosa,Barberena,Santa Rosa,Barberena,22434.346091215506,17843.296538236697,1482.61225418341,3127,21242,14.72083607946521,79.53562125540846,8.309071426382987,17.524788613466686,1040.7091634488445,187.26832031187345,594.7814309317347,-2.558567227516007,-1.2299734455482654,-2.558567227516007,2.558567227516007,1.2299734455482654,14.705882352941178,14.117647058823529,14.411764705882353,36.873468867142456,17.726087891725
1617,Alta Verapaz,Raxruhá,Alta Verapaz,Raxruhá,56838.83657756613,33825.36307854819,10006.016197232952,6761,10913,61.9536332814075,59.511005353510015,29.58140071991924,19.987959875847658,1741.1713415529375,349.33955656770536,1510.5497338673042,-0.6882539761159948,-1.5447472959649111,-0.6882539761159948,0.6882539761159948,1.5447472959649111,89.70588235294117,17.352941176470587,53.529411764705884,36.84183048620913,82.68941407812171
1103,Retalhuleu,Santa Cruz Muluá,Retalhuleu,Santa Cruz Muluá,12827.000000061189,8295.514086016694,767.670924952077,888,4211,21.087627641890286,64.67228569406035,9.254048838830846,10.70458070219969,1544.229806427359,285.80517530420144,848.7135823890734,-2.467834256412391,-1.3641881095031947,-2.467834256412391,2.467834256412391,1.3641881095031947,22.35294117647059,7.352941176470589,14.85294117647059,36.654597043772284,20.26220574409157
1706,Petén,San Francisco,Petén,San Francisco,157443.00000024363,76588.84674724242,8750.75856260504,1747,4088,42.734833659491194,48.64544422243219,11.42563040736752,2.281010975090705,969.536210037806,185.89970271469133,744.1953835260408,-1.1913877146514558,-1.3033907288082078,-1.1913877146514558,1.1913877146514558,1.3033907288082078,59.11764705882353,0.29411764705882354,29.705882352941178,35.391223288175595,38.718371649890884
0510,Escuintla,Iztapa,Escuintla,Iztapa,6512.485875525851,3699.4924857303,279.29330542355,832,5176,16.0741885625966,56.806149854898294,7.549503249454932,22.489571291445905,1145.4522130362054,254.28708795826137,683.2989286869574,-1.9196590521235293,-1.550308529938332,-1.9196590521235293,1.9196590521235293,1.550308529938332,16.470588235294116,19.411764705882355,17.941176470588236,34.44094181751038,27.814358919481837
0608,Santa Rosa,Chiquimulilla,Santa Rosa,Chiquimulilla,60009.4704951829,46614.386609695255,4381.548600178776,4922,17523,28.088797580323003,77.6783834702176,9.39956292220622,10.558971935450247,1117.0933130474318,236.27206974165836,709.8673860153586,-1.8050391506742385,-1.7033780664228606,-1.8050391506742385,1.8050391506742385,1.7033780664228606,30.88235294117647,7.0588235294117645,18.970588235294116,34.24265447602599,32.31408390713956
1206,San Marcos,Concepción Tutuapa,San Marcos,Concepción Tutuapa,22401.447338566093,8001.050036481864,6686.777680408165,2242,5976,37.51673360107095,35.71666560449128,83.57375156909285,28.021322073694073,619.8821100059916,122.19846927649952,550.0280196614357,-0.8236385459481558,-0.9689121029150426,-0.8236385459481558,0.8236385459481558,0.9689121029150426,48.23529411764706,26.176470588235297,37.205882352941174,30.644198841894617,36.049229711397906
1712,Petén,Poptún,Petén,Poptún,108896.00000041157,40873.97459256754,4130.492902303495,6299,17342,36.3222235036328,37.53487234830761,10.105434921551714,15.4107841549263,967.333854351013,184.497946473166,789.3533965858281,-1.0506844202207533,-1.4095188629930824,-1.0506844202207533,1.0506844202207533,1.4095188629930824,46.470588235294116,11.176470588235295,28.823529411764707,30.284433288715828,40.627308403918256
1702,Petén,San José,Petén,San José,208374.99999914682,11918.04321842314,1107.53137545765,868,2241,38.73270861222669,5.719516841498231,9.292896116919653,7.283074780751163,656.7428472938223,151.9613147461473,518.1251189972412,-1.121745476525625,-1.3432263137336853,-1.121745476525625,1.121745476525625,1.3432263137336853,50.588235294117645,2.941176470588235,26.76470588235294,30.023187754068193,35.95105722051922
1902,Zacapa,Estanzuela,Zacapa,Estanzuela,9545.331894128876,5370.114330988405,258.954942672806,617,3338,18.484122228879567,56.25906349355378,4.822149524424439,11.48951329470926,523.3446573824335,130.8599930107165,242.1936870797009,-2.1712921329309256,-2.131073494611276,-2.1712921329309256,2.1712921329309256,2.131073494611276,19.11764705882353,8.235294117647058,13.676470588235293,29.695612994496482,29.145563970418923
1705,Petén,La Libertad,Petén,La Libertad,496829.0000002035,258008.5001597883,21507.70601326112,13958,21522,64.85456741938482,51.93104673030008,8.336045517857393,5.409899282913398,1038.1929140187788,218.0788875370228,892.9590479123934,-0.6319433999084704,-1.4982264953220266,-0.6319433999084704,0.6319433999084704,1.4982264953220266,91.76470588235294,2.0588235294117645,46.911764705882355,29.64558008394148,70.28444882466566
0902,Quetzaltenango,Salcajá,Quetzaltenango,Salcajá,1688.486975110904,1163.613285856468,917.476615456491,300,8121,3.694126339120798,68.91455504298688,78.84721037549771,25.781761315933018,522.1179762004917,110.998076888416,273.1277627483752,-2.31647532952712,-1.3017624827671,-2.31647532952712,2.31647532952712,1.3017624827671,2.941176470588235,22.647058823529413,12.794117647058824,29.63725789247933,16.65490235304966
0504,Escuintla,Siquinalá,Escuintla,Siquinalá,18424.830531960026,12979.83357757609,116.66418868635999,1298,7242,17.923225628279482,70.44750590818758,0.8988111287336426,10.000128216146159,2186.716206136632,415.076240489882,1307.739776931391,-2.3260856036077504,-1.2969495877361026,-2.3260856036077504,2.3260856036077504,1.2969495877361026,18.235294117647058,6.470588235294119,12.352941176470589,28.733998632801622,16.021141966151855
0503,Escuintla,La Democracia,Escuintla,La Democracia,28960.14316970232,27035.431274239836,447.24274663334,1435,6587,21.785334750265676,93.35392824481582,1.6542837511879687,5.307849486267714,1255.1504849464034,256.6638791278997,711.4706918762043,-2.3321170456537117,-1.357899636191186,-2.3321170456537117,2.3321170456537117,1.357899636191186,22.647058823529413,1.7647058823529411,12.205882352941178,28.465546292537955,16.574363206451242
0716,Sololá,San Marcos La Laguna,Sololá,San Marcos La Laguna,899.8186177991017,655.98213551797,168.738744732,104,1126,9.236234458259325,72.9015962264106,25.723070125798802,15.854090282181321,1252.207150395778,251.48669019868396,646.9889078338819,-2.374090695418096,-1.5619948668351238,-2.374090695418096,2.374090695418096,1.5619948668351238,8.529411764705882,12.352941176470589,10.441176470588236,24.788299908041882,16.3090640507785
1101,Retalhuleu,Retalhuleu,Retalhuleu,Retalhuleu,80785.99999920507,60948.659679264,5764.566022499395,5376,30151,17.830254386255845,75.44458158574967,9.458068565961625,8.820538512726355,1124.9875993233516,231.7696433934576,690.2486504457095,-1.9722505333254703,-1.1138303302503594,-1.9722505333254703,1.9722505333254703,1.1138303302503594,17.941176470588236,5.588235294117648,11.764705882352942,23.202947450887887,13.103886238239523
0509,Escuintla,San José,Escuintla,San José,21778.65588566764,17180.32541249157,573.26732690769,2710,22359,12.120398944496623,78.88606855576337,3.33676640659481,15.773857217102522,1012.6029206629688,228.0841406046076,565.4674602157846,-2.077464006467677,-1.507766565749696,-2.077464006467677,2.077464006467677,1.507766565749696,10.294117647058822,11.76470588235294,11.02941176470588,22.913205953687612,16.62977829870988
0501,Escuintla,Escuintla,Escuintla,Escuintla,54585.45543210968,32490.432528331796,276.3258101003136,4065,59012,6.888429471971802,59.5221424299401,0.8504836304021386,12.51137545323628,1571.1873511672766,277.59480938491146,925.9664483081466,-2.5147432992963785,-1.195354622170809,-2.5147432992963785,2.5147432992963785,1.195354622170809,5.588235294117648,9.117647058823529,7.352941176470589,18.490759553649845,8.789372221844184
1701,Petén,Flores,Petén,Flores,386258.0000002338,22370.76970452147,2031.797884928081,2417,14621,16.531017030298884,5.791665079948617,9.082378084279433,10.80427733119745,632.7231552919933,150.85208944118935,437.5282167342068,-1.5081641556959773,-1.395817549894374,-1.5081641556959773,1.5081641556959773,1.395817549894374,16.76470588235294,7.647058823529412,12.205882352941176,18.408474253347958,17.03718480018133
1804,Izabal,Morales,Izabal,Morales,132572.11194056715,88990.62587234814,1101.11007962962,11916,35324,33.73343902162836,67.12620367113345,1.237332661542462,13.390174395551286,880.2766433628985,157.6859387489477,785.6657364153336,-0.5358936848205984,-2.593951127083044,-0.5358936848205984,0.5358936848205984,2.593951127083044,40.294117647058826,10.294117647058822,25.294117647058826,13.55495791016808,65.61170497915936
0906,Quetzaltenango,Cabricán,Quetzaltenango,Cabricán,8369.485003812415,1482.0614671042842,1315.4481830005752,191,2980,6.409395973154362,17.70791711113868,88.75800445515628,12.887454686557911,529.2194643073838,109.12562566683222,409.94567495682935,-1.2339420209124452,-0.9772099871937237,-1.2339420209124452,1.2339420209124452,0.9772099871937237,4.705882352941177,9.705882352941178,7.2058823529411775,8.891641033045563,7.041660201837128
1802,Izabal,Livingston,Izabal,Livingston,234865.53165909453,101058.807659434,4191.70496673695,9560,21142,45.218049380380286,43.02836901845608,4.147787871061081,9.459838505335423,1696.8682721905354,250.51176402965345,1621.094905140444,-0.2018523211234504,-1.4319013635482314,-0.2018523211234504,0.2018523211234504,1.4319013635482314,64.11764705882354,6.176470588235294,35.14705882352941,7.09451540419186,50.32712145412167
1703,Petén,San Benito,Petén,San Benito,54413.00000028268,25737.4045400732,3090.305781061843,1463,16510,8.861296184130829,47.30010207108502,12.007060681857915,5.684333856283393,930.8253484658908,183.27453263731115,751.2377436721945,-0.8405812910597178,-1.0928972914789217,-0.8405812910597178,0.8405812910597178,1.0928972914789217,8.235294117647058,2.3529411764705883,5.294117647058823,4.450136246786741,5.78592683724135
1801,Izabal,Puerto Barrios,Izabal,Puerto Barrios,119754.95696763192,71056.69946138568,1876.82304488859,4927,40128,12.278209728867624,59.33507995046193,2.6413034367132564,6.933899318919925,1125.0695268227496,228.702909938302,1077.1364821756451,-0.2976035506632966,-2.283167252926409,-0.2976035506632966,0.2976035506632966,2.283167252926409,11.176470588235295,2.6470588235294117,6.911764705882353,2.056965717819844,15.78071483640312
